label_raw,current_role,n,handles
venue,venue,6762,1379
photography,photographer,2868,777
planner,planner,2799,671
catering,catering,2787,407
photographer,photographer,2515,789
dj,dj,2401,629
planning,planner,2381,539
hair,hair,2345,784
rentals,rentals,2147,348
photo,photographer,2008,663
cake,cake,2006,442
florals,florist,2006,639
makeup,makeup,1934,582
dress,attire,1809,492
floral,florist,1517,376
florist,florist,1468,477
at @,venue,1296,626
entertainment,dj,1254,315
video,videographer,1204,349
band,band,1088,211
linens,rentals,806,50
hair & makeup,hair,779,248
transportation,transportation,769,150
videography,videographer,730,209
decor,rentals,713,191
beauty,beauty_other,697,227
videographer,videographer,654,251
lighting,other,620,81
bride,other,573,386
stationery,stationery,534,153
couple,other,524,361
content creator,content_creator,495,135
caterer,catering,460,160
music,musician,445,164
photos,photographer,427,146
photo booth,photobooth,416,116
#hashtag,venue,373,71
coordinator,planner,371,181
suit,attire,361,91
models,other,349,199
photobooth,photobooth,348,106
gown,attire,344,134
hotel,hotel,338,112
hair and makeup,hair,333,140
design,other,332,70
hmu,beauty_other,331,153
sp couple,other,316,152
flowers,florist,309,133
stationary,stationery,306,113
linen,rentals,293,19
wedding planner,planner,289,129
hmua,beauty_other,287,123
venue management & bar,venue,286,1
mua,beauty_other,276,160
coordination,planner,257,118
planning & design,planner,255,111
wedding dress,attire,253,114
groom,other,247,160
invitations,stationery,243,86
officiant,officiant,228,76
dessert,cake,225,108
jewelry,jeweler,214,89
tux,attire,209,58
reception,venue,209,127
hair + makeup,hair,207,78
floral design,florist,202,80
content,videographer,201,74
rings,jeweler,195,100
shoes,attire,184,54
content creation,videographer,184,67
glam,other,169,75
planning and design,planner,162,48
desserts,cake,155,85
tent,other,153,28
paper goods,stationery,152,53
photo credit,photographer,152,63
production,other,145,31
hair stylist,hair,143,70
at @ (secondary/stay),other,143,101
model,other,140,82
ceremony,venue,139,78
photography by,photographer,129,55
venue & catering,venue,123,55
floral & decor,florist,122,52
florals & decor,florist,122,36
alcohol,other,120,6
make up,other,118,58
bakery,cake,118,53
beauty team,beauty_other,117,47
makeup artist,makeup,116,67
host,other,116,38
bar,other,116,48
location,other,115,69
gowns,attire,115,50
menswear,attire,112,35
bridal attire,attire,111,31
tabletop,other,102,14
cover photo,photographer,101,65
dresses,attire,100,44
bridal gown,attire,99,51
chairs,hair,98,21
second photographer,photographer,98,55
suits,attire,97,36
attire,attire,97,45
accommodations,other,97,48
reception venue,venue,95,67
hair & makeup by yours truly,hair,93,1
styling,other,93,22
live painter,other,89,34
bridesmaids dresses,attire,87,27
photos by,photographer,87,67
photo team,photographer,87,40
church,venue,85,34
event planner,planner,83,48
draping,other,82,33
photo & video,photographer,82,44
bridesmaid dresses,attire,81,19
veil,other,78,37
floral + decor,florist,78,19
transport,transportation,78,22
planners,planner,77,30
film,videographer,76,28
valet,other,76,11
jeweler,jeweler,75,42
photo + video,photographer,75,28
stylist,other,75,31
dress designer,attire,75,43
dresser,attire,75,9
ceremony music,musician,72,33
cinematography,other,72,27
signage,other,72,42
hair & make up,hair,71,27
groom attire,attire,71,22
design + floral,florist,70,15
muse,other,68,34
tableware,other,68,15
henna,other,67,24
hair + beauty,hair,67,12
hosts,other,64,22
planning + design,planner,64,31
violinist,other,63,30
bridesmaids,other,63,16
sweets,other,62,33
photographers,photographer,61,44
make,other,60,42
accessories,other,59,22
photo by,photographer,59,27
live music,musician,59,32
rental,rentals,58,19
cinema,other,58,19
wedding cake,cake,58,21
ceremony venue,venue,57,33
groom’s attire,attire,57,26
second shooter,other,55,35
wedding coordinator,planner,53,36
hair by,hair,52,33
ceremony musicians,musician,52,14
cinematographer,other,52,15
day of coordinator,planner,51,31
calligraphy,other,51,24
wedding gown,attire,51,28
invitation,stationery,51,23
trolley,other,49,10
late night snack,other,49,27
venues,venue,48,42
rehearsal dinner,catering,48,27
glam for,other,47,17
musicians,musician,45,30
strings,musician,45,22
dance floor,other,45,20
wedding dresser,attire,44,12
photo and video,photographer,44,8
av,other,44,9
getting ready,other,42,26
bridal boutique,attire,42,22
spray tan,other,42,16
hotels,hotel,42,26
tabletop rentals,rentals,42,14
drapery,other,41,18
food,catering,41,27
vintage car,other,41,13
mariachi,other,40,12
featured on,other,39,3
day of coordination,planner,39,23
h&mu,other,39,23
hamu,other,39,19
furniture,other,39,15
groom’s tux,attire,38,20
makeup by,makeup,38,30
bride’s dress,attire,38,20
cake + sweets,cake,37,16
lighting & draping,other,37,12
pc,other,37,18
dress shop,attire,37,22
event design,other,37,18
paper,stationery,37,22
venue + catering,venue,37,26
floral & design,florist,37,19
planning & coordination,planner,36,15
tables,other,36,7
venue partners,other,36,3
live band,band,36,20
specialty rentals,rentals,36,16
bride’s attire,attire,36,27
the team that captured it all,other,35,7
bridal hair,hair,35,18
lighting & production,other,35,4
stationer,other,35,21
beauty + hair,hair,35,10
bride’s shoes,attire,35,22
staff,other,34,1
bridal shop,attire,34,23
bride’s gown,attire,34,23
alterations,attire,34,14
harpist,other,34,19
founder,other,34,3
wedding venue,venue,33,22
designer,other,33,23
bride & groom,other,33,27
nails,other,33,23
assistant,other,33,11
second dress,attire,33,16
outfit,attire,33,31
video by,videographer,33,12
day,other,33,23
muah,beauty_other,32,24
decor & floral,florist,32,14
design & decor,rentals,32,14
bride and groom,other,32,12
creative direction,other,32,13
coffee cart,other,31,14
invites,other,31,19
reception dress,attire,31,21
tenting,other,30,8
makeup & hair,hair,30,23
baker,other,29,20
floral and decor,florist,29,17
event,other,29,13
cookies,other,28,13
saxophonist,musician,28,15
late night snacks + desserts,cake,28,7
sotwi speakers,other,28,7
candles,other,28,6
ceremony & reception venue,venue,27,14
contentday,videographer,27,3
thegatheringloftevents,jeweler,27,1
ice sculpture,other,27,7
dance lessons,other,27,8
artists,other,26,25
cake & desserts,cake,26,16
ice cream cart,other,26,9
cakes,cake,26,14
second shot for,other,26,20
after party dj,dj,25,8
speakers,other,25,18
content creators,content_creator,25,7
getting ready location,other,25,15
violin,other,25,11
lighting and drapery,other,24,4
event designer,other,24,9
planning by,planner,24,18
earrings,jeweler,24,13
ceremony dress,attire,24,12
groom’s suit,attire,24,13
bridesmaids’ dresses,attire,24,12
executive production team,other,24,3
sg planner,planner,24,10
wedding planning,planner,24,14
photography & videography,photographer,23,11
wardrobe styling,other,23,4
boat,other,23,14
liquor,other,23,3
backdrop,other,23,6
makeup by yours truly,makeup,22,4
catering & bar,catering,22,8
paper products,stationery,22,8
bridal styling,attire,22,4
print details,other,22,2
grazing table,other,22,4
guys attire,attire,22,5
mc,other,22,17
brides dress designer + shop,attire,22,14
bride attire,attire,21,12
furniture rentals,rentals,21,8
workshop,other,21,7
guest transport,transportation,21,4
event planning,planner,21,13
ballerina,other,21,3
studio,other,21,8
bridal makeup,makeup,21,12
bridal gowns,attire,21,10
bridal dress,attire,21,12
makeup + hair,hair,21,8
grooms attire,attire,21,12
tuxedo,attire,21,14
social content,videographer,21,4
lead photographer,photographer,20,15
planning and production,planner,20,7
calligrapher,other,20,5
hair & mua,hair,20,19
bts photo,photographer,20,5
dog nanny,other,20,3
wedding bands,band,20,13
favors,other,20,14
ice cream,other,20,12
florals & design,florist,20,14
event coordinator,planner,20,12
celebrant,other,19,7
invitation suite,attire,19,13
decor & design,rentals,19,10
ketubah,other,19,8
wedding rings,jeweler,19,7
linens & rentals,rentals,19,6
publication,other,19,6
tan,other,19,11
champagne tower,other,19,4
hair & make,hair,19,15
rehearsal dinner venue,other,19,6
styling & planning,planner,19,3
late night,other,19,10
getting ready hotel,hotel,18,12
event rentals,rentals,18,7
bartending,other,18,13
rentals and set design,rentals,18,2
welcome party,other,18,10
ice luge,other,18,6
saxophone,musician,18,11
sax,musician,18,12
live wedding painter,other,18,9
performers,other,18,15
local partners,other,18,3
instagram,other,18,13
printables,other,18,7
cuisine,other,18,2
ring,jeweler,18,12
musical entertainment,dj,18,11
tuxes,attire,18,14
live artist,other,18,12
cigars,other,17,3
decor and design,rentals,17,8
bouquet,other,17,12
wedding dress designer,attire,17,10
dress store,attire,17,11
rentals & linen,rentals,17,5
brides people attire,attire,17,9
rentals & decor,rentals,17,13
hair by me,hair,17,3
event host,other,17,7
printed items,other,17,5
decor rentals,rentals,17,6
stationery & signage,stationery,17,6
second,other,16,10
floral bar,florist,16,1
makeup by me,makeup,16,4
coffee,other,16,10
mobile bar,other,16,6
getting ready venue,other,16,8
wp,other,16,10
photog,photographer,16,14
print goods,other,16,3
hair & makeup by me,hair,16,3
the bride,other,16,9
table top rentals,rentals,16,6
string quartet,jeweler,16,12
hair + mua,hair,16,10
furniture rental,rentals,16,7
live musicians,musician,16,8
bride’s hair,hair,16,10
second look,other,16,6
other vendors,other,16,12
artist,other,16,14
invitations & stationery,stationery,16,4
outfits,attire,15,9
filmmaker,videographer,15,7
bride’s makeup,makeup,15,9
engagement ring,jeweler,15,9
wedding content creator,content_creator,15,5
hair and make,hair,15,8
entertainment by,dj,15,6
live painting,other,15,10
cigar roller,other,15,7
bridal wear,attire,15,4
bridal,attire,15,10
balloons,other,15,8
bride’s dress & veil,attire,15,9
experiences,other,15,5
after party,other,15,13
ceremony & reception,venue,15,13
glass placemats,other,15,1
photo assistant,photographer,15,10
decor & florals,florist,15,8
boutique,other,15,6
mocktails,other,15,8
grooms,other,14,10
planning and decor,planner,14,4
floral designer,florist,14,10
gloves,other,14,4
the groom,other,14,8
dhol,other,14,9
floral team,florist,14,6
decorators,rentals,14,7
mehndi,other,14,7
lounge,other,14,6
menus,other,14,6
live entertainment,dj,14,6
bts content,videographer,14,7
assistant design collaboration,other,14,1
food truck,catering,14,9
dj entertainment,dj,14,2
musician,musician,14,9
sound,other,14,8
for,other,14,6
partners,other,14,14
design & floral,florist,14,10
bridesmaid attire,attire,13,8
wedding gowns,attire,13,6
cocktail sponsors,other,13,4
hairstylist,hair,13,10
blush,other,13,9
florals + decor,florist,13,9
reception band,band,13,8
signage & stationery,stationery,13,4
assistant photographer,photographer,13,7
lighting and draping,other,13,7
ss,other,13,9
film dev,videographer,13,4
chargers,other,13,5
ceremony strings,musician,13,6
caterers,catering,13,8
bridesmaids hair,hair,13,5
design & planning,planner,13,7
editorial for,other,13,1
linens & chargers,rentals,13,3
cocktail music,musician,13,5
full planning,planner,13,5
reception entertainment,dj,13,8
brides,other,13,9
h&m,other,13,10
wedding photography,photographer,13,4
second shooters,other,12,5
arch,other,12,2
dj & photo booth,photobooth,12,8
harp,other,12,5
beverage,other,12,5
design and decor,rentals,12,6
accomodations,other,12,10
logistics,other,12,5
the decor,rentals,12,6
planning and concept design,planner,12,1
bridal details,attire,12,2
floral and design,florist,12,7
seating chart,other,12,9
henna artist,other,12,8
choir,other,12,3
bts,other,12,7
mariachi band,band,12,7
lighting + draping,other,12,4
cake and desserts,cake,12,8
graphic design,other,12,4
bride’s hair & makeup,hair,12,11
prep hotel,hotel,12,7
lighting + sound,other,12,3
client,other,12,10
bride’s jewelry,jeweler,12,11
decor styling,rentals,12,2
hotel sponsors,hotel,12,2
photo lead,photographer,12,1
groom tux & accessories,attire,12,6
gelato,other,12,10
hair stylists,hair,12,7
bride makeup,makeup,12,5
sangeet entertainment,dj,12,3
portrait location,other,12,5
diamonds,other,11,4
hair and makeup by,hair,11,6
bts photographer,photographer,11,2
reception music,musician,11,10
vendor team,other,11,11
a/v,other,11,6
glam on,other,11,7
printing,other,11,5
specialty linens,rentals,11,3
planning team,planner,11,6
lighting & decor,rentals,11,4
bridal mehndi,attire,11,2
venue & caterer,venue,11,5
bridal accessories,attire,11,5
custom signage,other,11,4
welcome sign,other,11,6
photography and videography,photographer,11,7
venue and catering,venue,11,9
bridal salon,attire,11,5
bridal gown & accessories,attire,11,6
bm dresses,attire,11,7
table designers,other,11,11
videographers,videographer,11,7
on,other,11,7
tablescape,other,11,3
wedding attire,attire,11,7
cover photo by,photographer,11,8
gromswear,other,11,7
cake & sweets,cake,11,6
bridal shoes,attire,11,8
chair,hair,11,2
participating venues,venue,11,11
guest transportation,transportation,11,4
bar rental,rentals,10,3
late night snacks,other,10,10
planner & designer,planner,10,5
tailor,other,10,4
bride’s dresses,attire,10,6
fashion,other,10,10
chargers & flatware,other,10,1
chuppah fabric,other,10,1
sangeet venue,other,10,5
sax player,musician,10,5
quartet,other,10,4
full service planning & design,planner,10,3
bridesmaids dress,attire,10,4
with,other,10,10
lighting + production,other,10,2
lips,other,10,6
floral artist & design,florist,10,1
wedding band,band,10,4
afterparty dj,dj,10,7
weather concierge,other,10,1
groom and groomsmen attire,attire,10,6
locations,other,10,9
wedding jewelry,jeweler,10,5
concept + planning,planner,10,2
marquee letters,other,10,9
stage,other,10,5
dog wedding attendant,other,10,1
chairs & lounge,hair,10,2
venue + bar,venue,10,5
flower design,florist,10,4
kippot,other,10,1
newlyweds,other,10,4
decor by,rentals,10,6
panel,other,10,5
planning & conceptual design,planner,10,1
planning & catering,planner,10,1
participating companies,other,10,10
the video,videographer,10,2
camera,other,9,2
limo,transportation,9,6
music by,musician,9,7
boba,other,9,4
bridal wardrobe,attire,9,5
wedding stationary,stationery,9,7
parish,venue,9,1
accommodation,other,9,6
wine,other,9,6
make up & hair,hair,9,4
huge thanks to our amazing sponsors,other,9,9
foundation,other,9,6
concept,other,9,4
lip,other,9,7
fireworks,other,9,6
pianist,other,9,3
mehendi,other,9,3
flowers design,florist,9,4
rentals and linens,rentals,9,3
singer,other,9,5
napkins,other,9,3
escort card illustrations,other,9,1
shot by,other,9,9
drone,other,9,6
custom veil,other,9,1
film lab,videographer,9,7
cupcakes,cake,9,5
design and flowers,florist,9,3
cocktails,other,9,5
signage & custom work,other,9,3
brides dress,attire,9,8
bride dress,attire,9,7
tuscany romance,other,9,9
hair by yours truly,hair,9,3
l drone,other,9,2
planning & decor,planner,9,4
happy anniversary drew and rachel,other,9,9
morning dress,attire,9,1
private home dress,attire,9,9
watercolor artists,other,9,1
hair makeup,hair,9,2
lead photographer and host,photographer,9,1
decorator,rentals,9,8
groom’s ring,jeweler,9,6
makeup and hair,hair,9,7
captured by,other,9,7
event decor,rentals,9,4
planning & design and host,planner,9,1
guest book,other,9,3
groom’s shoes,attire,9,6
shot for,other,9,9
p&v,other,9,3
staffing,other,9,3
custom t,other,9,3
dog service,other,8,3
clothing,other,8,8
photo & video team for,photographer,8,1
bridal party makeup,makeup,8,3
event coordination,planner,8,7
grooms people attire,attire,8,4
hair styling,hair,8,7
painter,other,8,7
loved this vendor team so much,other,8,8
tunes,other,8,7
watercolor portraits,other,8,2
lighting + av,other,8,1
lounge furniture,other,8,3
hair and makeup by me,hair,8,2
wedding party attire,attire,8,5
bride + groom,other,8,7
bride hair,hair,8,5
catering & cake,cake,8,7
modern luxury weddings spring,jeweler,8,8
partner,other,8,1
planner & concept,planner,8,2
event producer,other,8,2
associate photographer,photographer,8,4
linens + chargers,rentals,8,1
bridsemaid attire,attire,8,2
cotton candy,other,8,3
weather reports,other,8,1
planning + management,planner,8,1
transportation & valet,transportation,8,2
catering + late night food,catering,8,4
bridal outfit,attire,8,5
host property,other,8,5
cake artist,cake,8,4
coordinators,planner,8,4
guest couple,other,8,6
dress boutique,attire,8,7
mensware,other,8,6
pov,other,8,8
vendors,other,8,6
bridal store,attire,8,6
ceremony entertainment,dj,8,4
specialty bartenders,other,8,1
dance floor wrap,other,8,6
men’s attire,attire,8,4
lighting & drapery,other,8,5
bride’s ceremony gown,attire,8,6
flat lay styling,other,8,2
the venue,venue,8,5
chef,other,8,5
champagne dress,attire,8,1
event designer & florist,florist,8,1
bridal hair & makeup,hair,8,4
reception catering,catering,8,5
croquembouche,other,8,1
groom wedding day look,other,8,2
hair + makeup by me,hair,8,3
valet + coatcheck,other,8,1
custom coat,other,8,1
dj + photobooth,photobooth,8,6
tablescapes,other,8,3
party dresses,attire,8,2
confetti,other,8,1
logistics concierge,other,8,1
donuts,other,8,5
styling mats,other,8,1
hair&makeup,hair,8,8
magician,other,8,7
florists,florist,8,6
dj & lighting,dj,8,5
repost from,other,8,7
decor + floral,florist,8,4
speaker hair,hair,8,1
charcuterie,other,8,5
pet attendant,other,7,3
draping & lighting,other,7,2
model couple,other,7,5
lights,other,7,3
venue & food,venue,7,6
groom’s outfit,attire,7,4
ceremony aisle,other,7,1
suiting,attire,7,3
chair rentals,hair,7,3
mu,other,7,4
muah main couple,beauty_other,7,3
floral & event design,florist,7,3
makeup artists,makeup,7,7
press,other,7,5
make up artist,other,7,7
drinks,catering,7,7
hair stylist & makeup artist,hair,7,3
jewels,jeweler,7,2
brides attire,attire,7,4
custom linens,rentals,7,1
floral + design,florist,7,6
treatment,other,7,5
catering & floral,florist,7,1
dinner,catering,7,6
first dance choreography,other,7,2
reception dj,dj,7,5
ladies getting ready venue,other,7,1
sponsors,other,7,7
planning + coordination,planner,7,6
string trio,jeweler,7,6
linen rentals,rentals,7,2
custom ring,jeweler,7,1
design & florals,florist,7,3
bridal bouquet,attire,7,5
cocktail hour food,catering,7,3
planning & florals,planner,7,4
floral design & production,florist,7,1
dancers,other,7,4
bridal stylist,attire,7,4
shuttle,other,7,5
cocktail napkins,other,7,3
gown designer,attire,7,3
photo location,photographer,7,5
gerber scarpelli photography,photographer,7,1
second for,other,7,6
hair and make up,hair,7,6
wedding day linens,rentals,7,1
wedding shoes,attire,7,4
stationery & event branding,stationery,7,2
formal wear,other,7,5
floral sponsor,florist,7,1
yacht,other,7,3
rehearsal venue,venue,7,5
lighting design,other,7,6
sangeet catering,catering,7,1
glam squad,other,7,5
workshop host,other,7,2
workshop hosts,other,7,3
team,other,7,7
technical + lighting,other,7,4
grooms outfit,attire,7,2
fashion styling,other,7,3
groomsmen attire,attire,7,4
hair & makeup by,hair,7,5
sotei speakers,other,7,7
ceremony curator,other,7,1
some weddings take your breath away,other,7,7
guest book phone,other,7,1
grooms tux,attire,7,3
the photo,photographer,7,1
grooms suit designer + shop,attire,7,4
wedding dress shop,attire,7,4
the mehndi,other,7,3
the makeup,makeup,7,3
grooms suit,attire,7,5
illustrator,other,7,4
mixologist,other,7,2
restrooms,other,7,4
flower wall,florist,6,3
rehearsal entertainment,dj,6,2
entertainers,other,6,1
dress and veil,attire,6,3
the la via team,other,6,6
brides ceremony dress,attire,6,2
wardrobe stylist,other,6,3
brands,other,6,3
tables + chairs,hair,6,3
flowers and floral design,florist,6,1
dj & entertainment,dj,6,2
second shooting,other,6,5
car,other,6,6
graphic,other,6,1
groom tux,attire,6,5
photographer and videographer,photographer,6,2
custom decor,rentals,6,3
photo director,photographer,6,1
event designer and florist,florist,6,1
bar service,other,6,4
portraits,other,6,3
sketch artist,other,6,2
printed goods,other,6,5
skin,other,6,2
skin prep,other,6,6
make up artists,other,6,2
design planning + concept,planner,6,2
photographer & videographer,photographer,6,4
dress alterations,attire,6,4
limelight,other,6,1
the newlyweds,other,6,2
dj & photobooth,photobooth,6,4
boots,other,6,1
rentals and design,rentals,6,2
glassware,other,6,4
event illustrator,other,6,1
saturday second dress,attire,6,2
floral & lighting,florist,6,2
day of stationary,stationery,6,4
featuring spring,jeweler,6,6
day of stationery,stationery,6,5
revel decor,rentals,6,1
party hair,hair,6,6
saturday dress,attire,6,2
welcome event,other,6,1
bts video,videographer,6,3
social,other,6,2
entertainment reception,dj,6,4
supplies,other,6,2
bridal party hmu,beauty_other,6,4
bar services,other,6,3
modern luxury weddings fall,other,6,4
cartering,jeweler,6,2
tableware rentals,rentals,6,1
flowers by,florist,6,5
hannah’s makeup,makeup,6,2
booze,other,6,2
muah guests,beauty_other,6,1
cellist,other,6,5
groomsmen’s tuxes,attire,6,3
late,other,6,3
vintage rentals,rentals,6,2
late night snack & desserts,cake,6,6
chair rental,hair,6,2
custom calligraphy takeaway,other,6,3
bride’s tan,other,6,1
decadence,other,6,6
lighting & fabric,other,6,1
ple assistants,other,6,3
heena,other,6,2
groom suit,attire,6,4
podium,other,6,2
stage + dancefloor,other,6,1
on the blog today,other,6,6
on the brides,other,6,6
wedding,other,6,5
media,other,6,3
host photographer,photographer,6,2
wedding linens,rentals,6,2
rehearsal dinner linens,catering,6,1
bridal alterations,attire,6,3
hotel block,hotel,6,3
planning + florals,planner,6,3
decor and floral,florist,6,5
cake bakery,cake,6,1
wedding coordination,planner,6,5
rehearsal dinner dueling pianos,catering,6,1
cps strings convening,musician,6,6
floral + event design,florist,6,4
the content,videographer,6,3
floral co,florist,6,2
loc,other,6,6
tabletop rental,rentals,6,1
bar & catering,catering,6,1
groomsmen,other,6,2
bridal beauty,beauty_other,6,2
bridal party glam + hair,hair,6,3
hair artist,hair,6,6
planning & production,planner,6,4
photo assist,photographer,6,3
hair & makeup artists,hair,6,4
featured couple,other,6,2
sharmi + krishn mutli,other,6,6
hair and mua,hair,6,5
rehearsal dinner dress,attire,6,2
dress designers,attire,6,2
guinness foam bar,other,6,1
editing,other,6,3
cocktail hour live music,musician,6,2
bride and groom instagram,other,6,2
dress by,attire,6,6
design and planning,planner,6,2
tabletop rentals & chairs,hair,6,2
bartending service,other,6,2
lighting + tech,other,6,3
wedding stylist,other,6,3
nikkahnama,other,6,5
dancefloor,other,6,6
the henna,other,6,3
styled by,other,6,6
disc jockey,other,6,1
florals by,florist,6,6
published on,other,6,4
jewellery,jeweler,6,2
lovers,other,6,4
the signage,other,6,4
groom's attire,attire,5,5
rehearsal dinner rentals,catering,5,1
beer,other,5,3
gown & veil,attire,5,5
sponsored by,other,5,5
wedding dress attire,attire,5,1
rentals & linens,rentals,5,4
chefs,other,5,5
good times with,other,5,5
after party entertainment,dj,5,3
bands,band,5,5
concealer,other,5,4
speaker,other,5,3
revel space,other,5,1
ring + band,band,5,1
wedding day rentals,rentals,5,1
ring boxes,jeweler,5,1
chicago wedding videographer,videographer,5,1
flowers and decor,florist,5,4
follow,other,5,4
bridal suite,attire,5,2
cold sparklers,other,5,2
social media director,other,5,2
social media creator,other,5,2
sob,other,5,1
wedding day pet care,other,5,1
afterparty,other,5,3
getaway car,other,5,2
second photog,photographer,5,4
signage + paper goods,stationery,5,3
second suit,attire,5,1
shot on,other,5,3
fun fact,other,5,5
wedding dance lessons,other,5,3
brides gown,attire,5,5
linens and rentals,rentals,5,2
wedding consultant,other,5,3
hosted by,other,5,5
who,other,5,5
live illustrator,other,5,3
dholi,other,5,4
live sketch artist,other,5,2
custom event app,other,5,1
horses,other,5,1
horse,other,5,3
brides dress designer,attire,5,3
bob,other,5,1
waitstaff,other,5,2
magic,other,5,5
main photographer,photographer,5,2
dj & production,dj,5,1
dj & sax,dj,5,3
bridesmaids dress designer,attire,5,3
custom bars,other,5,1
welcome party venue,other,5,4
djs,dj,5,5
video director,videographer,5,1
dog attendant,other,5,1
dog chaperone,other,5,1
dog sitter,other,5,2
vibe with,other,5,5
welcome drinks,catering,5,3
venue saturday,venue,5,2
venue management,venue,5,2
drapery & lighting,other,5,1
credit,other,5,5
mob,other,5,1
creative director,other,5,5
bouquets,other,5,4
mog,other,5,1
bride's shoes,attire,5,4
vendor liaison,other,5,1
hairstylists,hair,5,5
dressers,attire,5,3
bride’s rings,jeweler,5,3
wedding tux attire,attire,5,1
additional wardrobe,other,5,2
tuxedos,attire,5,4
drinks sponsor,catering,5,2
invitations and paperie,stationery,5,4
next stop,other,5,5
backdrop decor,rentals,5,1
troupe,other,5,1
dance choreography,other,5,3
editor,other,5,5
dance instructor,other,5,3
bridal apparel,attire,5,1
transpo,other,5,5
cps band convening,band,5,5
hair color,hair,5,4
a little goose is about to be loose,other,5,5
engagement rings,jeweler,5,2
hair and makeup in the opening flyer,hair,5,5
paper artist,stationery,5,2
paper details,stationery,5,2
this month,other,5,5
party bus,other,5,5
cd,other,5,3
pastry + cake,cake,5,1
equipment rentals,rentals,5,1
escort cards,other,5,5
performances by,other,5,5
ceremony & dinner music,musician,5,1
personal flowers,florist,5,3
brides wedding dress,attire,5,2
ceremony + reception,other,5,3
late night food,catering,5,5
ceremony + reception venue,venue,5,5
guitarist,other,5,5
bts videographer,videographer,5,3
photographed by,photographer,5,3
wedding planners,planner,5,5
custom painting,other,5,2
ceremony catering,catering,5,2
balloon art,other,5,1
events,other,5,5
text communication,other,5,1
photography & portrait lounge,photographer,5,1
lead photography,photographer,5,2
fashion & event illustrator,other,5,1
ceremony musician,musician,5,5
piano,other,5,3
pic,other,5,1
pie,other,5,5
pies,other,5,2
wedding party transportation,transportation,5,2
grooms’ attire,attire,5,4
place cards,other,5,3
deserts,other,5,1
planner + caterer,planner,5,1
planner + designer,planner,5,1
tabletops and rentals,rentals,5,4
by,other,5,5
tablescape rentals,rentals,5,4
groom’s tuxedo,attire,5,2
table setting rentals,rentals,5,2
table draping,other,5,1
design & production,other,5,4
plantscapes,other,5,1
supporting photographers,photographer,5,3
invitations & signage,stationery,5,4
pre,other,5,5
custom linens and placemats,rentals,5,1
print,other,5,2
bride's accessories,other,5,3
groom details,other,5,1
content by,videographer,5,4
floral + lighting,florist,5,1
bartender,other,5,4
string musicians,musician,5,3
steaming,other,5,1
graphic designer,other,5,5
floral design + decor,florist,5,3
stationery designer,stationery,5,4
stationery design,stationery,5,4
gown salon,attire,5,1
bridal party hair,hair,5,1
beverages,other,5,3
staging,other,5,2
grooms suit designer,attire,4,2
bridal henna,attire,4,4
bride’s gown & veil,attire,4,4
event planning & design,planner,4,4
planner & catering,planner,4,2
event planning & decor,planner,4,2
tailoring,jeweler,4,2
photograper,photographer,4,2
guestbook,other,4,3
wedding planning & design,planner,4,1
the dessert,cake,4,2
planner & florals,planner,4,2
planner & florist,planner,4,3
the drapery & the platform,other,4,1
event designers,other,4,2
photo assists,photographer,4,4
chuppah,other,4,2
ryan’s wedding attire,attire,4,4
late night dress,attire,4,2
photo + content,photographer,4,1
the mua,beauty_other,4,2
bridal fashion,attire,4,2
art director,other,4,4
planner and creative director,planner,4,2
hair & makeup artist,hair,4,4
late night bites,other,4,3
planner and florist,planner,4,3
espresso station,other,4,1
ceremony & cocktail music,musician,4,2
escort wall,other,4,2
ice cream truck,other,4,4
ceramics,other,4,2
film labs,videographer,4,2
alongside some of our favs,other,4,4
hair & makeup direction,hair,4,4
wedding planning and design,planner,4,2
bride’s ceremony dress,attire,4,4
ceremony violin,other,4,1
pastry chef,other,4,1
after,other,4,2
hair + make up,hair,4,3
entertainment production,dj,4,1
party guest phone,other,4,1
working on behalf of,other,4,2
wedding reception venue,venue,4,1
party dress,attire,4,3
hair + mu,hair,4,2
papergoods,stationery,4,4
paper products & calligrapher,stationery,4,1
entertainment + photo booth,photobooth,4,2
entertainment + dj,dj,4,2
hair and makeup artist,hair,4,4
entertainment & lighting,dj,4,3
lashes,other,4,3
paebaek ceremony,other,4,1
tablecloth,other,4,1
engraver,other,4,2
tie,other,4,1
groom’s wedding band,band,4,3
appetizers,other,4,1
planning & floral,planner,4,2
catering saturday,catering,4,1
our one and only couple,other,4,4
catering by,catering,4,3
cover photo credits,photographer,4,4
our beautiful bride,other,4,4
emcee,other,4,4
today’s post goes out to the one,other,4,4
bridal suit,attire,4,1
embroidery,other,4,2
organizers,other,4,2
glasshouse,other,4,1
bridal attire from,attire,4,1
onsite support,other,4,1
bagpiper,other,4,3
you’re o,other,4,4
sounds by,other,4,4
bride’s outfit,attire,4,2
hair for,hair,4,2
catering & rentals,catering,4,2
travel agency,other,4,1
bag,other,4,3
non,other,4,1
catering & coordination,planner,4,3
illustrations,other,4,2
decor + lighting,rentals,4,2
first look,other,4,3
tux rentals,attire,4,2
bride’s reception gown,attire,4,3
um filme produzido por,videographer,4,1
wedding makeup,makeup,4,2
kindred team hmua,beauty_other,4,2
how to enter,other,4,4
hairpiece,hair,4,2
music & entertainment,dj,4,2
first two images,other,4,4
hairstyle,hair,4,3
back,other,4,3
band + dj,band,4,3
valet and transportation,transportation,4,2
reception decor,rentals,4,3
by our team here at,other,4,2
muah artist,beauty_other,4,1
mua & hair,hair,4,4
please note,other,4,4
plus,other,4,4
bride’s second look,other,4,2
dress salon,attire,4,1
vemana’s tuxedo and shoes,attire,4,1
dress pictured,attire,4,2
creative direction & photographer,photographer,4,1
decor & seating chart,rentals,4,1
decor & rentals,rentals,4,2
carpet,other,4,2
caricature artist,other,4,3
stationary and signage,stationery,4,2
bouquet & signage,other,4,2
cards,other,4,1
drapes,other,4,2
additional videography,videographer,4,4
flatlay styling,other,4,1
crest & toile design,other,4,2
portraits gown,attire,4,1
drag queens,other,4,3
crew,other,4,4
venus,other,4,1
post,other,4,4
dog handler,other,4,1
custom signs,other,4,2
available at,other,4,1
video & content,videographer,4,1
welcome hh,other,4,1
documentary video,videographer,4,1
media team,other,4,4
sp bride,other,4,4
pr & marketing support,other,4,1
art de la table,other,4,3
chicago makeup artist,makeup,4,4
doc,other,4,4
assistant planner,planner,4,1
video team,videographer,4,4
welcome party floral,florist,4,2
bridal morning look,attire,4,1
mastermind dinner catering,catering,4,1
heels,other,4,4
cannoli,other,4,3
amazing vendors,other,4,4
maracas,other,4,1
manicurist,other,4,2
dj and photobooth,photobooth,4,3
makeup vendor,makeup,4,1
dj and photo booth,photobooth,4,3
retreat host,other,4,2
dj + sax,dj,4,4
custom dance floor,other,4,3
stylist guests,other,4,2
dj + mc,dj,4,2
hmr designs,other,4,1
day of signage,other,4,2
audio visual,other,4,2
make up and hair,hair,4,2
primary photographer,photographer,4,3
hmu by,beauty_other,4,2
retreat,other,4,3
day of paper,stationery,4,1
main couple,other,4,3
special entertainment,dj,4,1
custom tux,attire,4,4
magicians,other,4,2
magazine,other,4,3
lighting & sound,other,4,3
macedonian & greek band,band,4,2
wardrobe,other,4,2
printed materials,other,4,2
jewelry designer,jeweler,4,1
lunch catering,catering,4,1
boats,other,4,1
dishes,other,4,2
jewelry & rings,jeweler,4,2
watercolor & invitations,stationery,4,1
we got ready at,other,4,1
design + decor,rentals,4,2
lounge and bar,other,4,1
audio guestbook,other,4,2
bridesmaid dress,attire,4,4
huma,other,4,2
audio guest book,other,4,2
livestream,other,4,2
cake design,cake,4,3
custom fabrication,other,4,3
florist & lighting,florist,4,3
florist & decor,florist,4,4
invitations & paper products,stationery,4,1
cake by,cake,4,4
website design,other,4,1
host venue,venue,4,2
live engraving,other,4,2
wedding film,videographer,4,1
live calligrapher,other,4,1
details,other,4,4
dessert truck,cake,4,1
wedding cake + sweets,cake,4,2
brides reception dress,attire,4,1
dessert table,cake,4,3
audio book for guests,other,4,1
lion dance,other,4,3
linens windy city linens,rentals,4,1
lighting frost lighting,other,4,1
cake + desserts,cake,4,4
blog,other,4,1
linens & chairs,hair,4,3
property,other,4,4
furniture & rentals,rentals,4,2
prosecco cart,other,4,1
stage & lighting,other,4,1
after party location,other,4,1
gala portrait experience,other,4,1
ps,other,4,4
setting spray,other,4,3
games,other,4,3
reception venue & bar,venue,4,2
florals and decor,florist,4,3
cocktail dinner attire,attire,4,4
from waves to vows to a star,other,4,4
security,other,4,1
bar rentals,rentals,4,2
bridal party hair & make up,hair,4,1
signage & paper goods,stationery,4,1
reception painter,other,4,1
dancefloor & lighting production,other,4,1
conent,other,4,2
lighting and av,other,4,1
words,other,4,4
second photography,photographer,4,1
bistro lighting,other,4,1
floral erin mcdonald co,florist,4,1
second line band,band,4,2
fan,other,4,1
farm tables,other,4,1
coordination & content creation,planner,4,2
taxi boat,other,4,1
wedding day entertainment,dj,4,1
sketch artists,other,4,2
lead videographer,videographer,4,3
bride’s dress on katherine,attire,4,2
fashion illustrator,other,4,3
wedding photo,photographer,4,1
business support,other,4,1
ceremony harpist,other,4,1
eyes,other,4,3
grwm,other,4,3
grammy,other,4,4
coffee bar,other,4,3
groomsmen suits,attire,4,1
bride’s dress on kyra,attire,4,2
photography averyhouse,photographer,4,1
ceremony pillar decor,rentals,4,1
photography + videography,photographer,4,4
gifting,other,4,4
ceremony draping,other,4,1
churro cart,other,4,1
giveaway closed,other,4,4
featured,other,4,2
bridal gown designer,attire,4,3
tents,other,4,1
featured in order of appearance,other,4,4
ceremony ship,other,4,1
snacks,other,4,3
assisted by,other,4,1
food vendors,catering,4,2
photographs by,photographer,4,4
placecards,other,4,1
additional footage courtesy of,other,4,4
lehenga,other,4,2
photographer + videographer,photographer,4,1
social media,other,4,4
planing & design,other,4,3
live sax,musician,3,1
bridesmaids attire,attire,3,3
invitations + printed items,stationery,3,1
bridesmaids gowns,attire,3,3
bridesmaids makeup,makeup,3,3
dance troup,other,3,1
dance troupe,other,3,1
dancefloor & ceremony staging,other,3,1
bridesmaids' dresses,attire,3,3
bridgeportartistcommunity,other,3,1
joel hall dancers & center,other,3,1
bronzer,other,3,3
brows,other,3,2
decor & production,rentals,3,3
khmer dress,attire,3,1
decor + florals,florist,3,1
kulfi,other,3,1
kunafa,other,3,1
decor and car build,rentals,3,3
atrium,other,3,1
attire & jewelry,attire,3,2
decoration,rentals,3,2
late night outfit,attire,3,1
budtender,other,3,1
decore,rentals,3,2
deeply rooted dance theater,other,3,1
additional photography,photographer,3,2
letterpress,other,3,1
lighting & drape,other,3,2
cafe lighting + chandeliers,other,3,1
cake & cookies,cake,3,2
lighting production and dj,dj,3,1
lights & dj,dj,3,1
design assistant,other,3,1
design concept & planning,planner,3,1
design decor,rentals,3,3
cake & macarons,cake,3,2
linen and rentals,rentals,3,3
designer and lead planner,planner,3,1
linen partner,rentals,3,1
audio,other,3,2
linens & furniture,rentals,3,1
linens & place settings,rentals,3,2
linens + rentals,rentals,3,3
details of the joinery,other,3,3
developed by,other,3,2
live fashion illustrator,other,3,2
live musician,musician,3,3
live saxophone,musician,3,1
blush models,other,3,3
loafers,other,3,1
cake letters,cake,3,1
logistics & transportation,transportation,3,1
director at large,other,3,3
boat cruise rental,rentals,3,1
disco balls,other,3,2
boat rental,rentals,3,2
dj & av,dj,3,3
dj & band,band,3,2
call your crew,other,3,3
luxury wedding network,other,3,1
dj & lights,dj,3,1
calligraphy + paper works,stationery,3,1
dj & mc,dj,3,2
boba bar,other,3,2
dj + lighting,dj,3,1
makeup & party hair,hair,3,1
makeup and hair stylist,hair,3,1
makeup bridal makeup by aga,makeup,3,1
makeup by me for,makeup,3,1
candle lighting,other,3,1
dj equipment rentals & sound,dj,3,1
marquee extension for lunch,other,3,1
djs & vibe curators,dj,3,3
cannolis,other,3,3
may,other,3,3
booked through,other,3,2
dog,other,3,2
booth,other,3,1
mehndi decor,rentals,3,2
don’t forget to visit our friends,other,3,3
men’s stylist,other,3,1
men’s wear,other,3,1
doughnuts,other,3,2
drape,other,3,2
car rental,rentals,3,3
drapery + lighting,other,3,2
carasco,other,3,1
mixology,other,3,1
caricature drawings,other,3,1
draping + rentals,rentals,3,1
carpet and drape,other,3,1
cart rental,rentals,3,1
case in point,other,3,3
move me soul,other,3,1
muntu dance theatre,other,3,1
dresses for guests,attire,3,2
dressing,attire,3,1
cater,catering,3,2
dressing location,attire,3,3
najwa dance corps,other,3,1
alex’s ring,jeweler,3,1
drummers,other,3,1
catering & beverage,catering,3,2
edited by,other,3,3
backline,other,3,1
a behind,other,3,3
officiant + dj,dj,3,1
on site stationery,stationery,3,1
elevated rentals,rentals,3,3
online platform support,other,3,1
email,other,3,2
organization,other,3,2
other dessert,cake,3,1
catering and venue,venue,3,2
catering friday,catering,3,1
paebaek,other,3,1
caviar,other,3,3
painted trays,other,3,1
parking attendant,other,3,1
partial planning,planner,3,1
bridal dress designer,attire,3,3
party favors,other,3,1
party lights,other,3,1
arch designer,other,3,1
center stage + dance floor,other,3,1
bridal dresser,attire,3,1
performances,other,3,1
ceremony & reception location,other,3,3
pet care,other,3,2
phone booth,other,3,2
photo & film,photographer,3,1
event decorations,rentals,3,3
photo cred,photographer,3,3
photo credits,photographer,3,2
event for,other,3,2
event hosts,other,3,3
photo+video,photographer,3,1
photobooth & audio guestbook,photobooth,3,1
photobooth & content creator,photobooth,3,1
event photographer,photographer,3,3
photobooth rental,photobooth,3,1
photograph,photographer,3,3
event planners,planner,3,3
event planning & coordination,planner,3,1
photographed for,photographer,3,3
event planning + design,planner,3,2
event signage,other,3,2
event space,other,3,3
balloon arch,other,3,1
event support,other,3,3
photography assistant,photographer,3,2
ceremony florals,florist,3,2
photos & video,photographer,3,3
ceremony location,venue,3,3
family hair & makeup,hair,3,1
ceremony music & band,band,3,1
photos shot by my amazing friends,photographer,3,3
fashion + attire,attire,3,3
ceremony photographer,photographer,3,1
ceremony photos,photographer,3,1
piaggio,other,3,1
feature,other,3,3
featured photographers,photographer,3,3
bridal hairstylist,hair,3,2
bridal hmua,beauty_other,3,3
planner and officiant,planner,3,1
film developing,videographer,3,1
ceremony venue holy name cathedral,venue,3,1
film photo,photographer,3,3
bridal jewelry,attire,3,3
planner megan estrada,planner,3,1
fine rentals,rentals,3,1
chaat wala,other,3,1
chai,other,3,1
planning and creative direction,planner,3,3
planning and floral design,planner,3,2
planning by one and only,planner,3,3
band + cocktail musicians,band,3,1
chai cart,other,3,3
plates,other,3,2
portrait station,other,3,2
flawless skin,other,3,1
floor drapery,other,3,1
pr,other,3,1
chalkboard artist,other,3,1
champagne,other,3,3
presented by yazz events,other,3,3
bridal mua,beauty_other,3,1
floral & draping,florist,3,2
presets,other,3,1
floral & installation,florist,3,1
floral + catering,florist,3,2
prints,other,3,1
floral + concept,florist,3,1
private chef,other,3,2
privileged to spend saturday w,other,3,3
pro tip,other,3,3
production assistant,other,3,3
floral and lighting,florist,3,1
champagne wall,other,3,2
production support,other,3,1
programs,other,3,2
floral by,florist,3,1
bridal party attire,attire,3,1
publisher,other,3,3
band and dj,band,3,3
charcuterie styling,other,3,1
floral preservation,florist,3,3
rebecca & kathryn styling,other,3,1
bridal party by,attire,3,3
floral+ design,florist,3,1
reception location,venue,3,3
florals & planning,planner,3,3
florals + design,florist,3,3
reception venue hilton chicago,venue,3,1
reel,other,3,2
florals and design,florist,3,2
rehearsal dinner catering,catering,3,1
rehearsal transportation,transportation,3,1
rental + linens,rentals,3,3
florist + design,florist,3,1
after party dress,attire,3,2
rentals & tablescapes,rentals,3,3
rentals & tent,rentals,3,2
rentals + linens,rentals,3,2
rentals and custom designs,rentals,3,1
bridal prep,attire,3,1
restroom rental,rentals,3,1
flower software,florist,3,1
flowers & decor,florist,3,2
flowers and design,florist,3,3
rogersparkflorist,florist,3,1
choreographer,other,3,3
sari,other,3,1
saturday second shoes,attire,3,1
saturday shoes,attire,3,1
forward momentum chicago,other,3,1
freelance floral assistance,florist,3,1
bridalwear,attire,3,1
friday dress,attire,3,1
classic car,other,3,2
friday shoes,attire,3,1
second shooting for,other,3,2
bride & bridal party makeup by,makeup,3,3
service staff,other,3,1
session & gala dinner staging,catering,3,1
artists’ gowns,attire,3,1
furniture & linens,rentals,3,2
furniture and linens,rentals,3,1
gaffer,other,3,2
cocktail hour music,musician,3,3
gelato cart,other,3,3
getaway suv,other,3,3
coffee & tea,other,3,1
getting ready gown,attire,3,1
getting ready robe,other,3,1
social media content creator,content_creator,3,1
social media curator,other,3,1
soft play,other,3,1
bar sign,other,3,2
soloist,other,3,1
sound & av,other,3,3
sound & lighting,other,3,1
glasshouse a,other,3,1
sounds,other,3,3
artists’ mua,beauty_other,3,1
baraat car,other,3,2
sparklers and dancing in clouds,other,3,1
baraat horse,other,3,2
artists’ styling,other,3,1
community orchestra convening,other,3,3
special thanks to,other,3,3
specialty furniture,other,3,3
concierge meteorologist,other,3,1
gown + suit,attire,3,3
alpaca,other,3,1
ssp couple,other,3,3
staff travel & rental cars,rentals,3,1
stage & mandap,other,3,1
staging + lighting,other,3,1
barber,other,3,3
stationary & signage,stationery,3,3
barber services,other,3,1
stationery + signage,stationery,3,3
stay well,other,3,3
congratulations,other,3,3
store,other,3,1
contact us,other,3,3
string duo,jeweler,3,1
strings + band,band,3,1
content by me for,videographer,3,1
groom and groomsmen,other,3,1
styling by,other,3,2
bride’s accessories,other,3,3
styling mat,other,3,1
groom outfit,attire,3,1
bartenders,other,3,2
suit shirt,attire,3,1
suite,attire,3,3
groom’s attire kimono,attire,3,3
sweet treat,other,3,1
sweets station,other,3,1
swimwear,other,3,1
sydney’s hair,hair,3,1
sydney’s makeup,makeup,3,1
table,other,3,3
table decor,rentals,3,3
table numbers,other,3,3
tarot,other,3,1
tattoo artist,other,3,2
groomsmen’s suits,attire,3,1
teamwork,other,3,3
tent & accessories,other,3,1
tent & rentals,rentals,3,2
text service,other,3,1
guest illustrations,other,3,1
bbj,other,3,1
also on deck,other,3,3
that’s a wrap for the ann arbor,other,3,3
thc bar,other,3,1
the bridal makeup,makeup,3,1
the bridal outfit,attire,3,1
the cake,cake,3,1
the coordinators,planner,3,1
the couple,other,3,3
guided hike,other,3,1
the dinner,catering,3,1
the era footwork collective,other,3,1
guitar,other,3,2
the garlands,other,3,1
the hair,hair,3,1
the joinery,other,3,2
the outfit,attire,3,1
the shoes,attire,3,2
the sold,other,3,3
cover credits,other,3,3
hair and makeup bianca,hair,3,1
tiktok,other,3,1
transporation,other,3,2
transport of materials and goods,transportation,3,1
trevor harris,other,3,1
hair juan jose herrera,hair,3,1
beautiful couple,other,3,3
hair stylist & make,hair,3,3
update,other,3,3
uplighting,other,3,2
valet & coat check,other,3,1
van,other,3,1
veil & hair accessories,hair,3,1
creative coordinator,planner,3,1
vendor highlight of the week,other,3,3
handkerchiefs,other,3,2
creator,other,3,1
hannah’s hair,hair,3,1
venue + floral,venue,3,1
venue and planning,venue,3,3
venue design,venue,3,1
venue friday marriott marquis,venue,3,1
alyssa + mikey,other,3,3
venue name,venue,3,2
bride’s veil,other,3,2
video & content creation,videographer,3,3
head table vases,other,3,1
curated by,other,3,2
curated by chef,other,3,1
videobooth,videographer,3,1
videography by,videographer,3,3
her wedding ring,jeweler,3,1
assistants,other,3,3
vintage porsche,other,3,1
his wedding ring,jeweler,3,1
violins,other,3,3
custom details,other,3,3
hospitality,other,3,3
we partnered with,other,3,3
we were proud to host scratching,other,3,3
custom fabrication & design,other,3,1
host planner & designer,planner,3,1
host videographer,videographer,3,1
hotel + venue,venue,3,2
hotel blocks,hotel,3,3
custom gown,attire,3,2
wedding design & planning,planner,3,1
wedding designer,other,3,2
brides hair,hair,3,3
brides makeup,makeup,3,3
wedding dress boutique,attire,3,1
wedding dress ceremony and reception,attire,3,1
custom installations,other,3,1
wedding earrings,jeweler,3,1
i love doing an amuse,other,3,3
wedding invitations,stationery,3,2
wedding photography & videography,photographer,3,2
custom menswear,attire,3,1
wedding stationery,stationery,3,2
wedding storefront,other,3,1
custom ring design,jeweler,3,1
immersions,other,3,1
welcome party catering,catering,3,1
welcome sign art,other,3,2
where,other,3,3
wholesale flowers,florist,3,1
wholesalers,other,3,3
customized veil,other,3,1
bridesmaid hair,hair,3,2
wlww,other,3,1
cutting cake,cake,3,1
workshop education team,other,3,3
invitation designer,stationery,3,2
youtube,other,3,1
zaffa,other,3,1
bridesmaid’s dresses,attire,3,2
invitations & day,stationery,3,3
invites + day of stationery,stationery,2,1
behind,other,2,2
staci & jake,other,2,2
rehearsal hair & makeup,hair,2,1
lighting & tech,other,2,1
rehearsal dinner shoes,attire,2,1
registration sponsor,other,2,1
cheese wheel cake,cake,2,1
brides shoes,attire,2,2
band l beatrix chicago,band,2,2
reception venue name,venue,2,2
stage rental,rentals,2,1
cheers to,other,2,2
lighting & staging,other,2,1
cheeks,other,2,2
florals & production,florist,2,2
stars,other,2,2
start the morning with beat,other,2,2
florals & lighting,florist,2,1
wedding host,other,2,1
florals & candles,florist,2,1
confections,other,2,2
design + art production,other,2,2
conference,other,2,1
stationary + signage,stationery,2,2
reception dinner catering,catering,2,1
stationary designer,stationery,2,1
invites & menus,other,2,1
reception chairs,hair,2,2
floral wholesaler,florist,2,2
floral supplier,florist,2,1
floral purses,florist,2,2
floral production,florist,2,2
charger plates,other,2,1
congrats,other,2,2
rabbi,other,2,2
quartet and band,band,2,1
lighting & rentals,rentals,2,2
graphic design & print items,other,2,1
stationery and paperie,stationery,2,1
charcuterie board,other,2,1
pup chaperone,other,2,1
congrats again,other,2,2
graphic design & signage,other,2,1
publicity,other,2,1
lighting & photo booth,photobooth,2,2
stds,other,2,2
graphic display and fabrication,other,2,1
chandeliers,other,2,1
steel drums,other,2,2
congrats to,other,2,2
graphics,other,2,2
beverage service,other,2,1
congratulations to our favorite city,other,2,2
chandelier rental,rentals,2,1
proud mom,other,2,2
bride second look shoes,attire,2,1
as seen on,other,2,1
green wall,other,2,1
bride side photographer,photographer,2,1
lighting & dance floor,other,2,2
story & narration,other,2,2
lighting & a v,other,2,1
ice cream bar,other,2,2
floral desgin,florist,2,2
contact us at info,other,2,2
props,other,2,1
band and cocktail music,band,2,2
bride social media,other,2,2
floral collaborator,florist,2,1
wedding painter,other,2,1
ashley & robert's grand dame by,other,2,2
programs director,other,2,1
strings trio,musician,2,2
grip,other,2,2
structure & flooring,jeweler,2,1
floral assistants,florist,2,2
floral and production,florist,2,1
floral and designs,florist,2,2
floral and decor design,florist,2,2
production + custom video projection,videographer,2,2
studio space,other,2,1
studio this is,other,2,2
lightening,other,2,1
design & florist,florist,2,1
production & lighting,other,2,1
production & event design,other,2,2
groom car,other,2,1
production & av,other,2,2
bride wedding shoes,attire,2,1
producer,other,2,2
styled shoot for,other,2,2
produced by,other,2,2
groom hair,hair,2,1
printed material,other,2,1
styling & rentals,rentals,2,1
content creater,videographer,2,2
print materials,other,2,1
bridal nikkah outfit,attire,2,2
beverage partner,other,2,1
styling concept,other,2,1
lens,other,2,2
wedding party shuttle,other,2,1
floral & production,florist,2,2
floral & plants,florist,2,1
stylist & set designer,other,2,1
stylist assistant,other,2,1
president,other,2,1
stylists,other,2,2
such a wonderful weekend capturing,jeweler,2,2
flora,florist,2,2
led wall & production,other,2,2
but that’s how today ended,other,2,2
suit attire,attire,2,2
groom side photographer,photographer,2,1
suit designer,attire,2,2
suit father,attire,2,1
suit groom,attire,2,1
suit guests,attire,2,1
groom social media,other,2,2
learn more at,other,2,2
prep,other,2,2
ice sculptures,other,2,1
bridal mini dress,attire,2,1
chairs + bars,hair,2,1
suitwear,attire,2,2
flatware rentals,rentals,2,1
post ceremony venue,venue,2,1
content creations,videographer,2,2
posing coach,other,2,1
groom wedding tuxedo,attire,2,1
flatware,other,2,2
portraits location,other,2,2
chairs & linens,hair,2,1
groom’s & groomsmen’s tuxes,attire,2,2
chairs & chargers,hair,2,1
poolside jersey boys show,other,2,2
icecream,other,2,2
swag bag partners,other,2,2
groom’s dinner jacket,catering,2,1
groom’s formalwear,other,2,1
polaroid,other,2,1
leah’s dress,attire,2,2
groom’s reception jacket,other,2,1
sweetheart cake,cake,2,1
podium and place cards,other,2,1
podcast,other,2,1
sweets & food details,catering,2,1
sweets & late night food,catering,2,2
plateware,other,2,2
bridal makeup & hair by me,hair,2,2
invite suite,attire,2,1
first photo,photographer,2,2
iconic wedding reception decor by,rentals,2,2
sydney’s attire,attire,2,1
agency,other,2,2
invite,other,2,2
planning design,planner,2,1
custom menus,other,2,1
planning and styling,planner,2,2
first dress,attire,2,2
planning and coordination,planner,2,2
lead photo,photographer,2,2
groom’s tie,other,2,1
planning and concept,planner,2,2
groom's tux,attire,2,2
first dance natalia,other,2,1
table linens,rentals,2,2
planning + florlas,planner,2,2
wedding planner carolyn flueckiger,planner,2,1
table rentals,rentals,2,2
groom’s tux & shoes,attire,2,1
first dance,other,2,2
table settings,other,2,1
planning + creative direction,planner,2,1
groom’s watch,other,2,2
planning & signage,planner,2,1
filmmakers,videographer,2,2
planning & design + paper florals,planner,2,1
planning & creative design,planner,2,1
tables & chairs,hair,2,2
planning & coordinator,planner,2,2
grooming,other,2,2
filmed by,videographer,2,1
planner&concept,planner,2,1
certifications,other,2,2
tablescape stylist,other,2,1
a weekend celebrating the love of,other,2,2
ceremony violinist,other,2,2
planner michelle durpetti,planner,2,1
tabletop & linens,rentals,2,1
planner linda alpert,planner,2,2
planner l lk events,planner,2,2
film photography,photographer,2,2
ceremony venue & reception venue,venue,2,2
planner and designer,planner,2,1
planner and design,planner,2,1
tabletop vintage rentals,rentals,2,1
film developed and scanned by,videographer,2,1
planner allana amira,planner,2,1
bridal jewellery,attire,2,1
planner & photo booth,photobooth,2,1
fell behind on sharing some blog,jeweler,2,2
planner & couple,planner,2,2
planner & coordinator,planner,2,1
bridal headpiece,attire,2,2
ceremony singer,other,2,1
place settings,other,2,1
bride’s ceremony dress & veil,attire,2,2
pizzica band,band,2,1
featured in,other,2,2
balloons and flowers,florist,2,1
lauren’s dress,attire,2,2
tarot card reader,other,2,1
pictured with more pinups,other,2,2
coordinador,other,2,1
pictured,other,2,2
wedding planner suzy sparacio,planner,2,1
pics,other,2,1
bride’s ceremony gown alyne,attire,2,2
photos taken for,photographer,2,2
groomsmen tux designer,attire,2,2
bride's dress,attire,2,2
ceremony music + dj,dj,2,2
family vehicle,other,2,1
laura,other,2,1
tea for two,other,2,2
photos from,photographer,2,2
team hair & makeup,hair,2,1
bev,other,2,2
tech + lighting,other,2,2
family beauty,beauty_other,2,2
fairlie's all,other,2,2
face,other,2,2
fabrics installations,other,2,1
bride’s dress designer,attire,2,2
ceremony hmua,beauty_other,2,2
temple,other,2,1
ceremony guitarist,other,2,1
late night sax,musician,2,1
tent & lighting,other,2,2
late night dessert,cake,2,1
ceremony gown,attire,2,2
balloon design,other,2,2
guest accommodations,other,2,2
photography team,photographer,2,1
tent rentals,rentals,2,1
expect a multi,other,2,2
tenting & flooring,jeweler,2,1
arlen music,musician,2,2
bridal gown & welcome party dress,attire,2,1
wedding planning + design,planner,2,2
photography & drone images,photographer,2,1
photography & cinema,photographer,2,2
thank you,other,2,2
event stylist & planner,planner,2,1
ashley & sean,other,2,2
last weekend our co,other,2,2
ceremony band,band,2,2
event staffing,other,2,1
a feast for the senses,other,2,2
brides’ hair & makeup,hair,2,1
thank you to the following,other,2,2
decor design and florals,florist,2,1
event production,other,2,2
costume,other,2,1
brides’ shoes,attire,2,1
guest shuttles,other,2,1
event producers,other,2,2
last but not least from mexico,other,2,2
photographer & host,photographer,2,1
the amazing couple,other,2,2
a look back to earlier this month,other,2,2
ceremony and cocktail hour quartet,other,2,1
the bouquet,other,2,1
behind the scenes content by,videographer,2,1
decor concept,rentals,2,2
the bridal suite,attire,2,1
photog credit and videos,photographer,2,2
the buonavolantos,other,2,2
decor and lighting,rentals,2,2
event photography,photographer,2,2
the competition,other,2,2
ceremony and cocktail entertainment,dj,2,2
bts content creation,videographer,2,1
invitation & day of paper,stationery,2,1
guests,other,2,2
belle isle fountain,other,2,1
event manager,other,2,2
event management & planning,planner,2,1
event linens & rentals,rentals,2,1
kristin’s dress,attire,2,2
the dj,dj,2,1
event feature,other,2,2
the dress,attire,2,2
illustration,other,2,1
the excitement is building for emily,other,2,2
the first,other,2,2
korean tea ceremony,other,2,1
all photos developed and scanned by,photographer,2,2
bride’s gowns,attire,2,2
kirby’s dresses,attire,2,2
gushers table,other,2,1
photo design & florals,photographer,2,1
kids play area,other,2,1
photo credit + creative,photographer,2,1
photo by yours truly,photographer,2,1
the henna artist,other,2,1
ceremony + decor florals,florist,2,1
h & m,other,2,2
the jewelry,jeweler,2,1
decor & fresh florals,florist,2,1
bridal glam,attire,2,1
photo backdrop,photographer,2,1
photo assistants,photographer,2,2
photo and film,photographer,2,2
photo and cinema team,photographer,2,1
photo + cover image,photographer,2,2
photo & cover,photographer,2,1
couple's handles,other,2,2
architectural boat tour,other,2,1
bridal florals,florist,2,2
couples portraits,other,2,1
the nikkahnama,other,2,1
ily,other,2,2
phonebox audio guestbook,other,2,1
evening venue,venue,2,1
the photos,photographer,2,2
petcare,other,2,1
the planner,planner,2,1
evening gown,attire,2,1
evening catering,catering,2,1
the ring tray,jeweler,2,1
invitation calligraphy,stationery,2,2
bridal entrance song,attire,2,2
decor & drapery,rentals,2,1
pet attendants,other,2,1
personal florals,florist,2,1
permanent jewelry,jeweler,2,1
espresso,other,2,2
the tuxes,attire,2,2
performer,other,2,2
bridal dresses,attire,2,2
escort cards + table numbers,other,2,1
pedestal rentals,rentals,2,2
pearl bar,other,2,1
the welcome sign,other,2,1
equipment,other,2,1
assessoria por,other,2,2
bride’s hair lauren hughes,hair,2,1
immediate past president,other,2,2
celebrating one year ago today,other,2,2
these two were one of my first,other,2,2
party vibezzzz,other,2,2
hair + make,hair,2,1
third photographer,photographer,2,1
entertainment violinist + dj,dj,2,2
party makeup,makeup,2,2
hair + makeup by,hair,2,1
party guest photo,photographer,2,1
hair + makeup stylist,hair,2,2
park,other,2,2
parents,other,2,2
entertainment cocktail hour,dj,2,1
bride’s headpiece,other,2,2
entertainment bko,dj,2,1
paperie,stationery,2,2
bakery & desserts,cake,2,2
this week is crazy for our family,other,2,2
paper good,stationery,2,1
entertainment & photobooth,photobooth,2,1
entertainment & dance lessons,dj,2,1
invitations+ stationery,stationery,2,1
entertainer,other,2,2
enjoy a candle,other,2,2
a very special sunday donation,other,2,2
engagement session location,other,2,2
over a year in the making,other,2,2
ties,other,2,1
in,other,2,2
bride’s look,other,2,2
engagement ring & bands,band,2,1
our supper club swing,other,2,2
apparel,other,2,2
our bride and groom,other,2,2
to allison & will,other,2,2
hair andmakeup,hair,2,1
our beautiful couple,other,2,2
our amazing couple,other,2,2
other desserts,cake,2,1
other bridal wear,attire,2,1
tonight,other,2,2
catering and rentals,catering,2,2
bride’s makeup joanna bastermajian,makeup,2,1
top,other,2,2
altier,other,2,1
cover shoot for,other,2,1
email us to schedule a tour,other,2,1
catering + venue,venue,2,2
one,other,2,2
elegant weddings & events,other,2,2
okay but actually,other,2,2
kegways,other,2,1
aerialist,other,2,2
brunch catering,catering,2,1
catering + coordination,planner,2,1
bridal assistant,attire,2,1
transportation and valet,transportation,2,1
educator,other,2,1
travel,other,2,2
nuage designs,other,2,1
bridal accessoires,attire,2,1
cream blush,other,2,2
nonprofit,other,2,1
trees,other,2,1
decor & bridal makeup,makeup,2,2
trio,other,2,2
nikkah photographer,photographer,2,2
trolley and shuttles,other,2,1
karaoke dj,dj,2,1
catering & bev,catering,2,2
catering & bar service,catering,2,1
a picture,other,2,2
duo,other,2,1
hair sandra,hair,2,1
caterering,catering,2,2
next,other,2,2
drum,other,2,1
new italian,other,2,2
tux & shoes,attire,2,1
brass band,band,2,2
necklace,other,2,2
drone photo,photographer,2,1
napkins & linens,rentals,2,1
drinks pony,catering,2,1
kanafeh,other,2,1
hair stylist & make up artist,hair,2,1
brandon’s wedding attire,attire,2,2
two,other,2,2
bride’s reception dress allure,attire,2,2
hair stylist and makeup artist,hair,2,1
nail tech,other,2,2
branding,other,2,1
caterer & dessert,cake,2,1
ube desserts,cake,2,1
catere & reception siter,catering,2,1
music entertainment + photobooth,photobooth,2,1
hair+ makeup,hair,2,1
hair+makeup,hair,2,2
hair+mua,hair,2,2
dressing & reception,attire,2,2
amaaazing planner,planner,2,2
welcome party band,band,2,1
haircut,hair,2,1
music & photo booth,photobooth,2,1
back end business support,other,2,2
invitation design,stationery,2,1
mus,other,2,2
multi,other,2,2
muah artist main couple,beauty_other,2,2
creative concept by,other,2,2
welcome party favors,other,2,1
muah artist guest couples,beauty_other,2,1
vases,other,2,1
mua+hair,hair,2,1
junior producers,other,2,2
mua and hair,hair,2,1
veil by,other,2,1
beautiful photos by,photographer,2,2
veils,other,2,2
braids by,other,2,1
mother of the bride dress,attire,2,1
custom suit,attire,2,2
dress rentals,attire,2,1
morning venue,venue,2,1
associate studio photographer,photographer,2,1
baarat car,other,2,1
more newlywed news this week,other,2,2
more italy for your feed today,other,2,2
moravian stars,other,2,1
b+g,other,2,2
month of coordinator,planner,2,1
welcome party venue & catering,other,2,1
venue & bar,venue,2,2
venue & cake,venue,2,2
monogram handkerchief,other,2,1
dress & bridal accessories,attire,2,2
venue & ceremony,venue,2,1
venue & coordination,venue,2,1
dress & alterations,attire,2,1
dress & accessories,attire,2,1
venue & floral,venue,2,2
models pdxmodelcouple,other,2,2
hannah & tyler,other,2,2
bride’s shoes on katherine,attire,2,1
venue & rentals,venue,2,1
creative team,other,2,2
b&g,other,2,2
day of stationery & signage,stationery,2,1
venue + caterer,venue,2,1
mob saree,other,2,1
welcome sign & seating chart,other,2,2
draping & florals,florist,2,1
mirror & day,other,2,1
invitations & printed items,stationery,2,1
venue + hotel,venue,2,1
mini cakes,cake,2,2
mikko’s best friend & handler,other,2,1
venue and coordinator,venue,2,2
bride’s shoes on kyra,attire,2,1
drape and dance floor,other,2,1
welcome venue,venue,2,1
drag performers,other,2,2
venue coordinator,venue,2,2
harpest,other,2,1
associate shot for,other,2,2
bristro lighting,other,2,1
drag performer,other,2,1
jewelers,jeweler,2,2
dplanning,planner,2,2
additional videographers,videographer,2,2
venue management + bar,venue,2,1
menu cards,other,2,1
inspo,other,2,2
boudoir,other,2,1
donut truck,other,2,1
mendhi,other,2,1
crown,other,2,1
donkeys,other,2,1
membership director,other,2,1
bride’s third look,other,2,1
dom’s suit,attire,2,1
cso artist,other,2,2
dom’s shoes,attire,2,1
captured by my team,other,2,2
vice president,other,2,1
what we're doing this weekend,other,2,2
mehndi bazaar cart,other,2,1
megan & david's stunner by,other,2,2
brilliantbeephotography,photographer,2,1
video + content,videographer,2,1
bride’s veil & shoes,attire,2,2
video and drone,videographer,2,1
cape,other,2,1
bride’s veil on kyra,other,2,1
bridesmaids’ gowns,attire,2,2
culled with my fave,other,2,1
documented by,other,2,2
media partner,other,2,2
headpiece,other,2,2
headshot by,other,2,1
you know we're not much for words,other,2,2
video from sponsor,videographer,2,1
amazing couple,other,2,2
video l poetic productions,videographer,2,1
video mapping,videographer,2,1
mdm lighting,other,2,1
booked for,other,2,1
darts & afterparty,other,2,1
booked by,other,2,2
bride’s wedding + engagement rings,jeweler,2,1
and the beautiful,other,2,2
bonus,other,2,2
dj services,dj,2,2
videography & content creation,videographer,2,1
dj or band,band,2,1
cannabis,other,2,1
candy wall,other,2,1
videography and photography,photographer,2,1
white podium,other,2,1
a summer september,other,2,2
henna & sari draping,other,2,1
videography poetic productions,videographer,2,1
videography poetic weddings,videographer,2,1
dj and videography,videographer,2,1
henna by,other,2,2
bride&groom,other,2,2
bridesmaids’ dresses bhldn,attire,2,1
videos shot by,videographer,2,2
vidography,other,2,1
dj and videographer,videographer,2,1
mandap,other,2,2
vintage china,other,2,1
vintage dishes,other,2,1
here is the problem,other,2,2
bride+groom,other,2,2
installations,other,2,1
bollywood dance,other,2,2
dance lesson,other,2,1
boka catering,catering,2,1
custom cape,other,2,1
dabke,other,2,2
alaga,other,2,2
dj + production,dj,2,1
makeup by bisi,makeup,2,1
violin and bubble greeters,other,2,1
violinest,other,2,1
makeup and hair assistant,hair,2,1
custom wedding veil,other,2,1
makeup and creative director,makeup,2,1
violonist,other,2,1
dj + live music,dj,2,2
makeup & post,makeup,2,1
dj & musicians,dj,2,1
main photo & video,photographer,2,2
dj & instrumentalists,dj,2,2
holiday shop,other,2,2
home catering,catering,2,1
bridesmaid gowns,attire,2,2
honeymoon,other,2,2
vow books,other,2,2
dj & good vibes,dj,2,1
ma,other,2,1
luxury car,other,2,1
luxury,other,2,2
caligraphy,other,2,2
boat transportation,transportation,2,1
dishware,other,2,1
cakes & sweets,cake,2,1
love,other,2,2
lounges,other,2,1
waters,other,2,1
hors d’oeuvres,other,2,1
lounge rentals,rentals,2,1
disco ball rentals,rentals,2,2
lola event productions,other,2,2
horse & carriage,other,2,1
lodging,other,2,1
jazz music,musician,2,1
invitations & printed goods,stationery,2,1
dinnerware,catering,2,2
we schedule hands,other,2,1
host & catering,catering,2,2
interactive entertainment,dj,2,1
dinner floral,florist,2,2
blush combo,other,2,2
interactive painting,other,2,1
host + photographer,photographer,2,1
wearing gifted,jeweler,2,2
live portrait painters,other,2,2
live painting by,other,2,2
live painters,other,2,1
live illustration,other,2,2
live guest illustrators,other,2,2
jared’s attire,attire,2,1
aisle carpet,other,2,1
live event illustrator,other,2,1
live entertainment & dj,dj,2,2
interior designers,other,2,2
wedding and welcome dinner dresses,attire,2,1
live engraver,other,2,1
custom fudge duo,other,2,1
developing + scanning,other,2,1
live band + ceremony musicians,band,2,1
live artists,other,2,2
cake and sweets,cake,2,2
desserts + cake,cake,2,2
listen closely,other,2,2
dessert tower signage,cake,2,2
dessert experience,cake,2,1
dance floor cover,other,2,2
dessert cart,cake,2,2
aisle,other,2,1
bridesmaids mua,beauty_other,2,2
linens sponsor,rentals,2,1
bridesmaid makeup,makeup,2,2
linens by,rentals,2,2
custom gown & mini,attire,2,1
linens and chargers,rentals,2,1
wedding coordinators,planner,2,2
hotel room blocks,hotel,2,1
wedding couple,other,2,2
linens + chairs,hair,2,2
cake + dessert,cake,2,2
linens & lighting,rentals,2,1
aire x pendry,other,2,1
auctioneer morris auctioneers,other,2,1
design production,other,2,2
limelight lead,other,2,1
lil pre,other,2,2
cake & desserts by,cake,2,2
furniture + rentals,rentals,2,2
shirts,other,2,1
shoes & accessories,attire,2,2
lightning,other,2,2
shoes and jewelry,attire,2,2
furniture & tablescape,other,2,1
shared via,other,2,1
cocktail hour caterer,catering,2,1
cocktail hour and beverage catering,catering,2,1
wedding day stationery,stationery,2,1
shoot stylist,other,2,1
cocktail hour harpist,other,2,1
shop,other,2,2
full planning & coordination,planner,2,2
bride and groom to be,other,2,2
full face of,other,2,2
invitations + menu cards,stationery,2,1
setting powder,other,2,2
cocktail hour musician,musician,2,2
cocktail catering,catering,2,2
serving,other,2,1
cocktail boat,other,2,1
design and production,other,2,1
cocktail and reception florals,florist,2,1
coat,other,2,2
seltzer,other,2,1
co,other,2,2
secretary,other,2,1
seconds,other,2,2
secondary photographer,photographer,2,1
bride hair and makeup,hair,2,2
secondary photo,photographer,2,1
sierra’s attire,attire,2,2
from specialty cocktails,other,2,2
bride & planning,planner,2,1
second shots for,other,2,2
signage & menus,other,2,2
from back,other,2,2
clean photo ready soft glam,photographer,2,2
bar crawl stop,other,2,2
signage + papergoods,stationery,2,1
second shooter & content creator,content_creator,2,1
second photographers,photographer,2,2
get ready,other,2,2
second photo,photographer,2,1
signs,other,2,2
signs and program,other,2,1
dancefloor & lighting,other,2,1
getting,other,2,2
city hall transformed with,other,2,2
wedding dinner catering,catering,2,1
introducing sip and savor,other,2,2
seating chart + place cards,other,2,1
seating,other,2,1
seamstress,other,2,2
four string soloists,jeweler,2,2
sitters,other,2,1
getting ready outfit,attire,2,1
italian cake,cake,2,1
six,other,2,2
cigar rolling,other,2,2
fotografia por,other,2,2
cigar rollers,other,2,2
saxophone player,musician,2,2
former mead composer,other,2,2
sleeves,other,2,1
slippers,other,2,1
save the dates,other,2,2
forever teary,other,2,2
gifting sponsor,other,2,2
smug mug,other,2,1
churros,other,2,2
saturday catering,catering,2,2
artist in residence,other,2,2
saree draper,other,2,1
sarabande,band,2,2
foodtrucks,catering,2,2
food trucks,catering,2,2
food for thought,catering,2,1
sand candles,other,2,1
social media chair,hair,2,2
social media content,videographer,2,2
birthday cake,cake,2,1
samantha & sterling,other,2,2
lighting installations,other,2,1
food and beverage,catering,2,2
sailing experience,other,2,2
socials,other,2,1
soft glam,other,2,2
it’s official,other,2,2
food + beverage,catering,2,1
soft seating & decor,rentals,2,1
food & drinks provided by,catering,2,1
wedding dress bridal shop,attire,2,1
wedding dress bridal store,attire,2,2
some highlights from our pop,other,2,2
coffee station,other,2,1
rsvp,other,2,2
roulette tables,other,2,1
song,other,2,2
rockwell on the river,other,2,1
china,other,2,1
children’s clothes,other,2,2
bridal spray tan,attire,2,1
roaming photo booth,photobooth,2,1
invitations & stationary,stationery,2,1
sound & entertainment,dj,2,2
sound & ligh,other,2,1
sound & light,other,2,1
lighting installation and design,other,2,1
lighting installation,other,2,1
roaming photo,photographer,2,1
zaffa & dabke,other,2,1
lighting and productions,other,2,1
wedding dress store,attire,2,1
article,other,2,2
source,other,2,2
rings & bands,band,2,2
rigging,other,2,1
glassware rentals,rentals,2,1
ride in style,other,2,1
lighting and production,other,2,1
chicago style weddings cover party,other,2,2
sparkling shoes,attire,2,1
wedding dresser caroline shaw,attire,2,1
design + planning,planner,2,2
flower garlands,florist,2,1
speaker beauty,beauty_other,2,1
flower cart,florist,2,1
artwork,other,2,2
banquet,other,2,1
special appearance,other,2,1
commercial work for,other,2,2
restaurant,other,2,2
go,other,2,1
belt,other,2,2
complimentary cocktails at,other,2,2
resident company,other,2,2
wedding entertainment,dj,2,2
special treats,other,2,2
rentals sponsor,rentals,2,1
bride outfit,attire,2,2
chicago bridal hair,hair,2,2
rentals and place settings,rentals,2,2
gorgeous,other,2,2
specialty dessert,cake,2,1
concept & planning,planner,2,1
lighting + grip,other,2,2
bridal party makeup by,makeup,2,1
rentals and decor,rentals,2,2
specialty mocktails,other,2,1
specialty rental,rentals,2,1
florist + lighting and drapery,florist,2,1
concert sponsored by,other,2,1
rentals & dance floor,rentals,2,1
spirits & wine,other,2,1
florist + decor,florist,2,1
florist & rentals,florist,2,1
auctioneer,other,2,2
spray by,other,2,2
florist & flower bar,florist,2,1
rental company,rentals,2,2
spray tans,other,2,2
wedding florals,florist,2,2
rental + design,rentals,2,2
wedding dance instructor,other,1,1
wedding day planning,planner,1,1
wedding day second shooter,other,1,1
wedding design and planning,planner,1,1
wedding dj,dj,1,1
wedding draping,other,1,1
wedding dress designers,attire,1,1
wedding dress purchased at,attire,1,1
wedding dresser creazioni imola,attire,1,1
wedding favors,other,1,1
wedding florals partner,florist,1,1
wedding gelato,other,1,1
wedding gown designer,attire,1,1
wedding invitation,stationery,1,1
wedding lighting,other,1,1
wedding logistics,other,1,1
wedding officiant,officiant,1,1
wedding party hair,hair,1,1
wedding party hair & makeup,hair,1,1
wedding party photos,photographer,1,1
wedding pastries,other,1,1
wedding photobooth,photobooth,1,1
wedding photographer,photographer,1,1
wedding photography and videography,photographer,1,1
wedding planner & bridal stylist,planner,1,1
wedding planner & designer,planner,1,1
wedding planner & florist,planner,1,1
wedding planner kelley,planner,1,1
wedding planning & event design,planner,1,1
wedding purse,other,1,1
wedding ring,jeweler,1,1
wedding rings & engagement,jeweler,1,1
wedding skirt,other,1,1
wedding suit,attire,1,1
wedding trolly,other,1,1
wedding venue and coordinator,venue,1,1
wedding videographer,videographer,1,1
wedding violinist,other,1,1
wedding week weather concierge,other,1,1
wedding with,other,1,1
wednesday w,other,1,1
welcome bags,other,1,1
welcome dress,attire,1,1
welcome gifts,other,1,1
welcome party and local wine,other,1,1
welcome party outfit,attire,1,1
well,other,1,1
wendella boats,other,1,1
westin chicago river north,other,1,1
what,other,1,1
when every detail works together,other,1,1
when our clients,other,1,1
white aisle carpet,other,1,1
white dress,attire,1,1
wholesale floral,florist,1,1
wiggleworms,other,1,1
windsor decor,rentals,1,1
wine & pairings,jeweler,1,1
wines,other,1,1
wines & spirits,other,1,1
with an ever,other,1,1
with special guest guitarist,other,1,1
with special thanks to tineke,other,1,1
with thanks to,other,1,1
worked with amazing music band,band,1,1
workshop & location,other,1,1
workshop photography,photographer,1,1
wow,other,1,1
wrapped up may in the best way,other,1,1
wrapping up all,other,1,1
written by trevor,other,1,1
yacht & riva,other,1,1
yard games,other,1,1
your pre,other,1,1
ysl clutch,other,1,1
za,other,1,1
zaffe,other,1,1
zoya’s nikkah outfit,attire,1,1
zoya’s outfit,attire,1,1
zoya’s shaadi outfit,attire,1,1
zoya’s valima outfit,attire,1,1
a beautiful setup at,other,1,1
a bridgerton,other,1,1
a classic romantic look,other,1,1
a cozy candle,other,1,1
a destination wedding,other,1,1
a dreamy glowy garden,other,1,1
a five,other,1,1
a home that expands your world,other,1,1
a la cart florals,florist,1,1
a little behind,other,1,1
a little over a year ago,other,1,1
a modern half,other,1,1
a moment for the details,other,1,1
a moment for the glam for,other,1,1
a moment for wood,other,1,1
a multi,other,1,1
a must,other,1,1
a new era of well,other,1,1
a not so hot take,other,1,1
a one,other,1,1
a portion of proceeds supports,other,1,1
a prefect moment at,other,1,1
a saxophonist pied,musician,1,1
a sincere thank you to our in,other,1,1
a stay at,other,1,1
a stunning room transformation,other,1,1
a taste of venteux,other,1,1
a wedding morning without the frenzy,other,1,1
a/v drape,other,1,1
aayush mohan sarod and vocals,other,1,1
absolutely flawless makeup by,makeup,1,1
accessories & jewelry,jeweler,1,1
acoustic musician for outside,musician,1,1
acrylic,other,1,1
acrylic table,other,1,1
activation station,other,1,1
activations,other,1,1
ad,other,1,1
additional linen rentals,rentals,1,1
additional overflow stay vendor,florist,1,1
additional rentals vendor,rentals,1,1
additional venue,venue,1,1
additional videographer,videographer,1,1
adler planetarium,other,1,1
adorable designs,other,1,1
adorned with florals by,florist,1,1
aerlialist,other,1,1
after a golf,other,1,1
after party balloons,other,1,1
after party bar,other,1,1
after party look,other,1,1
after the orchestra gave two well,other,1,1
afterparty entertainment,dj,1,1
again i love,other,1,1
aig,other,1,1
akshay’s attire,attire,1,1
ale’s attire,attire,1,1
ale’s hamu,other,1,1
alec's tuxedo,attire,1,1
alex & christian,other,1,1
alex dress,attire,1,1
alex ferreri photo,photographer,1,1
alexandra + mike as seen on,other,1,1
all crafted by,other,1,1
all of the wedding cakes,cake,1,1
all paper products,stationery,1,1
all photos by the amazing,photographer,1,1
all rings,jeweler,1,1
all the love and hugs today,other,1,1
all things thanksgiving,other,1,1
alliance bakery,cake,1,1
allison & james,other,1,1
allison + michael,other,1,1
allison’s dress,attire,1,1
already planning my next visit,planner,1,1
also my iconic second shooter,other,1,1
amazing food,catering,1,1
amazing hair by,hair,1,1
amazing set,other,1,1
amber + mike,other,1,1
an alien,other,1,1
an exclusive off,other,1,1
an intimate ceremony and reception,other,1,1
an intimate pre,other,1,1
and a special stop at,other,1,1
and gowns were provided by,attire,1,1
and hair and makeup by the talented,hair,1,1
and let’s be real,other,1,1
and my fav wedding coordinator,planner,1,1
and reception in,other,1,1
and what a dream she was,other,1,1
annie & arnie,other,1,1
annie’s dress,attire,1,1
another april wedding throwback,other,1,1
another fun throwback this week,other,1,1
another major throwback this week,other,1,1
another wedding at our favorite,other,1,1
anubrata chatterjee tabla,other,1,1
app & sweets table,other,1,1
april,other,1,1
architect,other,1,1
are you ready to find the off,other,1,1
ari & tommy,other,1,1
arlen music productions,musician,1,1
aroma,other,1,1
art,other,1,1
art direction & branding,other,1,1
art in bloom with,florist,1,1
art pa,other,1,1
artifact events,other,1,1
artwork by,other,1,1
as seen in,other,1,1
ashleynicolleartistry,other,1,1
assessoria,other,1,1
assistance,other,1,1
assistant design,other,1,1
assistant photography,photographer,1,1
associate,other,1,1
associate for,other,1,1
associate shooter,other,1,1
associate shot,other,1,1
associate shot by,other,1,1
associated for my bestie,other,1,1
assyrian band,band,1,1
at the,other,1,1
attire and concierge services,attire,1,1
auction consignment,other,1,1
audio & visual,other,1,1
audio and lights,other,1,1
audio engineer,other,1,1
audio visual production,other,1,1
audiovisual,other,1,1
august,other,1,1
av & lighting,other,1,1
av event production,other,1,1
av provider,other,1,1
available exclusively in chicago at,other,1,1
avondale mutual aid,other,1,1
back to the city we go,other,1,1
backdrop & signage,other,1,1
backdrop artist,other,1,1
backdrops,other,1,1
bag tag,other,1,1
bagpipe,other,1,1
bagpipers,other,1,1
bagpipes,other,1,1
baked goods,other,1,1
bakery + desserts,cake,1,1
balery,other,1,1
ball gown,attire,1,1
ball pit,other,1,1
ballerina's dance studio,other,1,1
ballons,other,1,1
balloon decor,rentals,1,1
balloon decor by,rentals,1,1
band & late night dj,band,1,1
band + entertainment,band,1,1
band + immersive entertainment,band,1,1
band a,band,1,1
band and entertainment,band,1,1
band musicians,band,1,1
banda,band,1,1
bar & beverage,other,1,1
bar + backdrop,other,1,1
bar and catering,catering,1,1
bar and totebags,other,1,1
bar management,other,1,1
bar manager & mixology maestro,other,1,1
bar signage,other,1,1
baraat music,musician,1,1
baraat music & equipment,musician,1,1
barat horse,other,1,1
barber shop,other,1,1
barista,other,1,1
bars,other,1,1
bartending services,other,1,1
barware & plate rentals,rentals,1,1
bbj la tavola,other,1,1
bbj linen,rentals,1,1
beautiful arrangement designed by,other,1,1
beautiful bouquet designed by,other,1,1
beautiful bouquets designed by,other,1,1
beautiful bride,other,1,1
beautiful model,other,1,1
beautifully captured by,other,1,1
beautifully planned by,planner,1,1
beauty by,beauty_other,1,1
behind the scenes at embloom,florist,1,1
being a part of non,other,1,1
beleza,other,1,1
beleza por,other,1,1
bella bridesmaids,other,1,1
benchers,other,1,1
beniajosephinehairdesign,hair,1,1
bespoke pieces,other,1,1
bespoke suiting,attire,1,1
best beach,other,1,1
best wedding blush,other,1,1
best wedding concealer,other,1,1
best wedding foundation,other,1,1
best wedding highlighter,other,1,1
best wedding lip gloss,other,1,1
best wedding mascara,other,1,1
best wedding primer,other,1,1
beverage & catering,catering,1,1
beverage burro,other,1,1
beverage store,other,1,1
birthday glam,other,1,1
black & white dance floor,other,1,1
black oak technical,other,1,1
bloom bar,florist,1,1
blue dress & shorts,attire,1,1
blue skies & close,other,1,1
blush on,other,1,1
boat and cruise,other,1,1
boba hour,other,1,1
bobby’s tux,attire,1,1
bocce courts,other,1,1
body armor,other,1,1
bon week,other,1,1
bond ladies,other,1,1
book your table at,other,1,1
booker,other,1,1
booking iniquiries,other,1,1
boudoir photographer,photographer,1,1
bouquet & boutonnieres,other,1,1
bouquet designer,other,1,1
brady’s suite,attire,1,1
braids,other,1,1
braised short rib,other,1,1
brand,other,1,1
brand photography,photographer,1,1
branded desserts,cake,1,1
breaking news,other,1,1
breath work,other,1,1
brett’s tux,attire,1,1
brewery,other,1,1
bridal & groom suites,attire,1,1
bridal + hair makeup,hair,1,1
bridal accommodations,attire,1,1
bridal atelier,attire,1,1
bridal attire and jewelry,attire,1,1
bridal bouquet by,attire,1,1
bridal bouquets,attire,1,1
bridal bracelet,attire,1,1
bridal brand,attire,1,1
bridal bride,attire,1,1
bridal designer,attire,1,1
bridal dress shop,attire,1,1
bridal dress shop & groom's tux,attire,1,1
bridal dress store,attire,1,1
bridal gajre,attire,1,1
bridal glam by me for,attire,1,1
bridal glam for,attire,1,1
bridal glow spray,attire,1,1
bridal gown & after party dress,attire,1,1
bridal gown & styling,attire,1,1
bridal gown and accessories,attire,1,1
bridal gown salon,attire,1,1
bridal gowns & groom tuxedos,attire,1,1
bridal hair & makeup by me,hair,1,1
bridal hair + makeup,hair,1,1
bridal hair stylist,hair,1,1
bridal lehenga,attire,1,1
bridal makeup & hair,hair,1,1
bridal makeup artist,makeup,1,1
bridal mehndi & draping,attire,1,1
bridal mendhi,attire,1,1
bridal nails,attire,1,1
bridal party,attire,1,1
bridal party beauty,beauty_other,1,1
bridal party bus,attire,1,1
bridal party hamu,attire,1,1
bridal party make up,attire,1,1
bridal party mua,beauty_other,1,1
bridal portraits,attire,1,1
bridal purse,attire,1,1
bridal sari,attire,1,1
bridal shower makeup,makeup,1,1
bridal stylist caroline shaw,attire,1,1
bridal valima outfit,attire,1,1
bridal veil,attire,1,1
bridal veil + alterations,attire,1,1
bride & bridal party hair by,hair,1,1
bride & men’s attire,attire,1,1
bride and groom transportation,transportation,1,1
bride hair & makeup,hair,1,1
bride hair + makeup,hair,1,1
bride hair cut,hair,1,1
bride hair stylist,hair,1,1
bride hair stylist and makeup artist,hair,1,1
bride heels,other,1,1
bride hotel,hotel,1,1
bride makeup & hair,hair,1,1
bride makeup by,makeup,1,1
bride makeup&hair,hair,1,1
bride portraits,other,1,1
bride prep,other,1,1
bride prep hotel,hotel,1,1
bride second dress,attire,1,1
bride second outfit,attire,1,1
bride to be,other,1,1
bride wedding dress & veil,attire,1,1
bride’s after party dress,attire,1,1
bride’s afterparty look custom,other,1,1
bride's attire,attire,1,1
bride's dresses,attire,1,1
bride’s engagement ring,jeweler,1,1
bride’s glam,other,1,1
bride's gown,attire,1,1
bride’s hair elthon lopez,hair,1,1
bride's makeup,makeup,1,1
bride’s makeup by suky v,makeup,1,1
bride’s makeup kiley cleckner,makeup,1,1
bride’s reception,other,1,1
bride’s reception dress,attire,1,1
bride’s reception gown maribel diaz,attire,1,1
bride’s rings & jewelry,jeweler,1,1
bride’s stylist,other,1,1
bride's veils,other,1,1
bride’s wedding band,band,1,1
bride’s wedding dress,attire,1,1
bridemaids’ dresses,attire,1,1
brides dresses & groom tuxedos,attire,1,1
brides makeup artist,makeup,1,1
brides rings,jeweler,1,1
brides veil,other,1,1
bridesmaid & mob dress,attire,1,1
bridesmaid attire shop,attire,1,1
bridesmaid dress designer,attire,1,1
bridesmaid luncheon,other,1,1
bridesmaid’s,other,1,1
bridesmaid's dresses,attire,1,1
bridesmaids hair & makeup,hair,1,1
bridesmaids makeup artist,makeup,1,1
bridesmaids’ hair,hair,1,1
brittany + chris,other,1,1
brooklyn,other,1,1
brow pencil in latte,other,1,1
bruce’s wedding ring,jeweler,1,1
brunch venue,venue,1,1
bts captured at,other,1,1
bts flower delivery with,florist,1,1
bts photos by,photographer,1,1
bts photos captured by lauren at,photographer,1,1
bts team,other,1,1
bts wedding content,videographer,1,1
bundt cakes,cake,1,1
burros,other,1,1
butterfly productions,other,1,1
bweddings’ content creator,content_creator,1,1
cafe,other,1,1
caitlin’s dress,attire,1,1
cake & cupcakes,cake,1,1
cake & dessert,cake,1,1
cake & favors,cake,1,1
cake & gifts,cake,1,1
cake & sweets table,cake,1,1
cake + desert,cake,1,1
cake + dessert provider,cake,1,1
cake and catering,cake,1,1
cake and dessert,cake,1,1
cake baker,cake,1,1
cake courtesy of,cake,1,1
cake delivery,cake,1,1
cake designer,cake,1,1
cake mapping,cake,1,1
cake photo,photographer,1,1
cake table,cake,1,1
cake topper,cake,1,1
cake topper by,cake,1,1
cale,other,1,1
caleb & zoe,other,1,1
caligrapher,other,1,1
call us old,other,1,1
camcorders,other,1,1
camera + lenses,other,1,1
camera bag,other,1,1
camera operator,other,1,1
cameras,other,1,1
camille’s dress,attire,1,1
camille’s ring,jeweler,1,1
canceled,other,1,1
candied ruby,other,1,1
candy bar,other,1,1
cannoli boys,other,1,1
cannoli cart,other,1,1
cannoli vendor,other,1,1
cannolis from,other,1,1
canoe,other,1,1
canvas backdrop,other,1,1
captured as an associate for,other,1,1
captured at,other,1,1
captured beautifully by,other,1,1
captured by my amazing associate,other,1,1
captured by talented,other,1,1
captured for,other,1,1
captured on buttery film by,videographer,1,1
car florals,florist,1,1
care,other,1,1
carly's dress,attire,1,1
cartoonist,other,1,1
casino entertainment,dj,1,1
casino games,other,1,1
casino night event,other,1,1
cassie + cole,other,1,1
castle,other,1,1
cateing,other,1,1
catered by,catering,1,1
caterer & cake,cake,1,1
caterer & planning,planner,1,1
caterer & reception site,catering,1,1
caterer + bar,catering,1,1
caterer + bar + rentals + cake,cake,1,1
caterer and tableware,catering,1,1
caterer reception,catering,1,1
caterer spotlight at canvas venue,venue,1,1
catering & beverages,catering,1,1
catering & breakfast,catering,1,1
catering & dessert,cake,1,1
catering & desserts,cake,1,1
catering & planning,planner,1,1
catering & production,catering,1,1
catering & sweets,catering,1,1
catering & venue,venue,1,1
catering + bar,catering,1,1
catering + cake,cake,1,1
catering + dessert,cake,1,1
catering + florals,florist,1,1
catering and coordinator,planner,1,1
catering and floral,florist,1,1
catering and table rentals,catering,1,1
catering coordination,planner,1,1
catering lexi miller,catering,1,1
catering spotlight,catering,1,1
catering staff,catering,1,1
catering team,catering,1,1
catering& bar,catering,1,1
caterings,catering,1,1
caviar + vodka tasting,other,1,1
caviar hors d’oeuvre,other,1,1
cc,other,1,1
ceiling & entrance sign,other,1,1
ceiling decor,rentals,1,1
celebrado por,other,1,1
celebrate event planning & design,planner,1,1
ceo,other,1,1
ceremony & cocktail entertainment,dj,1,1
ceremony & reception music,musician,1,1
ceremony + cocktail hour music,musician,1,1
ceremony + cocktail hour musician,musician,1,1
ceremony + cocktail music,musician,1,1
ceremony + cocktail string,jeweler,1,1
ceremony + reception entertainment,dj,1,1
ceremony a,other,1,1
ceremony and reception,venue,1,1
ceremony and reception entertainment,dj,1,1
ceremony arches,other,1,1
ceremony backdrop & table lighting,other,1,1
ceremony cellist & violinist,other,1,1
ceremony chairs,hair,1,1
ceremony chapel,other,1,1
ceremony content creator,content_creator,1,1
ceremony decor,rentals,1,1
ceremony drapping,other,1,1
ceremony florist,florist,1,1
ceremony live painter,other,1,1
ceremony makeup,makeup,1,1
ceremony music & dj,dj,1,1
ceremony quartet,other,1,1
ceremony signs & calligraphy,other,1,1
ceremony site,other,1,1
ceremony stage,other,1,1
ceremony stationary,stationery,1,1
ceremony storyteller,other,1,1
ceremony took place in,other,1,1
ceremony venue the honeycomb,venue,1,1
ceremony& cocktail hour,other,1,1
chaat cart,other,1,1
chai + coffee,other,1,1
chair & linen rentals,hair,1,1
chair covers,hair,1,1
chairs & tabletop,hair,1,1
chairs and linens,hair,1,1
chalk artist,other,1,1
chalkboard,other,1,1
challah,other,1,1
champagne bar,other,1,1
champagne cart,other,1,1
champagne passers,other,1,1
champagne wall rental,rentals,1,1
chandelier floral installation,florist,1,1
chandeliers and draping,other,1,1
charcuterie cart,other,1,1
chargers & linen,rentals,1,1
chargers & linens,rentals,1,1
charis,other,1,1
check off a bucket,other,1,1
cheers to summertime chi,other,1,1
cheers to this gorgeous girl,other,1,1
chef casey doody hair,hair,1,1
chef catering,catering,1,1
cheriseeventrentals,rentals,1,1
chicago,other,1,1
chicago bridal makeup artist,makeup,1,1
chicago catz band,band,1,1
chicago cover shoot,other,1,1
chicago cultural center,other,1,1
chicago girls night,other,1,1
chicago just got tastier,other,1,1
chicago union station,other,1,1
chidi,other,1,1
child care,other,1,1
childcare,other,1,1
chinoiserie,other,1,1
chitheewed,other,1,1
chocolate artist,other,1,1
chocolate station,other,1,1
chocolate tasting,other,1,1
chocolatier,other,1,1
choreography,other,1,1
choreography first dance,other,1,1
church ceremony,other,1,1
cigar & bourbon bar,other,1,1
cigar bar,other,1,1
city,other,1,1
claire's dress,attire,1,1
claw machine,other,1,1
click through to see one of my all,other,1,1
client credits,other,1,1
clothes,other,1,1
clowning around,other,1,1
cmo,other,1,1
cocktail boat cruise,other,1,1
cocktail dress,attire,1,1
cocktail hour,other,1,1
cocktail hour bar,other,1,1
cocktail hour entertainment,dj,1,1
cocktail hour icecubes,other,1,1
cocktail hour sponsor,other,1,1
cocktail hour venue,venue,1,1
cocktail poet,other,1,1
cocktail shaker by,other,1,1
coffee and cookies,other,1,1
coffee cart & mocktails,other,1,1
coffee catering,catering,1,1
cold sparks,other,1,1
collaboration with,other,1,1
color,other,1,1
colorful gown,attire,1,1
colorist,other,1,1
comedian,other,1,1
concept & design,other,1,1
concrete bar & entryway,other,1,1
confectionery,other,1,1
conference emcee,other,1,1
connor’s attire,attire,1,1
conservatory,other,1,1
conservatory tent,other,1,1
consultant,other,1,1
contact us at sales,other,1,1
contact yoni ellous at ellous,other,1,1
conten,other,1,1
content captured by,videographer,1,1
content creating,videographer,1,1
content creation + signage,videographer,1,1
content creation by,videographer,1,1
content team,videographer,1,1
cookie cart,other,1,1
cookies + macaron tower,other,1,1
cookies and cake pops,cake,1,1
cookies by,other,1,1
coordinated by,planner,1,1
coordinating,planner,1,1
coordinating & catering,planner,1,1
coordination & design,planner,1,1
coordination + floral,planner,1,1
coordination + stationery,planner,1,1
coordination assistant,planner,1,1
coordination by,planner,1,1
coordinator and designer,planner,1,1
cooridnation,other,1,1
cooridnator,other,1,1
copy,other,1,1
corben’s suit,attire,1,1
corset gown,attire,1,1
cotton candy glitter bombs,other,1,1
cotton candy vendor,other,1,1
couple model,other,1,1
couple transportation,transportation,1,1
courtesy to,other,1,1
couture,other,1,1
cover image and photography,photographer,1,1
cover photo & photography,photographer,1,1
cover photo by the lovely,photographer,1,1
cover photo by the one and only,photographer,1,1
cover photo by the talented,photographer,1,1
cover photo florals by,photographer,1,1
cover photo florist,photographer,1,1
cover photo venue,venue,1,1
cover shot by,other,1,1
cream bronzer,other,1,1
cream puff tower,other,1,1
creamery,other,1,1
created by our queen designer,other,1,1
created by our super star,other,1,1
creative assistant,other,1,1
creative consulting,other,1,1
creative content,videographer,1,1
creative direction & photography,photographer,1,1
creative director & host,other,1,1
creative director by,other,1,1
credits,other,1,1
crest artwork,other,1,1
cruise,other,1,1
cruise planner,planner,1,1
culinary,other,1,1
culled on my favorite,other,1,1
culled with,other,1,1
curated decor,rentals,1,1
curated makeup & skincare,makeup,1,1
currently featured in,other,1,1
curtains,other,1,1
custom bar + banquettes,other,1,1
custom bears,other,1,1
custom calligraphy,other,1,1
custom cups + stirrers,other,1,1
custom dinner napkins,catering,1,1
custom disco ball,other,1,1
custom engraving,other,1,1
custom ethiopian clothing,other,1,1
custom flooring,jeweler,1,1
custom gifts,other,1,1
custom gowns,attire,1,1
custom groom suit,attire,1,1
custom hat bar,other,1,1
custom ice,other,1,1
custom keychains,other,1,1
custom light box,other,1,1
custom linen,rentals,1,1
custom linen napkins,rentals,1,1
custom napkins,other,1,1
custom passport covers,other,1,1
custom perfume,other,1,1
custom perfume bar,other,1,1
custom perfume experience,other,1,1
custom rugs,other,1,1
custom stationery and details,stationery,1,1
custom tuxedo,attire,1,1
custom veil & sleeves,other,1,1
custom veil + gloves,other,1,1
customization of robe,other,1,1
cut and color by,other,1,1
cutlery,other,1,1
cutout used,other,1,1
d + j,other,1,1
d/o coordinator,planner,1,1
daily brunch,other,1,1
dance choregraphers,other,1,1
dance floor & decor,rentals,1,1
dance floor & draping,other,1,1
dance floor overlay,other,1,1
dance floor rental,rentals,1,1
dance floral vinyl,florist,1,1
dance performance,other,1,1
dance team,other,1,1
dance troop,other,1,1
dancefloor & disco themed lighting,other,1,1
dancing,other,1,1
danielle + collin,other,1,1
danny’s jumpsuit,attire,1,1
danny’s suit,attire,1,1
david chiriboga,other,1,1
david kindler,other,1,1
day after brunch,other,1,1
day for dogs,other,1,1
day of,other,1,1
day of hair stylist,hair,1,1
day of planner,planner,1,1
day to night,other,1,1
december,other,1,1
decir,other,1,1
deco,other,1,1
decor & bouqet,rentals,1,1
decor & dance floor,rentals,1,1
decor & planner,planner,1,1
decor & retnals,rentals,1,1
decor + design,rentals,1,1
decor + drapery,rentals,1,1
decor + rentals,rentals,1,1
decor and florals,florist,1,1
decor and rentals,rentals,1,1
decor by the amazing,rentals,1,1
decor firm,rentals,1,1
decor mehndi,rentals,1,1
decor photos,photographer,1,1
decor shaadi,rentals,1,1
decorations,rentals,1,1
decorations and set,rentals,1,1
decorator & videographer,videographer,1,1
decors and florals,florist,1,1
delivered via,other,1,1
derby inspired tie by,other,1,1
desert,other,1,1
desi outfits,attire,1,1
design & coordination,planner,1,1
design & creative direction,other,1,1
design & rentals,rentals,1,1
design & stationery,stationery,1,1
design & styling,other,1,1
design + florals,florist,1,1
design + styling,other,1,1
design and floral,florist,1,1
design and florals by us,florist,1,1
design and planning by,planner,1,1
design and styling,other,1,1
design by,other,1,1
design production assistant,other,1,1
designed by,other,1,1
designed toppers & crown,other,1,1
designer & floral,florist,1,1
designer and planner,planner,1,1
designer decorator,rentals,1,1
designers,other,1,1
designs,other,1,1
desing,other,1,1
dessert & cake,cake,1,1
dessert assortment,cake,1,1
dessert staging,cake,1,1
destination event,other,1,1
detailer,other,1,1
developing,other,1,1
developing by,other,1,1
dhol drummers,other,1,1
digital content & projection,videographer,1,1
dining space rental partner,rentals,1,1
dinner dress,attire,1,1
dinner venue,venue,1,1
dinner vibes w,catering,1,1
dip’s haldi,other,1,1
dipsy desserts,cake,1,1
director + editor,other,1,1
director of photography,photographer,1,1
director of programs,other,1,1
disco ball,other,1,1
disco chuppah,other,1,1
discover it at,other,1,1
discover the perfect pair at,other,1,1
display cake,cake,1,1
displays for desserts,cake,1,1
distillery,other,1,1
dit,other,1,1
dj & booth,dj,1,1
dj & dance floor lighting,dj,1,1
dj & event production,dj,1,1
dj & live saxophone,dj,1,1
dj & saxophone,dj,1,1
dj & saxophonist,dj,1,1
dj & sparklers,dj,1,1
dj & video,videographer,1,1
dj + musician,dj,1,1
dj + production + dance floor,dj,1,1
dj + string trio,dj,1,1
dj + vocals,dj,1,1
dj adam,dj,1,1
dj and entertainment,dj,1,1
dj and saxophone,dj,1,1
dj and sound production,dj,1,1
dj firm,dj,1,1
dj frank smith,dj,1,1
dj music,dj,1,1
dj nick with,dj,1,1
dj’ing for,dj,1,1
djcosmochicago,dj,1,1
djil,dj,1,1
dm,other,1,1
dm on facebook,other,1,1
dm to inquire,other,1,1
do not miss this west loop italian,other,1,1
dog cake,cake,1,1
dog care,other,1,1
dog concierge,other,1,1
dog extraordinaire,other,1,1
dog walker,other,1,1
dogs of honor,other,1,1
dogsitters,other,1,1
donuts from,other,1,1
dove la storia respira,other,1,1
drape and decor,rentals,1,1
draper,other,1,1
drapery & production,other,1,1
drapery & rentals,rentals,1,1
drapery + lighting + shelves,other,1,1
draping & dance floor,other,1,1
draping & decor,rentals,1,1
draping & stage,other,1,1
draping + lighting,other,1,1
draping and arch,other,1,1
draping and lighting,other,1,1
dream girl,other,1,1
dreamy photos by,photographer,1,1
dress & veil,attire,1,1
dress alteration,attire,1,1
dress and bridesmaids dresses,attire,1,1
dress attire,attire,1,1
dress design,attire,1,1
dress from,attire,1,1
dress shop where you bought dress,attire,1,1
dress tailor,attire,1,1
dresses by,attire,1,1
dressing gowns,attire,1,1
dressing team,attire,1,1
drew’s wedding ring,jeweler,1,1
dried florals,florist,1,1
drink,other,1,1
drink sponsor,other,1,1
drink truck,other,1,1
drinks cart,catering,1,1
drone footage,other,1,1
drone photographer,photographer,1,1
drone show,other,1,1
drone video,videographer,1,1
drumline,other,1,1
dual shooter,other,1,1
dueling pianos,other,1,1
dul,other,1,1
e + j,other,1,1
e r i k a,other,1,1
early spring for,jeweler,1,1
earrings rented from,jeweler,1,1
easton events & hmr photographer,photographer,1,1
eats,other,1,1
ed & aileen photography,photographer,1,1
edited in,other,1,1
edited on,other,1,1
edited with,other,1,1
editing by,other,1,1
editorial director,other,1,1
edits by,other,1,1
edits inspired by,other,1,1
education,other,1,1
edward,other,1,1
effortless waves for our bride,other,1,1
electric violin,other,1,1
electric violist,other,1,1
electrician,other,1,1
eleni,other,1,1
elizabeth dixon,other,1,1
elopement photographed by,photographer,1,1
elotes cart,other,1,1
elyssa,other,1,1
embroiderer,other,1,1
emilio’s suit,attire,1,1
emilios suite,attire,1,1
emily,other,1,1
emily & danny,other,1,1
end of the night portraits at,other,1,1
energy drinks by,catering,1,1
engagement ring & band,band,1,1
engagement ring and wedding bands,band,1,1
engagement shoot,other,1,1
engagement shoot dress,attire,1,1
engagement venue,venue,1,1
engraving,other,1,1
entertaiment,other,1,1
entertainment band and dj,band,1,1
entertainment ceremony,dj,1,1
entertainment company,dj,1,1
entertainment director,dj,1,1
entertainment management,dj,1,1
entertainment partner,dj,1,1
entertainment services,dj,1,1
entertainment time chicago,dj,1,1
entry,other,1,1
enzo custom,other,1,1
erika dufour,other,1,1
erika’s dress,attire,1,1
erin & zach,other,1,1
erin hill,other,1,1
erin kilmurray,other,1,1
escort display chocolates,other,1,1
escorts & select signage,other,1,1
espresso bar,other,1,1
estate jewelry,jeweler,1,1
esthetician,other,1,1
etageres,other,1,1
event and styling,other,1,1
event branding & stationery,stationery,1,1
event calligraphy,other,1,1
event cinematographer,other,1,1
event design & coordination,planner,1,1
event design & planning,planner,1,1
event design & styling,other,1,1
event director,other,1,1
event draping,other,1,1
event experience,other,1,1
event management,other,1,1
event painter,other,1,1
event photos,photographer,1,1
event planner & design,planner,1,1
event production + planning + design,planner,1,1
event staff,other,1,1
event styling,other,1,1
event styling + planning,planner,1,1
event styling and planning,planner,1,1
eventplanner,planner,1,1
ever wondered what a set,other,1,1
exceptional gastronomy,other,1,1
exciting news this week,other,1,1
exciting news today,other,1,1
exclusive styled shoot for,other,1,1
executive producer,other,1,1
exit car,other,1,1
experience a menu of jewelry,jeweler,1,1
experience downtown decadence at,other,1,1
experience paradise in chicago,other,1,1
explore the first,other,1,1
extensions cut,other,1,1
eye patches,other,1,1
eyes & base,other,1,1
eyes shadows,other,1,1
eyeshadow,other,1,1
fabric and furniture,other,1,1
fabrication & rentals,rentals,1,1
face painting,other,1,1
family hmua,beauty_other,1,1
family memorial tribute sign from,other,1,1
fancy pack,other,1,1
fashion & styling,other,1,1
fashion editorial for,other,1,1
fashion show,other,1,1
fashion sketch illustrator,other,1,1
favor box,other,1,1
favorite summer rooftop,other,1,1
featured model,other,1,1
featured photo,photographer,1,1
featured table linens,rentals,1,1
features editor,other,1,1
featuring,jeweler,1,1
featuring gowns by,attire,1,1
female model,other,1,1
film assistant & second photographer,photographer,1,1
film develop & scanning,videographer,1,1
film develop + scans,videographer,1,1
film developed at,videographer,1,1
film development,videographer,1,1
film photos,photographer,1,1
film photos taken by my bestie,photographer,1,1
film scanned and developed by,videographer,1,1
film scanning,videographer,1,1
film scans by,videographer,1,1
final impressions,other,1,1
fintech founder,other,1,1
fire entertainers,other,1,1
first look location,other,1,1
first looks,other,1,1
first photo by,photographer,1,1
first up in our vendor love series,other,1,1
five,other,1,1
fixing spray,other,1,1
flash,other,1,1
flash mob,other,1,1
flat lay magic by,other,1,1
flatlay,other,1,1
flatlay art direction & styling,other,1,1
flatlay mats,other,1,1
flawless,other,1,1
flim,other,1,1
floor wrap,other,1,1
floor wrap & seating chart,other,1,1
flooring,jeweler,1,1
flooring & custom stage,jeweler,1,1
flooring + tent,jeweler,1,1
floral & cake,florist,1,1
floral & decor by,florist,1,1
floral & decore,florist,1,1
floral &decor,florist,1,1
floral + champagne wall,florist,1,1
floral arch,florist,1,1
floral arrangements,florist,1,1
floral decor,florist,1,1
floral design & decor,florist,1,1
floral design & decor by,florist,1,1
floral design & tabletop,florist,1,1
floral design by,florist,1,1
floral desing by,florist,1,1
floral donation,florist,1,1
floral donations,florist,1,1
floral meadows,florist,1,1
floral wall,florist,1,1
floral wholesalers,florist,1,1
floral& decor,florist,1,1
floral&decor,florist,1,1
florals & concept,florist,1,1
florals & rentals,florist,1,1
florals & tablescapes,florist,1,1
florals + lighting,florist,1,1
florals + planning,planner,1,1
florals + production,florist,1,1
florals and production,florist,1,1
florals by the lovely,florist,1,1
florist & coordinator,planner,1,1
florist and cake,florist,1,1
florist and decor,florist,1,1
florist designer,florist,1,1
florists & decor,florist,1,1
flourist,other,1,1
flower and decor,florist,1,1
flower bar,florist,1,1
flower bar & entrance,florist,1,1
flower bouquet,florist,1,1
flower decor by,florist,1,1
flower preservation,florist,1,1
flower recycling,florist,1,1
flower stand,florist,1,1
flowers & design,florist,1,1
flowers & draping,florist,1,1
flowers and lighting,florist,1,1
flowers and production,florist,1,1
flowers by fave,florist,1,1
flowers from,florist,1,1
flyer by,other,1,1
focaccia bread,other,1,1
follow our venue,venue,1,1
follow the journey,other,1,1
follow this account,other,1,1
following a week,other,1,1
food & bar,catering,1,1
food & beverage,catering,1,1
food & dessert,cake,1,1
food & drink,catering,1,1
food by,catering,1,1
food catering,catering,1,1
food display,catering,1,1
for abby & henry’s wedding,other,1,1
for bookings,other,1,1
for his current retrospective on,other,1,1
for jess & josh two weeks ago at,other,1,1
for our dance fans,other,1,1
forals,other,1,1
formalwear,other,1,1
fotografia,other,1,1
founder of,other,1,1
fountain,other,1,1
fox and ivory,other,1,1
fresh florals,florist,1,1
fresh flowers,florist,1,1
friday bar,other,1,1
friday catering,catering,1,1
friday night,other,1,1
friday night event,other,1,1
friday rehearsal dinner,catering,1,1
friday venue & catering,venue,1,1
friday w,other,1,1
friday we are at,other,1,1
from,other,1,1
from deli,other,1,1
from earlier this year with,other,1,1
from green sours to gin,other,1,1
from the beginning to the end,other,1,1
from the custom envelope liner,other,1,1
from the first pour to the late,other,1,1
from the fruit centerpieces,other,1,1
from the venue to the food,venue,1,1
frost lighting,other,1,1
frozen drinks,catering,1,1
full day touch up moment,other,1,1
full disclosure,other,1,1
full glam,other,1,1
full service planning,planner,1,1
full tutorial on my tiktok,other,1,1
furniture & decor,rentals,1,1
furniture decor,rentals,1,1
future bride,other,1,1
gajre,other,1,1
gajrey,other,1,1
gallery via,other,1,1
game rental,rentals,1,1
gatsby penthouse,other,1,1
gelato truck,other,1,1
gele & okuku,other,1,1
gele tying,other,1,1
general equipment,other,1,1
geoffrey’s ring,jeweler,1,1
geoffrey’s suit,attire,1,1
geometric poetry for the,other,1,1
gerber scarpelli photo,photographer,1,1
get in touch with us at sales,other,1,1
getting ready attire,attire,1,1
getting ready inn,other,1,1
ghost chairs,hair,1,1
ginger krebs,other,1,1
glam on my fav,other,1,1
glambooth,other,1,1
glass engraver,other,1,1
glass house,other,1,1
glassware & rentals,rentals,1,1
glassware + flatware,other,1,1
gloss lids,other,1,1
glow,other,1,1
glowy natural makeup & half up,makeup,1,1
gluten free cupcakes,cake,1,1
gm suits,attire,1,1
going,other,1,1
gold stamping,other,1,1
golden hour photography,photographer,1,1
golf car rentals,rentals,1,1
good,other,1,1
gorgeous flowers by,florist,1,1
gorgeous model,other,1,1
gorgeous photos by,photographer,1,1
gown & bridesmaids,attire,1,1
gown + veil,attire,1,1
gown boutique,attire,1,1
gowns & accessories,attire,1,1
gowns by,attire,1,1
grab your ticket today,other,1,1
grace + dom at,other,1,1
graduation dj,dj,1,1
grammy award,other,1,1
graphic design & show director,other,1,1
graphicdesigner,other,1,1
grazie di cuore,other,1,1
grazing board,other,1,1
great polish,other,1,1
great shot by,other,1,1
green canopy & hanging florals,florist,1,1
greenery,other,1,1
greenery wall,other,1,1
greenhouse,other,1,1
greenhouse loft,other,1,1
greeted with talented,other,1,1
greg ward alto saxophone,musician,1,1
grit photo credit,photographer,1,1
groom & groomsmen,other,1,1
groom & groomsmens’s tuxes,attire,1,1
groom formalwear,other,1,1
groom hair stylist,hair,1,1
groom hotel,hotel,1,1
groom kurta,other,1,1
groom nikkah outfit,attire,1,1
groom shoes,attire,1,1
groom valima outfit,attire,1,1
groom’s & groomsmen’s suits,attire,1,1
groom’s rings,jeweler,1,1
groom's shoes,attire,1,1
groom's suit,attire,1,1
groom’s suit and accessories,attire,1,1
groom’s suit custom,attire,1,1
grooms attire designer,attire,1,1
grooms custom suite,attire,1,1
grooms tuxedo,attire,1,1
groomsmen rentals,rentals,1,1
groomsmen suit,attire,1,1
groomsmen tux,attire,1,1
groomsmen tux rentals,attire,1,1
groomsmen tuxes,attire,1,1
groomsmen's suits,attire,1,1
groomswear,other,1,1
ground & logistics team,other,1,1
group,other,1,1
group publisher,other,1,1
gucci,other,1,1
guest experience,other,1,1
guest host & creative director,other,1,1
guest of honor,other,1,1
guest phone book,other,1,1
guest planner,planner,1,1
guest portrait artist,other,1,1
guest portraits,other,1,1
guest shuttle,other,1,1
guest shuttle & vintage car,other,1,1
guest stays,other,1,1
guest table linen,rentals,1,1
gus the dog,other,1,1
guys getting ready hotel,hotel,1,1
h/mu,other,1,1
h&mua,beauty_other,1,1
h+mua,beauty_other,1,1
haars,other,1,1
hair & makeup for bridal party,hair,1,1
hair & makeup styling by,hair,1,1
hair & mu,hair,1,1
hair accessories,hair,1,1
hair always,hair,1,1
hair and makeup artists,hair,1,1
hair and makeup for,hair,1,1
hair and makeup styling,hair,1,1
hair and makeup team,hair,1,1
hair and makuep,hair,1,1
hair and perfect party pony,hair,1,1
hair by kim,hair,1,1
hair by nina makeup by romelia decor,hair,1,1
hair by pamela with,hair,1,1
hair by tiffany,hair,1,1
hair cut and color,hair,1,1
hair extensions,hair,1,1
hair for bride and bridal party,hair,1,1
hair jackie,hair,1,1
hair lina,hair,1,1
hair maintenance,hair,1,1
hair stylist + makeup artist,hair,1,1
hair&make up,hair,1,1
hair&mua,hair,1,1
haircolor + style by,hair,1,1
hairstyling,hair,1,1
haldi & sangeet catering,catering,1,1
haldi venue,other,1,1
halls rental,rentals,1,1
halls rentals,rentals,1,1
hand calligraphy,other,1,1
hand painted maracas,other,1,1
hanging instillation,other,1,1
hannah & rowan featured on,other,1,1
hannah + andy,other,1,1
hannah debok,other,1,1
hannah’s dress,attire,1,1
hannah’s suit,attire,1,1
happy first,other,1,1
happy venue day,venue,1,1
harpist & string quartet,jeweler,1,1
harpists,other,1,1
hasan’s nikkah outfit,attire,1,1
hasan’s outfit,attire,1,1
hasan’s shaadi outfit,attire,1,1
hasan’s valima outfit,attire,1,1
hat,other,1,1
hbic weddings,other,1,1
head of social,other,1,1
head planner,planner,1,1
head table rentals,rentals,1,1
heading back to lga after a jam,other,1,1
headliners procurement & production,other,1,1
headshot photographer,photographer,1,1
headshots,other,1,1
heated vinyasa,other,1,1
heather’s dress,attire,1,1
heena artist,other,1,1
helping me out on photo,photographer,1,1
her shoes,attire,1,1
here are some father,other,1,1
highlight,other,1,1
hina artist,other,1,1
his,other,1,1
his shoes,attire,1,1
history of finance montage,other,1,1
hma,other,1,1
hmau,other,1,1
holi celebration,other,1,1
home staging,other,1,1
honeymoon dress,attire,1,1
honorable mentions,other,1,1
hookah,other,1,1
hors d'oeuvres and desserts,cake,1,1
host & design,other,1,1
host & photo,photographer,1,1
host + dress,attire,1,1
host partner,other,1,1
host your next event with us,other,1,1
hotel + room blocks,hotel,1,1
hotel partner,hotel,1,1
hotel room block,hotel,1,1
house florals & decor,florist,1,1
hunter flyod films,videographer,1,1
husband,band,1,1
hype productions,other,1,1
i am the dj,dj,1,1
i cant wait to see the images of,other,1,1
i don’t know how she did it,other,1,1
i run a chicago,other,1,1
i’d worked in this building before,other,1,1
ice,other,1,1
ice blocks,other,1,1
icre cream,other,1,1
idea,other,1,1
if anyone’s wondering,jeweler,1,1
if viewing follow,other,1,1
if you are planning a wedding,planner,1,1
if your wedding had a theme,other,1,1
ig,other,1,1
ig photos,photographer,1,1
ig reel by,other,1,1
image by,other,1,1
images captured by,other,1,1
incredible second photographer,photographer,1,1
indian catering,catering,1,1
indigo lace,other,1,1
industry collaborations,other,1,1
infinity hospitality event planning,planner,1,1
inquiries & bookings,other,1,1
inspiration credit,other,1,1
instagram photos,photographer,1,1
install,other,1,1
installation & backdrop,other,1,1
instrumentals,other,1,1
insurance,other,1,1
intaglios,other,1,1
interstellar radiance,other,1,1
interview,other,1,1
interviews by,other,1,1
introducing the rainbow fish,other,1,1
intuitive readings by,other,1,1
invitation and paper goods,stationery,1,1
invitation stationery,stationery,1,1
invitations & custom logo design,stationery,1,1
invitations & design,stationery,1,1
invitations & paper,stationery,1,1
invitations & printables,stationery,1,1
invitations & stationary design,stationery,1,1
invitations + day of signage,stationery,1,1
invitations + menus + placecards,stationery,1,1
invitations + paper goods,stationery,1,1
invitations + programs,stationery,1,1
invitations + stationery,stationery,1,1
invitations by,stationery,1,1
invitations or other stationery,stationery,1,1
invitations signage,stationery,1,1
invites & stationery,stationery,1,1
irish pipe band,band,1,1
isabella & brendan part ii,other,1,1
ishti collective,other,1,1
isiah’s glasses,other,1,1
it inspired new ways of seeing,other,1,1
it’s all about the details,other,1,1
italian,other,1,1
italian ice,other,1,1
itc is creating something special,other,1,1
j+l catering,catering,1,1
jack,other,1,1
jalbelly guzman,other,1,1
january,other,1,1
jazz band,band,1,1
jazz quartet,other,1,1
jazz trio,other,1,1
jazzpop w,other,1,1
jean,other,1,1
jeremy bustos,other,1,1
jess & andy,other,1,1
jess & katie’s italian garden,other,1,1
jessica + jake,other,1,1
jewelry and accessories,jeweler,1,1
jewelry by,jeweler,1,1
jim’s tux,attire,1,1
john wick,other,1,1
join us for the next stop,other,1,1
join us for the sfs fundraiser,other,1,1
jonathan + tara at,other,1,1
jordan’s tux,attire,1,1
jpp studios,other,1,1
julie mikos,other,1,1
jumpsuit,attire,1,1
june,other,1,1
june at bar pendry,other,1,1
just another day of errands,other,1,1
kaityln’s dress,attire,1,1
karaoke,other,1,1
kathryn & david,other,1,1
katie & ben,other,1,1
katie kett photography,photographer,1,1
kehoe designs,other,1,1
kelly’s jewelry,jeweler,1,1
kent drake,other,1,1
kettle corn cart,other,1,1
key grip,other,1,1
key production assistant,other,1,1
khmer outfits,attire,1,1
kick,other,1,1
kick off the night with our large,other,1,1
kids crafts,other,1,1
kiki & kevin's bridal portraits at,attire,1,1
kirby’s hair,hair,1,1
klezmer band,band,1,1
knafeh,other,1,1
kunafeh & arabic coffee,other,1,1
l photographer,photographer,1,1
la novia creations,other,1,1
lace signs,other,1,1
ladies getting ready hotel,hotel,1,1
laine too,other,1,1
lana delmar photography,photographer,1,1
lapiel laser center,other,1,1
lashes courtesy of,other,1,1
last,other,1,1
last night’s epic dance floor by,other,1,1
last photo by,photographer,1,1
last saturday’s dreamy decor by,rentals,1,1
last two photos,photographer,1,1
late night catering,catering,1,1
late night dj,dj,1,1
late night eats,other,1,1
late night hawaiian food,catering,1,1
late night polish meat hut,other,1,1
late night venue,venue,1,1
late snack,other,1,1
le village coworking,other,1,1
lead associate for,other,1,1
lead cinematographer,other,1,1
lead planner,planner,1,1
lead shoot photographer,photographer,1,1
leah + aaron,other,1,1
led by,other,1,1
led marquee,other,1,1
lehengas,other,1,1
lemon wine,other,1,1
let the plant,other,1,1
let’s party at,other,1,1
let’s talk about mockups,other,1,1
lettering,jeweler,1,1
letters,other,1,1
libations,other,1,1
life in bloom,florist,1,1
light and sound,other,1,1
lighting & bar rental,rentals,1,1
lighting & chandeliers,other,1,1
lighting & design,other,1,1
lighting & linens,rentals,1,1
lighting & stage,other,1,1
lighting + dance floor,other,1,1
lighting + dancefloor,other,1,1
lighting + decor,rentals,1,1
lighting + technical production,other,1,1
lighting and dance floor,other,1,1
lighting and rigging,other,1,1
lighting and sound,other,1,1
lighting by,other,1,1
lighting designer,other,1,1
lighting draping,other,1,1
lighting production + design,other,1,1
lighting productions & design,other,1,1
lighting tech,other,1,1
lights and drapery,other,1,1
ligjting,other,1,1
limelight catering,catering,1,1
limo bus,transportation,1,1
limo or transportation,transportation,1,1
limosine,transportation,1,1
linen & chargers,rentals,1,1
linen & tableware,rentals,1,1
linen and light rentals,rentals,1,1
linen banners + table numbers,rentals,1,1
linen guest sign,rentals,1,1
linen pants,rentals,1,1
linen rental,rentals,1,1
linen signage,rentals,1,1
linens & placemats,rentals,1,1
linens + charger rentals,rentals,1,1
linens + dishware rentals,rentals,1,1
linens and charger,rentals,1,1
linens and linen drapery,rentals,1,1
link in below or drop us a note,other,1,1
lip combo on,other,1,1
lip gloss,other,1,1
lip liner,other,1,1
lip mask,other,1,1
liquid lipstick,other,1,1
lisa + nate,other,1,1
little black book linens,rentals,1,1
little white dresses,attire,1,1
liv’s engagement + wedding rings,jeweler,1,1
live art,other,1,1
live art international,other,1,1
live banda,band,1,1
live ceremony,other,1,1
live coffee,other,1,1
live desserts,cake,1,1
live event painter,other,1,1
live guest illustrations,other,1,1
live guest sketches,other,1,1
live kebab,other,1,1
live painter & calligraphy,other,1,1
live plants,other,1,1
live portrait atelier,other,1,1
live sketch,other,1,1
live sketch artists,other,1,1
live stream,other,1,1
live strings,musician,1,1
live watercolor artist,other,1,1
living statues,other,1,1
location & catering,catering,1,1
logo + stationary + signage,stationery,1,1
lollypalooza at pendry,other,1,1
long,other,1,1
looking for an eco,other,1,1
loose powder,other,1,1
lounge + bar rentals,rentals,1,1
lounge and bar rentals,rentals,1,1
lounge rental,rentals,1,1
lounge setup,other,1,1
love is in the air,other,1,1
love these behind,other,1,1
loved how this came together,other,1,1
lovely day for a wedding,other,1,1
loving my new shirts by,other,1,1
lu y pedro,other,1,1
lueur beauti,other,1,1
lunch and sangeet,other,1,1
luniks entertainment,dj,1,1
luscious pre,other,1,1
luxe photobooth,photobooth,1,1
luxury photo booth,photobooth,1,1
luxury restroom trailer,other,1,1
luxury travel concierge,other,1,1
lynn’s dress,attire,1,1
m&h,other,1,1
macaron tower,other,1,1
maddie’s wedding ring,jeweler,1,1
made with,other,1,1
mahjong with,other,1,1
main videography,videographer,1,1
major shoutout to,other,1,1
major throwback alert,other,1,1
make this your next purchase tonight,other,1,1
make up by,other,1,1
make up for,other,1,1
make up with,other,1,1
make your own pancake station by,cake,1,1
make your wedding day perfect,other,1,1
makeup & hair by,hair,1,1
makeup & hair by me,hair,1,1
makeup & hairstyle,hair,1,1
makeup & video,videographer,1,1
makeup + photo,photographer,1,1
makeup arte,makeup,1,1
makeup by alisa,makeup,1,1
makeup by kat,makeup,1,1
makeup by the lovely,makeup,1,1
makeup done by yours truly,makeup,1,1
makeup for,makeup,1,1
makeup hair,hair,1,1
makeup lexi,makeup,1,1
makeup stylist,makeup,1,1
makeup touch up bar,makeup,1,1
makeupartist,makeup,1,1
male model,other,1,1
managing production,other,1,1
mandap furniture,other,1,1
manicure,other,1,1
maps,other,1,1
maria & greg's beautiful wedding at,other,1,1
marina + david,other,1,1
marketing director,other,1,1
marquee,other,1,1
marquee lighting,other,1,1
marquee rental,rentals,1,1
marrier attire,attire,1,1
mary,other,1,1
mascara,other,1,1
mason’s suit,attire,1,1
massages,other,1,1
matchbooks,other,1,1
matron's dress,attire,1,1
mau,other,1,1
mdm entertainment,dj,1,1
meaningful captures courtesy of,other,1,1
meat hut,other,1,1
media wall art,other,1,1
mediterranean sweets,other,1,1
medspa services,other,1,1
meet ovation,other,1,1
meeting planners int’l event,planner,1,1
megan + sarah,other,1,1
mehndi bar,other,1,1
mehndi catering,catering,1,1
mehndi day mua,beauty_other,1,1
mehndi dj,dj,1,1
mehndi emcee,other,1,1
mehndi henna,other,1,1
mehndi makeup,makeup,1,1
mehndi mc,other,1,1
mehndi outfit,attire,1,1
mehndi sangeet welcome party,other,1,1
mehndi venue,other,1,1
member feature,other,1,1
membership chair,hair,1,1
men's attire,attire,1,1
men’s tux,attire,1,1
mendhi artist,other,1,1
mensweare,attire,1,1
mentalist,other,1,1
mentalist entertainer,other,1,1
menu printing,other,1,1
menus & stationery,stationery,1,1
meredith’s dress,attire,1,1
message me directly,other,1,1
meteorologist,other,1,1
mia &,other,1,1
micellar water,other,1,1
michael’s suit,attire,1,1
michelle dupretti events,other,1,1
mike d chicago,other,1,1
mini,other,1,1
mini charcuterie,other,1,1
mini pancakes,cake,1,1
mini wedding cakes,cake,1,1
mira couture,other,1,1
miriam’s stunning bouquet by,other,1,1
mise en place & table rental,rentals,1,1
mixing + mastering,jeweler,1,1
mixologists,other,1,1
mob dress,attire,1,1
mobile beverage cart,other,1,1
mobile beverage service,other,1,1
mocktail mixology,other,1,1
mocktails & coffee bar,other,1,1
mocktails provided by,other,1,1
model and creative director,other,1,1
model dog,other,1,1
model is,other,1,1
model makeup & hair,hair,1,1
modern & clean,other,1,1
modern bridal minimalism,attire,1,1
modern luxury,other,1,1
modern luxury weddings chicago fall,other,1,1
modern south asian bridal beauty,beauty_other,1,1
moira + andrew,other,1,1
molly,other,1,1
mom and moh hair & makeup,hair,1,1
moments from becky + ryan,other,1,1
moments made softer with,other,1,1
momentum,other,1,1
moody engagement photos,photographer,1,1
moonhouse productions,other,1,1
moose nanny,other,1,1
morning catering,catering,1,1
mostly film all scanned by,videographer,1,1
mother of bride dress,attire,1,1
mother of the wedding gown,attire,1,1
mother’s day minis at le loft,other,1,1
motion picture process + scan,other,1,1
mua kasha with,beauty_other,1,1
muah guest couples,beauty_other,1,1
muh,other,1,1
muha,other,1,1
museum,other,1,1
music & av,musician,1,1
music & immersive entertainment,dj,1,1
music + lighting,musician,1,1
music and light,musician,1,1
music band,band,1,1
musical talent with,musician,1,1
my amazing second photographer,photographer,1,1
my blushing bride makeup for,makeup,1,1
my fast,other,1,1
my first ever nybfw,other,1,1
my new fave palette,other,1,1
nail design,other,1,1
nails & model,other,1,1
napkin rentals,rentals,1,1
napkin ring rentals,rentals,1,1
natalie probst photography,photographer,1,1
nate tux,attire,1,1
nate's shoes,attire,1,1
nearly one,other,1,1
negroni week,other,1,1
neon,other,1,1
neon sign,other,1,1
newspaper,stationery,1,1
next up in newlywed news,other,1,1
nfp,other,1,1
nicole bijou,other,1,1
nicole mitchell flute,other,1,1
night before catering,catering,1,1
night before cigar bar,other,1,1
night before dinner bar,catering,1,1
night snacks,other,1,1
night time espresso service,other,1,1
nikkah day signage,other,1,1
nikkah makeup,makeup,1,1
nikkah mua,beauty_other,1,1
nikkah outfit,attire,1,1
nikkah venue,venue,1,1
nikosflowerdesigns,florist,1,1
no one sets the mood like,other,1,1
non profit organization,other,1,1
nora’s dress,attire,1,1
not pictured,other,1,1
not surprised to see it featured in,other,1,1
note,other,1,1
nothing better then golden hour,other,1,1
notification of decisions,other,1,1
nouvelle events,other,1,1
nuage linens,rentals,1,1
nuptial mass,other,1,1
off to date night,other,1,1
officiants,officiant,1,1
oh and also,other,1,1
oh my,other,1,1
ohana events inc,other,1,1
ok wait,other,1,1
old north film co,videographer,1,1
olive you nanny agency,other,1,1
one way paris is like chicago,other,1,1
one word to describe this,other,1,1
online,other,1,1
onsite artist,other,1,1
opera pumps,other,1,1
operator,other,1,1
or contact us at sales,other,1,1
orchestra,other,1,1
other rentals,rentals,1,1
our ann arbor,other,1,1
our beautiful,other,1,1
our favorite cookies gifted by,other,1,1
our favorite kind of delivery,other,1,1
our hotel's award,hotel,1,1
our modern mexican,other,1,1
our on,other,1,1
our second,other,1,1
our smoked salmon mille,other,1,1
our team was honored to co,other,1,1
ovation,other,1,1
overflow stay,florist,1,1
oysters,other,1,1
pa,other,1,1
paan,other,1,1
paan station,other,1,1
packed dance floor by,other,1,1
padma shankar violin and vocals,other,1,1
paebaek set up by,other,1,1
painted backdrop,other,1,1
painting,other,1,1
paletas,other,1,1
pancakes,cake,1,1
panning,other,1,1
pants,other,1,1
paper & invitation design,stationery,1,1
paper butterflies,stationery,1,1
paper design,stationery,1,1
paper goods by,stationery,1,1
paperie & illustrations,stationery,1,1
papers and details styling,stationery,1,1
paramount events,other,1,1
parent transportation,transportation,1,1
party,other,1,1
party dress & accessories,attire,1,1
party dress designer,attire,1,1
party makeup by,makeup,1,1
party planner,planner,1,1
party setup &av,other,1,1
party supplies,other,1,1
party supplies & rentals l,rentals,1,1
party transportation,transportation,1,1
passed catering,catering,1,1
pastry,other,1,1
patisserie,other,1,1
patisserie bar,other,1,1
patrice’s dress,attire,1,1
paws x pendry,other,1,1
payment partner,other,1,1
pearl hair pins,hair,1,1
pennie & greg’s elegant wedding at,other,1,1
percussion,other,1,1
percussionist,other,1,1
perfect setting made by,other,1,1
performance residency,other,1,1
performance sanati,other,1,1
perfume,other,1,1
permanent bracelets,other,1,1
persian ceremony,other,1,1
persian ceremony decor and photowall,photographer,1,1
personal florals & installation,florist,1,1
personal vows before ceremony,other,1,1
pet service,other,1,1
pet services,other,1,1
pet sitter,other,1,1
phone book,other,1,1
phone both,other,1,1
phone case,other,1,1
phone guest book,other,1,1
phot,other,1,1
photo & content,photographer,1,1
photo & video by,photographer,1,1
photo + photobooth,photobooth,1,1
photo + video + content,photographer,1,1
photo assistant + content,photographer,1,1
photo booth experience,photobooth,1,1
photo booth rental,photobooth,1,1
photo booth time,photobooth,1,1
photo by eva ho photography,photographer,1,1
photo by my incredible mother,photographer,1,1
photo credit to,photographer,1,1
photo credits to,photographer,1,1
photo creds,photographer,1,1
photo l,photographer,1,1
photo nikkah,photographer,1,1
photo of drinks,photographer,1,1
photo shaadi,photographer,1,1
photo shoot place,photographer,1,1
photo studio,photographer,1,1
photo styling,photographer,1,1
photo valima,photographer,1,1
photo video & photo booth,photobooth,1,1
photo&video,photographer,1,1
photo+vid,photographer,1,1
photoagrapher,photographer,1,1
photobooth & glambot,photobooth,1,1
photobooth + catering,photobooth,1,1
photobooth saturday,photobooth,1,1
photogragraphy,photographer,1,1
photograher,photographer,1,1
photograoher,photographer,1,1
photographed,photographer,1,1
photographed as an associate for,photographer,1,1
photographed at,photographer,1,1
photographer & cinema,photographer,1,1
photographer & content,photographer,1,1
photographer & cover photo,photographer,1,1
photographer & photobooth,photobooth,1,1
photographer & photobooth services,photobooth,1,1
photographer &videographer,photographer,1,1
photographer + cover image,photographer,1,1
photographer + video,photographer,1,1
photographer anna bye,photographer,1,1
photographer credits,photographer,1,1
photographer jasmine oliver,photographer,1,1
photographer jeremy bustos,photographer,1,1
photographer tyler for,photographer,1,1
photographer videographer,photographer,1,1
photographer x filmmaker,photographer,1,1
photographer yours truly,photographer,1,1
photography & content,photographer,1,1
photography & cover photo,photographer,1,1
photography & drone image,photographer,1,1
photography & film,photographer,1,1
photography & photo booth,photobooth,1,1
photography & planning,planner,1,1
photography + content creation,photographer,1,1
photography + cover photo,photographer,1,1
photography + drone,photographer,1,1
photography by cage and aquarium,photographer,1,1
photography credit,photographer,1,1
photography director,photographer,1,1
photography for,photographer,1,1
photography keila,photographer,1,1
photography mehndi,photographer,1,1
photography second shooter,photographer,1,1
photograpy,photographer,1,1
photogropher,photographer,1,1
photogrpahy,photographer,1,1
photogrphy,photographer,1,1
photogs,photographer,1,1
photos and videos,photographer,1,1
photos by gwa member,photographer,1,1
photos by talented,photographer,1,1
photos by the super talented,photographer,1,1
photos by yours truly,photographer,1,1
photos captured & edited by,photographer,1,1
photos captured by,photographer,1,1
photos courtesy of,photographer,1,1
photos edited by,photographer,1,1
photos from the talented,photographer,1,1
photos from work in team with,photographer,1,1
photos of erin & marian by,photographer,1,1
photos of isabella & trae by,photographer,1,1
photos of rachel & ghengis by,photographer,1,1
photos posted,photographer,1,1
photos shown here captured by,photographer,1,1
photos taken by the fabulous,photographer,1,1
photos taken while assisting,photographer,1,1
photos taken while working for,photographer,1,1
photoshoot done by,photographer,1,1
photoshoot location,photographer,1,1
photoshoot place,photographer,1,1
phototgrapher,photographer,1,1
phototography,photographer,1,1
photpgraphy,other,1,1
pictures,other,1,1
pictures by the talented,other,1,1
pieces,other,1,1
pilates & pour,other,1,1
pillars design inspired by,other,1,1
pin spotting,other,1,1
pipe & drape,other,1,1
pizza,other,1,1
pizza & vibes,other,1,1
pjs,other,1,1
placemats,other,1,1
placesetting,other,1,1
planet chambo is sponsored by,other,1,1
planing,other,1,1
planned and by stephanie,planner,1,1
planned and executed by,planner,1,1
planner & bride,planner,1,1
planner & designer & stationery,planner,1,1
planner & floral,planner,1,1
planner & photobooth,photobooth,1,1
planner & stylist,planner,1,1
planner + floral + designer,planner,1,1
planner + florals,planner,1,1
planner + styling,planner,1,1
planner alyssa,planner,1,1
planner chrissy magliano,planner,1,1
planner frank andonoplas,planner,1,1
planner giovanna danno,planner,1,1
planner incredible,planner,1,1
planner jenny bartkus,planner,1,1
planner jesse deckard,planner,1,1
planner johnna neilson,planner,1,1
planner katie goggin,planner,1,1
planner lauren knuepfer rozum,planner,1,1
planner rupal patel,planner,1,1
planner shaun rajah,planner,1,1
planner support,planner,1,1
planning & coordinating,planner,1,1
planning & event design,planner,1,1
planning & event management,planner,1,1
planning & execution,planner,1,1
planning & mobile bar,planner,1,1
planning & photo,planner,1,1
planning & styling,planner,1,1
planning + design + styling,planner,1,1
planning + floral,planner,1,1
planning ahead has its perks at,planner,1,1
planning and catering,planner,1,1
planning and floral,planner,1,1
planning and signage,planner,1,1
planning by the incredible,planner,1,1
planning emma with,planner,1,1
planning from,planner,1,1
planning guidance,planner,1,1
planning services,planner,1,1
plant nursery,other,1,1
plant rentals,rentals,1,1
plants,other,1,1
podcast host,other,1,1
polish charcuterie,other,1,1
popsicles,other,1,1
portrait bar,other,1,1
portrait by my friend,other,1,1
portrait experience,other,1,1
portrait studio,other,1,1
portrait venue,venue,1,1
portraits of your personal palace,other,1,1
post inspo,other,1,1
post wedding session hotel,hotel,1,1
pots,other,1,1
powder blush,other,1,1
power,other,1,1
pr agency,other,1,1
pre wedding services,other,1,1
pre wedding venue,venue,1,1
prep location,other,1,1
prep venue,venue,1,1
preparation and portraits,other,1,1
presented in collaboration with,other,1,1
presenting sponsor,other,1,1
presenting the gilberts,other,1,1
presenting the larsons,other,1,1
presenting the lonetrees,other,1,1
presenting the mccalebs,other,1,1
presenting the mcgraths,other,1,1
preservation of bouquet,other,1,1
pressed powder,other,1,1
pretty paper design,stationery,1,1
prewedding venue,venue,1,1
priest,other,1,1
princess,other,1,1
printed items & invitations,stationery,1,1
printed material and signs,other,1,1
private car service,other,1,1
private residence,other,1,1
production & dj,dj,1,1
production & florals,florist,1,1
production and decor,rentals,1,1
production and fabrication support,other,1,1
production and lighting,other,1,1
production and vogue photobooth,photobooth,1,1
production by,other,1,1
production company,other,1,1
production design,other,1,1
production designer,other,1,1
production rentals,rentals,1,1
production sound & lighting,other,1,1
professional trader,other,1,1
program,other,1,1
programs chair,hair,1,1
projectors & screens,other,1,1
promoter,other,1,1
pronovias,other,1,1
prosecco provided by,other,1,1
proud of this one featured in,other,1,1
public relations,other,1,1
publicist,other,1,1
published by,other,1,1
published in,other,1,1
publisher & concept,other,1,1
pull tabs,other,1,1
pups,other,1,1
pups caretakers,other,1,1
purse & shoes,attire,1,1
pushpachitra by,other,1,1
r&r logo,other,1,1
rachael + billy,other,1,1
rachel + austin,other,1,1
rachel + david wedding,other,1,1
rankings per,other,1,1
ravichandra kulur flute,other,1,1
raw bar ice,other,1,1
reach out for details at info,other,1,1
rebecca & kathryn stylist,other,1,1
rebekah,other,1,1
recent work for,other,1,1
reception & accomodations,other,1,1
reception attire,attire,1,1
reception caterer,catering,1,1
reception day mua,beauty_other,1,1
reception florals,florist,1,1
reception florist,florist,1,1
reception food,catering,1,1
reception lighting,other,1,1
reception live painter,other,1,1
reception lwd,other,1,1
reception makeup,makeup,1,1
reception outfit,attire,1,1
reception portrait studio,other,1,1
reception shoes,attire,1,1
reception signage,other,1,1
reception singer,other,1,1
reception site,other,1,1
reel by,other,1,1
reel creator,other,1,1
reel song,other,1,1
refining the industrial,other,1,1
rehearsal dinner + welcome event,catering,1,1
rehearsal dinner + welcome reception,catering,1,1
rehearsal dress,attire,1,1
rehearsal makeup,makeup,1,1
removals + clean ups,other,1,1
rental decor,rentals,1,1
rentals & catering,catering,1,1
rentals & chairs,hair,1,1
rentals & custom designs,rentals,1,1
rentals & design,rentals,1,1
rentals & furnishings,rentals,1,1
rentals & lighting,rentals,1,1
rentals & production,rentals,1,1
rentals + draping,rentals,1,1
rentals + photobooth,photobooth,1,1
rentals and linen,rentals,1,1
rentals by,rentals,1,1
rentals from,rentals,1,1
reposting from,other,1,1
reserve your spot via,other,1,1
restroom trailer,other,1,1
retailer,other,1,1
retouch,other,1,1
retro boat,other,1,1
retro car,other,1,1
revel global events,other,1,1
reverend,other,1,1
ribbon,other,1,1
rico mash,other,1,1
ridge country club,other,1,1
ring & jewelry,jeweler,1,1
ring box,jeweler,1,1
ring designer,jeweler,1,1
rings & bridal jewelry,attire,1,1
rings custom by john rowe,jeweler,1,1
rings from,jeweler,1,1
rings made by,jeweler,1,1
river room,other,1,1
roaming cannolis,other,1,1
roaring twenties fashion,jeweler,1,1
roast night outfit,attire,1,1
robe and pjs,other,1,1
robert,other,1,1
roberto mantica,other,1,1
robot,other,1,1
romance & reverie,other,1,1
roof presents,other,1,1
rooftop,other,1,1
rooftop drinks,catering,1,1
rooftop party,other,1,1
rooftop season is in full swing at,other,1,1
rooftop venue,venue,1,1
rooted dental,other,1,1
royal sonesta river north,other,1,1
runway prodction,other,1,1
sacred heart school,other,1,1
sailboat,other,1,1
sally traxler,other,1,1
salvadoran pastries,other,1,1
samantha elizabeth photography,photographer,1,1
samba dance crew,other,1,1
sangeet,other,1,1
sangeet caterer,catering,1,1
sangeet decor,rentals,1,1
sangeet dj,dj,1,1
sangeet service,other,1,1
sarah’s house,other,1,1
saree,other,1,1
saturday brunch,other,1,1
saturday may tenth with matt + mia,other,1,1
saturday night,other,1,1
saturday venue,venue,1,1
saturday w,other,1,1
saturday we wrap up at,other,1,1
save the date & invitation liner,stationery,1,1
save the date liner,other,1,1
saxaphone,musician,1,1
saxaphonist,musician,1,1
saxophonist with,musician,1,1
scanned and processed by,other,1,1
scarf,other,1,1
scene set,other,1,1
scenic production,other,1,1
scent,other,1,1
scenting,other,1,1
scotch lodge x pendry chicago,other,1,1
scott’s tux,attire,1,1
sculpture by,other,1,1
seating chart & draping,other,1,1
seating chart wall,other,1,1
seating chart wood buffet,other,1,1
second camera,other,1,1
second line,other,1,1
second look dress,attire,1,1
second shooter for,other,1,1
second shooter video,videographer,1,1
second shot,other,1,1
second shot for my gal,other,1,1
second shot for my girl,other,1,1
second shot for the talented,other,1,1
second shot for the wonderful,other,1,1
second shot with,other,1,1
second shot with the lovely,other,1,1
second slide,other,1,1
second videography,videographer,1,1
see our skilled on,other,1,1
selfie booth,other,1,1
senior planner,planner,1,1
september,other,1,1
servers,other,1,1
servers & staffing,other,1,1
set days with,other,1,1
set dresser,attire,1,1
set production & lightning,other,1,1
set up,other,1,1
sfx,other,1,1
shaadi & valima decor,rentals,1,1
shaadi dj,dj,1,1
shaadi outfit,attire,1,1
shaadi photographer,photographer,1,1
shadow palette,other,1,1
shalimah dj,dj,1,1
shalimah makeup,makeup,1,1
shalimah photographer,photographer,1,1
shalimah venue,venue,1,1
shamrocks on state,other,1,1
sherwani,other,1,1
shirt design,other,1,1
shoe,attire,1,1
shoes & jacket,attire,1,1
shoes designer,attire,1,1
shoot concept & execution,other,1,1
shoot host & stylist,other,1,1
shoot location,other,1,1
shoot planning + design,planner,1,1
shooting film for,videographer,1,1
shoreline sightseeing,other,1,1
short,other,1,1
shorts,other,1,1
shot alongside,other,1,1
shot as an associate for,other,1,1
shot at,other,1,1
shot by the incredible,other,1,1
shot for the queen herself,other,1,1
shot with creative vision by,other,1,1
shoutout to the women behind it all,other,1,1
shubhendra rao sitar,other,1,1
shuttle bus,other,1,1
shuttle transportation,transportation,1,1
shuttles,other,1,1
sicilian band,band,1,1
signage & games,other,1,1
signage + stationery,stationery,1,1
signage and printed items,other,1,1
signage design,other,1,1
signature cocktails,other,1,1
silent disco,other,1,1
silent disco dj,dj,1,1
silks,other,1,1
silver platter,other,1,1
silverware,other,1,1
simone wears,other,1,1
sip and rnb social,other,1,1
sitar & tabla,other,1,1
siv's dress,attire,1,1
siv's shoes,attire,1,1
sleeve & train,other,1,1
slushy machine + golf green,other,1,1
small chops,other,1,1
smokey eyes on,other,1,1
snack bar,other,1,1
snackbar,other,1,1
so easy to fall in love with,other,1,1
social content creators,content_creator,1,1
social video producer,videographer,1,1
soft seating,other,1,1
softness at the joinery,other,1,1
solo bride,other,1,1
some sights from,other,1,1
sometimes you need an evening pick,other,1,1
sophie cazottes photography,photographer,1,1
soumaya’s mua,beauty_other,1,1
sound investment,other,1,1
sound lights,other,1,1
sounds & lighting,other,1,1
sounds & lights,other,1,1
sp wedding,other,1,1
space,other,1,1
sparklers by,other,1,1
sparkling wine,other,1,1
sparks flew,other,1,1
speaker hair and makeup,hair,1,1
special effects,other,1,1
special performance,other,1,1
special performance by,other,1,1
special rentals,rentals,1,1
special s,other,1,1
speciality linens,rentals,1,1
specialty and tabletop rentals,rentals,1,1
specialty chocolates,other,1,1
specialty coffee,other,1,1
specialty entertainment,dj,1,1
specialty heaters,other,1,1
specialty rentals & lighting,rentals,1,1
specialty sweetheart & cake tables,cake,1,1
spray and brows by,other,1,1
spray tan by,other,1,1
spring mornings in paris,jeweler,1,1
ss shot for,other,1,1
stage facade,other,1,1
stained glass,other,1,1
starring,jeweler,1,1
start your thanksgiving right,other,1,1
stationaries,other,1,1
stationary & drink wall,stationery,1,1
stationary & signage by,stationery,1,1
stationary for on site items,stationery,1,1
stationery & calligraphy,stationery,1,1
stationery & graphics,stationery,1,1
stationery + day of goods,stationery,1,1
stationery + day of paper,stationery,1,1
stationery + invites,stationery,1,1
stationery and decor,stationery,1,1
stationery printing,stationery,1,1
stationery suite,attire,1,1
stay & stroll,other,1,1
steadicam,other,1,1
stella + jared featured on,other,1,1
stella + noah at,other,1,1
step onto the green,other,1,1
steph’s dress,attire,1,1
stephanie & nick,other,1,1
steve’s flower market,florist,1,1
sticker vending machine,other,1,1
still photos by,photographer,1,1
stilt walkers,other,1,1
stockist,other,1,1
string duet,jeweler,1,1
string quarter,jeweler,1,1
stringlights and lighting,jeweler,1,1
strings + horns,musician,1,1
strings duo,musician,1,1
strolling champagne dress,attire,1,1
studbooks aren't a dating app,other,1,1
studio associate,other,1,1
studio chere,other,1,1
studio photography by,photographer,1,1
stunning photos by,photographer,1,1
stunning shots courtesy of,other,1,1
stunning white and blue wedding,other,1,1
style & muah,beauty_other,1,1
style guide,other,1,1
style team,other,1,1
styled and planned,planner,1,1
styling & design,other,1,1
styling and design,other,1,1
styling and planning,planner,1,1
styling assistance,other,1,1
styling direction,other,1,1
suit & tuxedo rentals,attire,1,1
suit and dress tailor,attire,1,1
suit by,attire,1,1
suit rental,attire,1,1
suit shop,attire,1,1
summer never ends at,other,1,1
summer weddings on twenty,other,1,1
sun,other,1,1
sunday & monday photography,photographer,1,1
sunless tan,other,1,1
sunnah table setting,other,1,1
surprise entertainment,dj,1,1
sushi,other,1,1
sustainability is a long,other,1,1
swag bag curation,other,1,1
swag items,other,1,1
sweater,other,1,1
sweet mandybs,other,1,1
sweet treats,other,1,1
sweetheart table linen,rentals,1,1
sweets display,other,1,1
sweets for sweethearts by,other,1,1
sweets table,other,1,1
t r u n k s h o w,other,1,1
table & chairs,hair,1,1
table + chair rentals,hair,1,1
table + chairs,hair,1,1
table decor & main hall furniture,rentals,1,1
table details,other,1,1
table number and seating chart,other,1,1
table scape decor,rentals,1,1
table settings + rentals,rentals,1,1
table top,other,1,1
table top rentals & lounge,rentals,1,1
tables and chairs,hair,1,1
tablescape flowers,florist,1,1
tablescapes rental,rentals,1,1
tabletop & rentals,rentals,1,1
tabletop and chairs,hair,1,1
tabletop and linens,rentals,1,1
tablewares,other,1,1
taco fiesta at,other,1,1
taken while second shooting for,other,1,1
talented videographer,videographer,1,1
talia & kyle,other,1,1
tamara & rakesh,other,1,1
tamborazo,other,1,1
tara + chris,other,1,1
tarot reader,other,1,1
tasting + cover photo caterer,photographer,1,1
tasting at,other,1,1
tattoo station,other,1,1
tax rules are changing,other,1,1
taylor & ryan,other,1,1
taylor make up,other,1,1
tdf events,other,1,1
tea bar,other,1,1
tea ceremony design,other,1,1
technical design + production,other,1,1
technical production,other,1,1
teeth whitening,other,1,1
telephone booth,other,1,1
template from,other,1,1
tent + rentals,rentals,1,1
tent and flooring,jeweler,1,1
tent and generator,other,1,1
tent chandelier,other,1,1
textile art & draping,other,1,1
textile artist,other,1,1
thank you for sharing,jeweler,1,1
thank you for sharing your gallery,jeweler,1,1
thank you for such a memorable wine,other,1,1
thank you for the beautiful photos,photographer,1,1
thank you for the love becky,other,1,1
thank you for these gorgeous lashes,other,1,1
thank you mala and,other,1,1
thank you to the talented,other,1,1
thanks,other,1,1
thanks for sharing,jeweler,1,1
that’s exactly why we do what we do,other,1,1
that’s right,other,1,1
the altar bridal,attire,1,1
the best party of your life,other,1,1
the booth bus,other,1,1
the cmb pop,other,1,1
the creative planners,planner,1,1
the cutest baby shower for,other,1,1
the debut issue under new editor,other,1,1
the floral enchantment and table set,florist,1,1
the flower firm,florist,1,1
the gardner school,other,1,1
the glam,other,1,1
the heart behind dejanae events and,other,1,1
the host,other,1,1
the ilbgf power brunch,other,1,1
the joinery from above,other,1,1
the koch + dola wedding,other,1,1
the makings of a great event,other,1,1
the most concealer in peach,other,1,1
the most gorgeous celebration for,other,1,1
the news has developed,other,1,1
the party doesn’t stop,other,1,1
the place,other,1,1
the queen,other,1,1
the quest for the ultimate dinner,catering,1,1
the stunning bride,other,1,1
the sweetest engagement captured at,other,1,1
the tux,attire,1,1
the two,other,1,1
the venue was the gorgeous,venue,1,1
the wait is over,other,1,1
theirs was an absolutely joy,other,1,1
then we have the av,other,1,1
there are chicago venues,venue,1,1
these florals tho,florist,1,1
things we love,other,1,1
third dress,attire,1,1
third shooter,other,1,1
this cabo,other,1,1
this easter,other,1,1
this fun,other,1,1
this italian,other,1,1
this month’s lunch break,other,1,1
this morning’s bride,other,1,1
this one,other,1,1
this one was special,other,1,1
this thursday’s all,other,1,1
this wedding was a full,other,1,1
this weekend at,other,1,1
thistle and plume,other,1,1
thomas’s attire,attire,1,1
three years with,other,1,1
thursday night,other,1,1
thursday nights start here with,other,1,1
thursday w,other,1,1
tickets include the full experience,other,1,1
tiny tini's,other,1,1
tip of the day,other,1,1
tiramisu,other,1,1
tiramisu cake,cake,1,1
title sponsor,other,1,1
to schedule a tour or inquire,other,1,1
today’s final walk,other,1,1
tomeka reid cello,other,1,1
tomorrow,other,1,1
tonight at,other,1,1
tooth gems,other,1,1
top hotel venue,venue,1,1
topper by,other,1,1
tops,other,1,1
touch,other,1,1
transforming the start,other,1,1
transit,other,1,1
transportation for wedding party,transportation,1,1
travel advisor,other,1,1
treat,other,1,1
trolleys,other,1,1
tropical plants,other,1,1
trust,other,1,1
tuk tuk,other,1,1
tulle top,other,1,1
tunes by,other,1,1
tuxedo designer,attire,1,1
tuxes by,attire,1,1
tvs,other,1,1
twenty,other,1,1
two complimentary pre,other,1,1
two of my new favorite things,other,1,1
two of our favorite things,other,1,1
two years today,other,1,1
typeface,other,1,1
umbrellas,other,1,1
university of notre dame,other,1,1
uod,other,1,1
up first is our award,other,1,1
up next,other,1,1
urban allure events,other,1,1
urban canvas events,other,1,1
valet & transportation,transportation,1,1
valima photographer,photographer,1,1
vanue,other,1,1
veil + gloves,other,1,1
veil designer,other,1,1
velvet place cards,other,1,1
vendor,other,1,1
vendor feature,other,1,1
vendor highlight,other,1,1
vendor of the week highlight,other,1,1
vendor spotlight of the week,other,1,1
venue & accommodations,venue,1,1
venue & coordinator,venue,1,1
venue & designer,venue,1,1
venue & photo booth,photobooth,1,1
venue & planners,venue,1,1
venue &linen,venue,1,1
venue + beverage,venue,1,1
venue + catering + bar,venue,1,1
venue + catering + cake,venue,1,1
venue + coordinator,venue,1,1
venue and caterer,venue,1,1
venue and coordinators,venue,1,1
venue and dinner,venue,1,1
venue cocktail hour,venue,1,1
venue decor,venue,1,1
venue here,venue,1,1
venue location,venue,1,1
venue management and bar,venue,1,1
venue photographer,venue,1,1
venue setup & catering by,venue,1,1
venue spotlight,venue,1,1
venues we love flowering,venue,1,1
vespa,other,1,1
vfx,other,1,1
videgrapher,other,1,1
video and dj,videographer,1,1
video content,videographer,1,1
video courtesy of,videographer,1,1
video credit,videographer,1,1
video credits,videographer,1,1
video editing,videographer,1,1
video film,videographer,1,1
video for,videographer,1,1
video is by,videographer,1,1
video postcards from,videographer,1,1
videographer & drone,videographer,1,1
videography & content,videographer,1,1
videography & film photos,photographer,1,1
videography & tablescape drone still,videographer,1,1
videography and dj,videographer,1,1
videography from,videographer,1,1
videography host,videographer,1,1
videography team,videographer,1,1
videogtapher's assistant,videographer,1,1
videos,videographer,1,1
videos courtesy of,videographer,1,1
villa chef,other,1,1
vintage dress,attire,1,1
vintage glassware & cake stand,cake,1,1
vintage ice cream cart,other,1,1
vintage phone,other,1,1
vinyl,other,1,1
vinyl + printing,other,1,1
vinyl dance floor,other,1,1
vinyl installation,other,1,1
violists,other,1,1
vip educator,other,1,1
vision and floral design,florist,1,1
visit link in bio or drop us a note,other,1,1
visit venteux,other,1,1
visiting company,other,1,1
viva fridays at,other,1,1
vive dream design,other,1,1
vodka,other,1,1
vote for us daily now,other,1,1
wardrobe & jewelry,jeweler,1,1
water fountain,other,1,1
water ice,other,1,1
wcf events,other,1,1
we celebrated co,other,1,1
we love a good party at,other,1,1
we loved co,other,1,1
we might be well,other,1,1
we officially launched our micro,other,1,1
we re,other,1,1
we stopped by for a behind,other,1,1
we’re celebrating three of our own,other,1,1
we’re four,other,1,1
we’re so grateful to,other,1,1
wearing,jeweler,1,1
website,other,1,1
website designer,other,1,1
wed,other,1,1
wedding & reception,other,1,1
wedding & reception decor,rentals,1,1
wedding & reception venue,venue,1,1
wedding attire from,attire,1,1
wedding band via,band,1,1
wedding bridal shop,attire,1,1
wedding cake & desserts,cake,1,1
wedding caterer,catering,1,1
wedding catering,catering,1,1
wedding consultant & designer,other,1,1
wedding content,videographer,1,1
wedding context creator,other,1,1
wedding coordination and florals,planner,1,1
wedding cordinator,other,1,1
wedding cupcakes sweet mandy b’s,cake,1,1
wedding dance choreographer,other,1,1
