label_raw,n,v9_roles,d056_roles,event_context,participant,rule_id
venue,6762,venue,venue,wedding_day,,exact
photography,2868,photographer,photographer,wedding_day,,exact
planner,2799,planner,planner,wedding_day,,exact
catering,2787,catering,catering,wedding_day,,exact
photographer,2515,photographer,photographer,wedding_day,,exact
dj,2401,dj,dj,wedding_day,,exact
planning,2381,planner,planner,wedding_day,,exact
hair,2345,hair,hair,wedding_day,,exact
rentals,2147,rentals,rentals,wedding_day,,exact
photo,2008,photographer,photographer,wedding_day,,exact
cake,2006,cake,cake,wedding_day,,exact
florals,2006,florist,florist,wedding_day,,exact
makeup,1934,makeup,makeup,wedding_day,,exact
dress,1809,attire,attire,wedding_day,,exact
floral,1517,florist,florist,wedding_day,,exact
florist,1468,florist,florist,wedding_day,,exact
at @,1296,venue,venue,wedding_day,,exact
entertainment,1254,dj,dj,wedding_day,,exact
video,1204,videographer,videographer,wedding_day,,exact
band,1088,band,band,wedding_day,,exact
linens,806,rentals,rentals,wedding_day,,exact
hair & makeup,779,hair,hair|makeup,wedding_day,,exact
transportation,769,transportation,transportation,wedding_day,,exact
videography,730,videographer,videographer,wedding_day,,exact
decor,713,rentals,decor_other,wedding_day,,exact
beauty,697,beauty_other,hair|makeup,wedding_day,,exact
videographer,654,videographer,videographer,wedding_day,,exact
lighting,620,other,lighting_production,wedding_day,,exact
bride,573,other,,wedding_day,bride,participant
stationery,534,stationery,stationery,wedding_day,,exact
couple,524,other,,wedding_day,couple,participant
content creator,495,content_creator,content_creator,wedding_day,,exact
caterer,460,catering,catering,wedding_day,,exact
music,445,musician,live_music,wedding_day,,exact
photos,427,photographer,photographer,wedding_day,,exact
photo booth,416,photobooth,photo_booth,wedding_day,,exact
#hashtag,373,venue,venue,wedding_day,,exact
coordinator,371,planner,coordinator,wedding_day,,exact
suit,361,attire,attire,wedding_day,,exact
models,349,other,,wedding_day,model,participant
photobooth,348,photobooth,photo_booth,wedding_day,,exact
gown,344,attire,attire,wedding_day,,exact
hotel,338,hotel,accommodations,wedding_day,,exact
hair and makeup,333,hair,hair|makeup,wedding_day,,exact
design,332,other,event_design,wedding_day,,exact
hmu,331,beauty_other,hair|makeup,wedding_day,,exact
sp couple,316,other,,wedding_day,couple,participant
flowers,309,florist,florist,wedding_day,,exact
stationary,306,stationery,stationery,wedding_day,,exact
linen,293,rentals,rentals,wedding_day,,exact
wedding planner,289,planner,planner,wedding_day,,exact
hmua,287,beauty_other,hair|makeup,wedding_day,,exact
venue management & bar,286,venue,venue_management|bar_service,wedding_day,,exact
mua,276,beauty_other,makeup,wedding_day,,exact
coordination,257,planner,coordinator,wedding_day,,exact
planning & design,255,planner,planner|event_design,wedding_day,,exact
wedding dress,253,attire,attire,wedding_day,,exact
groom,247,other,,wedding_day,groom,participant
invitations,243,stationery,stationery,wedding_day,,exact
officiant,228,officiant,officiant,wedding_day,,exact
dessert,225,cake,desserts,wedding_day,,exact
jewelry,214,jeweler,jewelry,wedding_day,,exact
tux,209,attire,attire,wedding_day,,exact
reception,209,venue,venue,reception,,phase_venue
hair + makeup,207,hair,hair|makeup,wedding_day,,exact
floral design,202,florist,florist,wedding_day,,exact
content,201,videographer,content_creator,wedding_day,,exact
rings,195,jeweler,jewelry,wedding_day,,exact
shoes,184,attire,accessories,wedding_day,,exact
content creation,184,videographer,content_creator,wedding_day,,exact
glam,169,other,makeup,wedding_day,,exact
planning and design,162,planner,planner|event_design,wedding_day,,exact
desserts,155,cake,desserts,wedding_day,,exact
tent,153,other,tent,wedding_day,,exact
paper goods,152,stationery,stationery,wedding_day,,exact
photo credit,152,photographer,photographer,wedding_day,,exact
production,145,other,lighting_production,wedding_day,,exact
hair stylist,143,hair,hair,wedding_day,,exact
at @ (secondary/stay),143,other,accommodations,getting_ready,,exact
model,140,other,,wedding_day,model,participant
ceremony,139,venue,venue,ceremony,,phase_venue
photography by,129,photographer,photographer,wedding_day,,exact
venue & catering,123,venue,venue|catering,wedding_day,,exact
floral & decor,122,florist,florist|decor_other,wedding_day,,exact
florals & decor,122,florist,florist|decor_other,wedding_day,,exact
alcohol,120,other,bar_service,wedding_day,,exact
make up,118,other,makeup,wedding_day,,exact
bakery,118,cake,cake,wedding_day,,exact
beauty team,117,beauty_other,hair|makeup,wedding_day,,exact
makeup artist,116,makeup,makeup,wedding_day,,exact
host,116,other,,wedding_day,host_family,participant
bar,116,other,bar_service,wedding_day,,exact
location,115,other,venue,wedding_day,,exact
gowns,115,attire,attire,wedding_day,,exact
menswear,112,attire,attire,wedding_day,,exact
bridal attire,111,attire,attire,wedding_day,,exact
tabletop,102,other,rentals,wedding_day,,exact
cover photo,101,photographer,photographer,wedding_day,,exact
dresses,100,attire,attire,wedding_day,,exact
bridal gown,99,attire,attire,wedding_day,,exact
chairs,98,hair,rentals,wedding_day,,exact
second photographer,98,photographer,second_shooter,wedding_day,,exact
suits,97,attire,attire,wedding_day,,exact
attire,97,attire,attire,wedding_day,,exact
accommodations,97,other,accommodations,wedding_day,,exact
reception venue,95,venue,venue,reception,,phase_venue
hair & makeup by yours truly,93,hair,hair|makeup,wedding_day,,exact
styling,93,other,event_design,wedding_day,,exact
live painter,89,other,live_painter,wedding_day,,exact
bridesmaids dresses,87,attire,attire,wedding_day,,exact
photos by,87,photographer,photographer,wedding_day,,exact
photo team,87,photographer,photographer,wedding_day,,exact
church,85,venue,venue,ceremony,,phase_venue
event planner,83,planner,planner,wedding_day,,exact
draping,82,other,lighting_production,wedding_day,,exact
photo & video,82,photographer,photographer|videographer,wedding_day,,exact
bridesmaid dresses,81,attire,attire,wedding_day,,exact
veil,78,other,accessories,wedding_day,,exact
floral + decor,78,florist,florist|decor_other,wedding_day,,exact
transport,78,transportation,transportation,wedding_day,,exact
planners,77,planner,planner,wedding_day,,exact
film,76,videographer,videographer,wedding_day,,exact
valet,76,other,valet,wedding_day,,exact
jeweler,75,jeweler,jewelry,wedding_day,,exact
photo + video,75,photographer,photographer|videographer,wedding_day,,exact
stylist,75,other,event_design,wedding_day,,exact
dress designer,75,attire,attire,wedding_day,,exact
dresser,75,attire,attire,wedding_day,,exact
ceremony music,72,musician,live_music,ceremony,,exact
cinematography,72,other,videographer,wedding_day,,exact
signage,72,other,signage,wedding_day,,exact
hair & make up,71,hair,hair|makeup,wedding_day,,exact
groom attire,71,attire,attire,wedding_day,,exact
design + floral,70,florist,florist|event_design,wedding_day,,exact
muse,68,other,,wedding_day,muse,participant
tableware,68,other,rentals,wedding_day,,exact
henna,67,other,beauty_services,wedding_day,,exact
hair + beauty,67,hair,hair|makeup,wedding_day,,exact
hosts,64,other,,wedding_day,host_family,participant
planning + design,64,planner,planner|event_design,wedding_day,,exact
violinist,63,other,live_music,wedding_day,,exact
bridesmaids,63,other,attire,wedding_day,,exact
sweets,62,other,desserts,wedding_day,,exact
photographers,61,photographer,photographer,wedding_day,,exact
make,60,other,makeup,wedding_day,,exact
accessories,59,other,accessories,wedding_day,,exact
photo by,59,photographer,photographer,wedding_day,,exact
live music,59,musician,live_music,wedding_day,,exact
rental,58,rentals,rentals,wedding_day,,exact
cinema,58,other,videographer,wedding_day,,exact
wedding cake,58,cake,cake,wedding_day,,exact
ceremony venue,57,venue,venue,ceremony,,phase_venue
groom’s attire,57,attire,attire,wedding_day,,exact
second shooter,55,other,second_shooter,wedding_day,,exact
wedding coordinator,53,planner,coordinator,wedding_day,,exact
hair by,52,hair,hair,wedding_day,,exact
ceremony musicians,52,musician,live_music,ceremony,,exact
cinematographer,52,other,videographer,wedding_day,,exact
day of coordinator,51,planner,coordinator,wedding_day,,exact
calligraphy,51,other,calligraphy,wedding_day,,exact
wedding gown,51,attire,attire,wedding_day,,exact
invitation,51,stationery,stationery,wedding_day,,exact
trolley,49,other,transportation,wedding_day,,exact
late night snack,49,other,desserts,wedding_day,,exact
venues,48,venue,venue,wedding_day,,exact
rehearsal dinner,48,catering,venue,rehearsal_dinner,,phase_venue
glam for,47,other,makeup,wedding_day,,exact
musicians,45,musician,live_music,wedding_day,,exact
strings,45,musician,live_music,wedding_day,,exact
dance floor,45,other,lighting_production,wedding_day,,exact
wedding dresser,44,attire,attire,wedding_day,,exact
photo and video,44,photographer,photographer|videographer,wedding_day,,exact
av,44,other,lighting_production,wedding_day,,exact
getting ready,42,other,venue,getting_ready,,phase_venue
bridal boutique,42,attire,attire,wedding_day,,exact
spray tan,42,other,beauty_services,wedding_day,,exact
hotels,42,hotel,accommodations,wedding_day,,exact
tabletop rentals,42,rentals,rentals,wedding_day,,exact
drapery,41,other,lighting_production,wedding_day,,exact
food,41,catering,catering,wedding_day,,exact
vintage car,41,other,transportation,wedding_day,,exact
mariachi,40,other,cultural_performers,wedding_day,,exact
featured on,39,other,press_feature,wedding_day,,press
day of coordination,39,planner,coordinator,wedding_day,,exact
h&mu,39,other,hair|makeup,wedding_day,,exact
hamu,39,other,hair|makeup,wedding_day,,exact
furniture,39,other,rentals,wedding_day,,exact
groom’s tux,38,attire,attire,wedding_day,,exact
makeup by,38,makeup,makeup,wedding_day,,exact
bride’s dress,38,attire,attire,wedding_day,,exact
cake + sweets,37,cake,cake|desserts,wedding_day,,exact
lighting & draping,37,other,lighting_production,wedding_day,,exact
pc,37,other,photographer,wedding_day,,exact
dress shop,37,attire,attire,wedding_day,,exact
event design,37,other,event_design,wedding_day,,exact
paper,37,stationery,stationery,wedding_day,,exact
venue + catering,37,venue,venue|catering,wedding_day,,exact
floral & design,37,florist,florist|event_design,wedding_day,,exact
planning & coordination,36,planner,planner|coordinator,wedding_day,,exact
tables,36,other,rentals,wedding_day,,exact
venue partners,36,other,noise,wedding_day,,noise
live band,36,band,band,wedding_day,,exact
specialty rentals,36,rentals,rentals,wedding_day,,exact
bride’s attire,36,attire,attire,wedding_day,,exact
the team that captured it all,35,other,noise,wedding_day,,noise
bridal hair,35,hair,hair,wedding_day,,exact
lighting & production,35,other,lighting_production,wedding_day,,exact
stationer,35,other,stationery,wedding_day,,exact
beauty + hair,35,hair,hair|makeup,wedding_day,,exact
bride’s shoes,35,attire,accessories,wedding_day,,exact
staff,34,other,noise,wedding_day,,noise
bridal shop,34,attire,attire,wedding_day,,exact
bride’s gown,34,attire,attire,wedding_day,,exact
alterations,34,attire,alterations,wedding_day,,exact
harpist,34,other,live_music,wedding_day,,exact
founder,34,other,noise,wedding_day,,noise
wedding venue,33,venue,venue,wedding_day,,exact
designer,33,other,event_design,wedding_day,,exact
bride & groom,33,other,,wedding_day,couple,participant
nails,33,other,beauty_services,wedding_day,,exact
assistant,33,other,noise,wedding_day,,noise
second dress,33,attire,attire,wedding_day,,exact
outfit,33,attire,attire,wedding_day,,exact
video by,33,videographer,videographer,wedding_day,,exact
day,33,other,noise,wedding_day,,noise
muah,32,beauty_other,hair|makeup,wedding_day,,exact
decor & floral,32,florist,florist|decor_other,wedding_day,,exact
design & decor,32,rentals,decor_other|event_design,wedding_day,,exact
bride and groom,32,other,,wedding_day,couple,participant
creative direction,32,other,event_design,wedding_day,,exact
coffee cart,31,other,desserts,wedding_day,,exact
invites,31,other,stationery,wedding_day,,exact
reception dress,31,attire,attire,reception,,exact
tenting,30,other,tent,wedding_day,,exact
makeup & hair,30,hair,hair|makeup,wedding_day,,exact
baker,29,other,cake,wedding_day,,exact
floral and decor,29,florist,florist|decor_other,wedding_day,,exact
event,29,other,noise,wedding_day,,noise
cookies,28,other,desserts,wedding_day,,exact
saxophonist,28,musician,live_music,wedding_day,,exact
late night snacks + desserts,28,cake,desserts,wedding_day,,exact
sotwi speakers,28,other,noise,wedding_day,,noise
candles,28,other,decor_other,wedding_day,,exact
ceremony & reception venue,27,venue,venue,wedding_day,,phase_venue
contentday,27,videographer,content_creator,wedding_day,,exact
thegatheringloftevents,27,jeweler,noise,wedding_day,,noise
ice sculpture,27,other,decor_other,wedding_day,,exact
dance lessons,27,other,dancers_choreography,wedding_day,,exact
artists,26,other,live_painter,wedding_day,,exact
cake & desserts,26,cake,cake|desserts,wedding_day,,exact
ice cream cart,26,other,desserts,wedding_day,,exact
cakes,26,cake,cake,wedding_day,,exact
second shot for,26,other,photographer,wedding_day,,exact
after party dj,25,dj,dj,after_party,,exact
speakers,25,other,noise,wedding_day,,noise
content creators,25,content_creator,content_creator,wedding_day,,exact
getting ready location,25,other,venue,getting_ready,,phase_venue
violin,25,other,live_music,wedding_day,,exact
lighting and drapery,24,other,lighting_production,wedding_day,,exact
event designer,24,other,event_design,wedding_day,,exact
planning by,24,planner,planner,wedding_day,,exact
earrings,24,jeweler,jewelry,wedding_day,,exact
ceremony dress,24,attire,attire,ceremony,,exact
groom’s suit,24,attire,attire,wedding_day,,exact
bridesmaids’ dresses,24,attire,attire,wedding_day,,exact
executive production team,24,other,planner,wedding_day,,exact
sg planner,24,planner,planner,wedding_day,,exact
wedding planning,24,planner,planner,wedding_day,,exact
photography & videography,23,photographer,photographer|videographer,wedding_day,,exact
wardrobe styling,23,other,attire,wedding_day,,exact
boat,23,other,noise,wedding_day,,noise
liquor,23,other,bar_service,wedding_day,,exact
backdrop,23,other,decor_other,wedding_day,,exact
makeup by yours truly,22,makeup,makeup,wedding_day,,exact
catering & bar,22,catering,catering|bar_service,wedding_day,,exact
paper products,22,stationery,stationery,wedding_day,,exact
bridal styling,22,attire,attire,wedding_day,,exact
print details,22,other,stationery,wedding_day,,exact
grazing table,22,other,catering,wedding_day,,exact
guys attire,22,attire,attire,wedding_day,,exact
mc,22,other,mc,wedding_day,,exact
brides dress designer + shop,22,attire,attire,wedding_day,,exact
bride attire,21,attire,attire,wedding_day,,exact
furniture rentals,21,rentals,rentals,wedding_day,,exact
workshop,21,other,noise,wedding_day,,noise
guest transport,21,transportation,transportation,wedding_day,,exact
event planning,21,planner,planner,wedding_day,,exact
ballerina,21,other,dancers_choreography,wedding_day,,exact
studio,21,other,noise,wedding_day,,noise
bridal makeup,21,makeup,makeup,wedding_day,,exact
bridal gowns,21,attire,attire,wedding_day,,exact
bridal dress,21,attire,attire,wedding_day,,exact
makeup + hair,21,hair,hair|makeup,wedding_day,,exact
grooms attire,21,attire,attire,wedding_day,,exact
tuxedo,21,attire,attire,wedding_day,,exact
social content,21,videographer,content_creator,wedding_day,,exact
lead photographer,20,photographer,photographer,wedding_day,,exact
planning and production,20,planner,planner|lighting_production,wedding_day,,exact
calligrapher,20,other,calligraphy,wedding_day,,exact
hair & mua,20,hair,hair|makeup,wedding_day,,exact
bts photo,20,photographer,second_shooter,wedding_day,,exact
dog nanny,20,other,pet_attendant,wedding_day,,exact
wedding bands,20,band,band,wedding_day,,exact
favors,20,other,favors_gifts,wedding_day,,exact
ice cream,20,other,desserts,wedding_day,,exact
florals & design,20,florist,florist|event_design,wedding_day,,exact
event coordinator,20,planner,coordinator,wedding_day,,exact
celebrant,19,other,officiant,wedding_day,,exact
invitation suite,19,attire,stationery,wedding_day,,exact
decor & design,19,rentals,decor_other|event_design,wedding_day,,exact
ketubah,19,other,noise,wedding_day,,noise
wedding rings,19,jeweler,jewelry,wedding_day,,exact
linens & rentals,19,rentals,rentals,wedding_day,,exact
publication,19,other,press_feature,wedding_day,,press
tan,19,other,beauty_services,wedding_day,,exact
champagne tower,19,other,bar_service,wedding_day,,exact
hair & make,19,hair,hair|makeup,wedding_day,,exact
rehearsal dinner venue,19,other,venue,rehearsal_dinner,,phase_venue
styling & planning,19,planner,planner|event_design,wedding_day,,exact
late night,19,other,desserts,wedding_day,,exact
getting ready hotel,18,hotel,accommodations,getting_ready,,exact
event rentals,18,rentals,rentals,wedding_day,,exact
bartending,18,other,bar_service,wedding_day,,exact
rentals and set design,18,rentals,rentals|event_design,wedding_day,,exact
welcome party,18,other,venue,welcome_party,,phase_venue
ice luge,18,other,bar_service,wedding_day,,exact
saxophone,18,musician,live_music,wedding_day,,exact
sax,18,musician,live_music,wedding_day,,exact
live wedding painter,18,other,live_painter,wedding_day,,exact
performers,18,other,entertainment_other,wedding_day,,exact
local partners,18,other,noise,wedding_day,,noise
instagram,18,other,noise,wedding_day,,noise
printables,18,other,stationery,wedding_day,,exact
cuisine,18,other,catering,wedding_day,,exact
ring,18,jeweler,jewelry,wedding_day,,exact
musical entertainment,18,dj,dj,wedding_day,,exact
tuxes,18,attire,attire,wedding_day,,exact
live artist,18,other,live_painter,wedding_day,,exact
cigars,17,other,entertainment_other,wedding_day,,exact
decor and design,17,rentals,decor_other|event_design,wedding_day,,exact
bouquet,17,other,florist,wedding_day,,exact
wedding dress designer,17,attire,attire,wedding_day,,exact
dress store,17,attire,attire,wedding_day,,exact
rentals & linen,17,rentals,rentals,wedding_day,,exact
brides people attire,17,attire,attire,wedding_day,,exact
rentals & decor,17,rentals,rentals|decor_other,wedding_day,,exact
hair by me,17,hair,hair,wedding_day,,exact
event host,17,other,mc,wedding_day,,exact
printed items,17,other,stationery,wedding_day,,exact
decor rentals,17,rentals,rentals,wedding_day,,exact
stationery & signage,17,stationery,stationery|signage,wedding_day,,exact
second,16,other,other,wedding_day,,unmatched
floral bar,16,florist,florist,wedding_day,,exact
makeup by me,16,makeup,makeup,wedding_day,,exact
coffee,16,other,desserts,wedding_day,,exact
mobile bar,16,other,bar_service,wedding_day,,exact
getting ready venue,16,other,venue,getting_ready,,phase_venue
wp,16,other,noise,wedding_day,,noise
photog,16,photographer,photographer,wedding_day,,exact
print goods,16,other,stationery,wedding_day,,exact
hair & makeup by me,16,hair,hair|makeup,wedding_day,,exact
the bride,16,other,,wedding_day,bride,participant
table top rentals,16,rentals,rentals,wedding_day,,exact
string quartet,16,jeweler,live_music,wedding_day,,exact
hair + mua,16,hair,hair|makeup,wedding_day,,exact
furniture rental,16,rentals,rentals,wedding_day,,exact
live musicians,16,musician,live_music,wedding_day,,exact
bride’s hair,16,hair,hair,wedding_day,,exact
second look,16,other,attire,wedding_day,,exact
other vendors,16,other,noise,wedding_day,,noise
artist,16,other,live_painter,wedding_day,,exact
invitations & stationery,16,stationery,stationery,wedding_day,,exact
outfits,15,attire,attire,wedding_day,,exact
filmmaker,15,videographer,videographer,wedding_day,,exact
bride’s makeup,15,makeup,makeup,wedding_day,,exact
engagement ring,15,jeweler,jewelry,engagement,,exact
wedding content creator,15,content_creator,content_creator,wedding_day,,exact
hair and make,15,hair,hair|makeup,wedding_day,,exact
entertainment by,15,dj,dj,wedding_day,,exact
live painting,15,other,live_painter,wedding_day,,exact
cigar roller,15,other,entertainment_other,wedding_day,,exact
bridal wear,15,attire,attire,wedding_day,,exact
bridal,15,attire,attire,wedding_day,,exact
balloons,15,other,decor_other,wedding_day,,exact
bride’s dress & veil,15,attire,attire|accessories,wedding_day,,exact
experiences,15,other,noise,wedding_day,,noise
after party,15,other,venue,after_party,,phase_venue
ceremony & reception,15,venue,venue,wedding_day,,phase_venue
glass placemats,15,other,rentals,wedding_day,,exact
photo assistant,15,photographer,second_shooter,wedding_day,,exact
decor & florals,15,florist,florist|decor_other,wedding_day,,exact
boutique,15,other,attire,wedding_day,,exact
mocktails,15,other,bar_service,wedding_day,,exact
grooms,14,other,,wedding_day,groom,participant
planning and decor,14,planner,planner|event_design,wedding_day,,exact
floral designer,14,florist,florist,wedding_day,,exact
gloves,14,other,accessories,wedding_day,,exact
the groom,14,other,,wedding_day,groom,participant
dhol,14,other,cultural_performers,wedding_day,,exact
floral team,14,florist,florist,wedding_day,,exact
decorators,14,rentals,decor_other,wedding_day,,exact
mehndi,14,other,beauty_services,sangeet_mehndi,,exact
lounge,14,other,rentals,wedding_day,,exact
menus,14,other,stationery,wedding_day,,exact
live entertainment,14,dj,entertainment_other,wedding_day,,exact
bts content,14,videographer,content_creator,wedding_day,,exact
assistant design collaboration,14,other,event_design,wedding_day,,exact
food truck,14,catering,catering,wedding_day,,exact
dj entertainment,14,dj,dj,wedding_day,,exact
musician,14,musician,live_music,wedding_day,,exact
sound,14,other,lighting_production,wedding_day,,exact
for,14,other,noise,wedding_day,,noise
partners,14,other,noise,wedding_day,,noise
design & floral,14,florist,florist|event_design,wedding_day,,exact
bridesmaid attire,13,attire,attire,wedding_day,,exact
wedding gowns,13,attire,attire,wedding_day,,exact
cocktail sponsors,13,other,noise,wedding_day,,noise
hairstylist,13,hair,hair,wedding_day,,exact
blush,13,other,makeup,wedding_day,,exact
florals + decor,13,florist,florist|decor_other,wedding_day,,exact
reception band,13,band,band,reception,,exact
signage & stationery,13,stationery,signage|stationery,wedding_day,,exact
assistant photographer,13,photographer,second_shooter,wedding_day,,exact
lighting and draping,13,other,lighting_production,wedding_day,,exact
ss,13,other,noise,wedding_day,,noise
film dev,13,videographer,noise,wedding_day,,noise
chargers,13,other,rentals,wedding_day,,exact
ceremony strings,13,musician,live_music,ceremony,,exact
caterers,13,catering,catering,wedding_day,,exact
bridesmaids hair,13,hair,hair,wedding_day,,exact
design & planning,13,planner,planner|event_design,wedding_day,,exact
editorial for,13,other,press_feature,wedding_day,,press
linens & chargers,13,rentals,rentals,wedding_day,,exact
cocktail music,13,musician,live_music,cocktail_hour,,exact
full planning,13,planner,planner,wedding_day,,exact
reception entertainment,13,dj,dj,reception,,exact
brides,13,other,,wedding_day,bride,participant
h&m,13,other,hair|makeup,wedding_day,,exact
wedding photography,13,photographer,photographer,wedding_day,,exact
second shooters,12,other,second_shooter,wedding_day,,exact
arch,12,other,decor_other,wedding_day,,exact
dj & photo booth,12,photobooth,dj|photo_booth,wedding_day,,exact
harp,12,other,live_music,wedding_day,,exact
beverage,12,other,bar_service,wedding_day,,exact
design and decor,12,rentals,decor_other|event_design,wedding_day,,exact
accomodations,12,other,accommodations,wedding_day,,exact
logistics,12,other,coordinator,wedding_day,,exact
the decor,12,rentals,decor_other,wedding_day,,exact
planning and concept design,12,planner,planner|event_design,wedding_day,,exact
bridal details,12,attire,attire,wedding_day,,exact
floral and design,12,florist,florist|event_design,wedding_day,,exact
seating chart,12,other,signage,wedding_day,,exact
henna artist,12,other,beauty_services,wedding_day,,exact
choir,12,other,live_music,wedding_day,,exact
bts,12,other,content_creator,wedding_day,,exact
mariachi band,12,band,cultural_performers,wedding_day,,exact
lighting + draping,12,other,lighting_production,wedding_day,,exact
cake and desserts,12,cake,cake|desserts,wedding_day,,exact
graphic design,12,other,stationery,wedding_day,,exact
bride’s hair & makeup,12,hair,hair|makeup,wedding_day,,exact
prep hotel,12,hotel,accommodations,getting_ready,,exact
lighting + sound,12,other,lighting_production,wedding_day,,exact
client,12,other,noise,wedding_day,,noise
bride’s jewelry,12,jeweler,jewelry,wedding_day,,exact
decor styling,12,rentals,event_design,wedding_day,,exact
hotel sponsors,12,hotel,noise,wedding_day,,noise
photo lead,12,photographer,photographer,wedding_day,,exact
groom tux & accessories,12,attire,attire|accessories,wedding_day,,exact
gelato,12,other,desserts,wedding_day,,exact
hair stylists,12,hair,hair,wedding_day,,exact
bride makeup,12,makeup,makeup,wedding_day,,exact
sangeet entertainment,12,dj,cultural_performers,sangeet_mehndi,,exact
portrait location,12,other,venue,wedding_day,,exact
diamonds,11,other,jewelry,wedding_day,,exact
hair and makeup by,11,hair,hair|makeup,wedding_day,,exact
bts photographer,11,photographer,second_shooter,wedding_day,,exact
reception music,11,musician,live_music,reception,,exact
vendor team,11,other,noise,wedding_day,,noise
a/v,11,other,lighting_production,wedding_day,,exact
glam on,11,other,makeup,wedding_day,,exact
printing,11,other,stationery,wedding_day,,exact
specialty linens,11,rentals,rentals,wedding_day,,exact
planning team,11,planner,planner,wedding_day,,exact
lighting & decor,11,rentals,lighting_production|decor_other,wedding_day,,exact
bridal mehndi,11,attire,beauty_services,sangeet_mehndi,,exact
venue & caterer,11,venue,venue|catering,wedding_day,,exact
bridal accessories,11,attire,accessories,wedding_day,,exact
custom signage,11,other,signage,wedding_day,,exact
welcome sign,11,other,signage,wedding_day,,exact
photography and videography,11,photographer,photographer|videographer,wedding_day,,exact
venue and catering,11,venue,venue|catering,wedding_day,,exact
bridal salon,11,attire,attire,wedding_day,,exact
bridal gown & accessories,11,attire,attire|accessories,wedding_day,,exact
bm dresses,11,attire,attire,wedding_day,,exact
table designers,11,other,event_design,wedding_day,,exact
videographers,11,videographer,videographer,wedding_day,,exact
on,11,other,noise,wedding_day,,noise
tablescape,11,other,event_design,wedding_day,,exact
wedding attire,11,attire,attire,wedding_day,,exact
cover photo by,11,photographer,photographer,wedding_day,,exact
gromswear,11,other,attire,wedding_day,,exact
cake & sweets,11,cake,cake|desserts,wedding_day,,exact
bridal shoes,11,attire,accessories,wedding_day,,exact
chair,11,hair,rentals,wedding_day,,exact
participating venues,11,venue,noise,wedding_day,,noise
guest transportation,11,transportation,transportation,wedding_day,,exact
bar rental,10,rentals,rentals,wedding_day,,exact
late night snacks,10,other,desserts,wedding_day,,exact
planner & designer,10,planner,planner|event_design,wedding_day,,exact
tailor,10,other,alterations,wedding_day,,exact
bride’s dresses,10,attire,attire,wedding_day,,exact
fashion,10,other,attire,wedding_day,,exact
chargers & flatware,10,other,rentals,wedding_day,,exact
chuppah fabric,10,other,noise,wedding_day,,noise
sangeet venue,10,other,venue,sangeet_mehndi,,phase_venue
sax player,10,musician,live_music,wedding_day,,exact
quartet,10,other,live_music,wedding_day,,exact
full service planning & design,10,planner,planner|event_design,wedding_day,,exact.stripped
bridesmaids dress,10,attire,attire,wedding_day,,exact
with,10,other,noise,wedding_day,,noise
lighting + production,10,other,lighting_production,wedding_day,,exact
lips,10,other,makeup,wedding_day,,exact
floral artist & design,10,florist,florist,wedding_day,,exact
wedding band,10,band,band,wedding_day,,exact
afterparty dj,10,dj,dj,after_party,,exact
weather concierge,10,other,noise,wedding_day,,noise
groom and groomsmen attire,10,attire,attire,wedding_day,,exact
locations,10,other,venue,wedding_day,,exact
wedding jewelry,10,jeweler,jewelry,wedding_day,,exact
concept + planning,10,planner,planner|event_design,wedding_day,,exact
marquee letters,10,other,decor_other,wedding_day,,exact
stage,10,other,lighting_production,wedding_day,,exact
dog wedding attendant,10,other,pet_attendant,wedding_day,,exact
chairs & lounge,10,hair,rentals,wedding_day,,exact
venue + bar,10,venue,venue|bar_service,wedding_day,,exact
flower design,10,florist,florist,wedding_day,,exact
kippot,10,other,noise,wedding_day,,noise
newlyweds,10,other,,wedding_day,couple,participant
decor by,10,rentals,decor_other,wedding_day,,exact
panel,10,other,noise,wedding_day,,noise
planning & conceptual design,10,planner,planner|event_design,wedding_day,,exact
planning & catering,10,planner,planner|catering,wedding_day,,exact
participating companies,10,other,noise,wedding_day,,noise
the video,10,videographer,videographer,wedding_day,,exact
camera,9,other,noise,wedding_day,,noise
limo,9,transportation,transportation,wedding_day,,exact
music by,9,musician,live_music,wedding_day,,exact
boba,9,other,desserts,wedding_day,,exact
bridal wardrobe,9,attire,attire,wedding_day,,exact
wedding stationary,9,stationery,stationery,wedding_day,,exact
parish,9,venue,venue,ceremony,,phase_venue
accommodation,9,other,accommodations,wedding_day,,exact
wine,9,other,bar_service,wedding_day,,exact
make up & hair,9,hair,hair|makeup,wedding_day,,exact
huge thanks to our amazing sponsors,9,other,noise,wedding_day,,noise
foundation,9,other,noise,wedding_day,,noise
concept,9,other,event_design,wedding_day,,exact
lip,9,other,makeup,wedding_day,,exact
fireworks,9,other,entertainment_other,wedding_day,,exact
pianist,9,other,live_music,wedding_day,,exact
mehendi,9,other,beauty_services,sangeet_mehndi,,exact
flowers design,9,florist,florist,wedding_day,,exact
rentals and linens,9,rentals,rentals,wedding_day,,exact
singer,9,other,live_music,wedding_day,,exact
napkins,9,other,rentals,wedding_day,,exact
escort card illustrations,9,other,stationery,wedding_day,,exact
shot by,9,other,photographer,wedding_day,,exact
drone,9,other,drone,wedding_day,,exact
custom veil,9,other,accessories,wedding_day,,exact
film lab,9,videographer,noise,wedding_day,,noise
cupcakes,9,cake,cake,wedding_day,,exact
design and flowers,9,florist,florist|event_design,wedding_day,,exact
cocktails,9,other,bar_service,wedding_day,,exact
signage & custom work,9,other,signage,wedding_day,,exact
brides dress,9,attire,attire,wedding_day,,exact
bride dress,9,attire,attire,wedding_day,,exact
tuscany romance,9,other,noise,wedding_day,,noise
hair by yours truly,9,hair,hair,wedding_day,,exact
l drone,9,other,drone,wedding_day,,exact
planning & decor,9,planner,planner|event_design,wedding_day,,exact
happy anniversary drew and rachel,9,other,noise,wedding_day,,noise
morning dress,9,attire,attire,wedding_day,,exact
private home dress,9,attire,attire,wedding_day,,exact
watercolor artists,9,other,live_painter,wedding_day,,exact
hair makeup,9,hair,hair|makeup,wedding_day,,exact
lead photographer and host,9,photographer,photographer,wedding_day,,exact
decorator,9,rentals,decor_other,wedding_day,,exact
groom’s ring,9,jeweler,jewelry,wedding_day,,exact
makeup and hair,9,hair,hair|makeup,wedding_day,,exact
captured by,9,other,photographer,wedding_day,,exact
event decor,9,rentals,decor_other,wedding_day,,exact
planning & design and host,9,planner,planner|event_design,wedding_day,,compound(exact+exact)
guest book,9,other,guest_book,wedding_day,,exact
groom’s shoes,9,attire,accessories,wedding_day,,exact
shot for,9,other,photographer,wedding_day,,exact
p&v,9,other,photographer|videographer,wedding_day,,exact
staffing,9,other,staffing,wedding_day,,exact
custom t,9,other,noise,wedding_day,,noise
dog service,8,other,pet_attendant,wedding_day,,exact
clothing,8,other,attire,wedding_day,,exact
photo & video team for,8,photographer,photographer|videographer,wedding_day,,exact
bridal party makeup,8,makeup,makeup,wedding_day,,exact
event coordination,8,planner,coordinator,wedding_day,,exact
grooms people attire,8,attire,attire,wedding_day,,exact
hair styling,8,hair,hair,wedding_day,,exact
painter,8,other,live_painter,wedding_day,,exact
loved this vendor team so much,8,other,noise,wedding_day,,noise
tunes,8,other,dj,wedding_day,,exact
watercolor portraits,8,other,live_painter,wedding_day,,exact
lighting + av,8,other,lighting_production,wedding_day,,exact
lounge furniture,8,other,rentals,wedding_day,,exact
hair and makeup by me,8,hair,hair|makeup,wedding_day,,exact
wedding party attire,8,attire,attire,wedding_day,,exact
bride + groom,8,other,,wedding_day,couple,participant
bride hair,8,hair,hair,wedding_day,,exact
catering & cake,8,cake,catering|cake,wedding_day,,exact
modern luxury weddings spring,8,jeweler,press_feature,wedding_day,,press
partner,8,other,noise,wedding_day,,noise
planner & concept,8,planner,planner|event_design,wedding_day,,exact
event producer,8,other,planner,wedding_day,,exact
associate photographer,8,photographer,second_shooter,wedding_day,,exact
linens + chargers,8,rentals,rentals,wedding_day,,exact
bridsemaid attire,8,attire,attire,wedding_day,,exact
cotton candy,8,other,desserts,wedding_day,,exact
weather reports,8,other,noise,wedding_day,,noise
planning + management,8,planner,planner,wedding_day,,exact
transportation & valet,8,transportation,transportation|valet,wedding_day,,exact
catering + late night food,8,catering,catering,wedding_day,,exact
bridal outfit,8,attire,attire,wedding_day,,exact
host property,8,other,venue,wedding_day,,exact
cake artist,8,cake,cake,wedding_day,,exact
coordinators,8,planner,coordinator,wedding_day,,exact
guest couple,8,other,,wedding_day,couple,participant
dress boutique,8,attire,attire,wedding_day,,exact
mensware,8,other,attire,wedding_day,,exact
pov,8,other,noise,wedding_day,,noise
vendors,8,other,noise,wedding_day,,noise
bridal store,8,attire,attire,wedding_day,,exact
ceremony entertainment,8,dj,live_music,ceremony,,exact
specialty bartenders,8,other,bar_service,wedding_day,,exact
dance floor wrap,8,other,lighting_production,wedding_day,,exact
men’s attire,8,attire,attire,wedding_day,,exact
lighting & drapery,8,other,lighting_production,wedding_day,,exact
bride’s ceremony gown,8,attire,attire,ceremony,,exact
flat lay styling,8,other,event_design,wedding_day,,exact
the venue,8,venue,venue,wedding_day,,exact
chef,8,other,catering,wedding_day,,exact
champagne dress,8,attire,attire,wedding_day,,exact
event designer & florist,8,florist,florist|event_design,wedding_day,,exact
bridal hair & makeup,8,hair,hair|makeup,wedding_day,,exact
reception catering,8,catering,catering,reception,,exact
croquembouche,8,other,cake,wedding_day,,exact
groom wedding day look,8,other,attire,wedding_day,,exact
hair + makeup by me,8,hair,hair|makeup,wedding_day,,exact
valet + coatcheck,8,other,valet,wedding_day,,exact
custom coat,8,other,attire,wedding_day,,exact
dj + photobooth,8,photobooth,dj|photo_booth,wedding_day,,exact
tablescapes,8,other,event_design,wedding_day,,exact
party dresses,8,attire,attire,wedding_day,,exact
confetti,8,other,decor_other,wedding_day,,exact
logistics concierge,8,other,noise,wedding_day,,noise
donuts,8,other,desserts,wedding_day,,exact
styling mats,8,other,rentals,wedding_day,,exact
hair&makeup,8,hair,hair|makeup,wedding_day,,exact
magician,8,other,entertainment_other,wedding_day,,exact
florists,8,florist,florist,wedding_day,,exact
dj & lighting,8,dj,dj|lighting_production,wedding_day,,exact
repost from,8,other,press_feature,wedding_day,,press
decor + floral,8,florist,florist|decor_other,wedding_day,,exact
speaker hair,8,hair,hair,wedding_day,,exact
charcuterie,8,other,catering,wedding_day,,exact
pet attendant,7,other,pet_attendant,wedding_day,,exact
draping & lighting,7,other,lighting_production,wedding_day,,exact
model couple,7,other,,wedding_day,couple,participant
lights,7,other,lighting_production,wedding_day,,exact
venue & food,7,venue,venue|catering,wedding_day,,exact
groom’s outfit,7,attire,attire,wedding_day,,exact
ceremony aisle,7,other,decor_other,ceremony,,exact
suiting,7,attire,attire,wedding_day,,exact
chair rentals,7,hair,rentals,wedding_day,,exact
mu,7,other,makeup,wedding_day,,exact
muah main couple,7,beauty_other,,wedding_day,model,participant
floral & event design,7,florist,florist|event_design,wedding_day,,exact
makeup artists,7,makeup,makeup,wedding_day,,exact
press,7,other,press_feature,wedding_day,,press
make up artist,7,other,makeup,wedding_day,,exact
drinks,7,catering,bar_service,wedding_day,,exact
hair stylist & makeup artist,7,hair,hair|makeup,wedding_day,,exact
jewels,7,jeweler,jewelry,wedding_day,,exact
brides attire,7,attire,attire,wedding_day,,exact
custom linens,7,rentals,rentals,wedding_day,,exact
floral + design,7,florist,florist|event_design,wedding_day,,exact
treatment,7,other,noise,wedding_day,,noise
catering & floral,7,florist,catering|florist,wedding_day,,exact
dinner,7,catering,catering,wedding_day,,exact
first dance choreography,7,other,dancers_choreography,wedding_day,,exact
reception dj,7,dj,dj,reception,,exact
ladies getting ready venue,7,other,venue,getting_ready,,phase_venue
sponsors,7,other,noise,wedding_day,,noise
planning + coordination,7,planner,planner|coordinator,wedding_day,,exact
string trio,7,jeweler,live_music,wedding_day,,exact
linen rentals,7,rentals,rentals,wedding_day,,exact
custom ring,7,jeweler,jewelry,wedding_day,,exact
design & florals,7,florist,florist|event_design,wedding_day,,exact
bridal bouquet,7,attire,florist,wedding_day,,exact
cocktail hour food,7,catering,catering,cocktail_hour,,exact
planning & florals,7,planner,planner|florist,wedding_day,,exact
floral design & production,7,florist,florist,wedding_day,,exact
dancers,7,other,dancers_choreography,wedding_day,,exact
bridal stylist,7,attire,attire,wedding_day,,exact
shuttle,7,other,transportation,wedding_day,,exact
cocktail napkins,7,other,rentals,cocktail_hour,,exact
gown designer,7,attire,attire,wedding_day,,exact
photo location,7,photographer,venue,wedding_day,,exact
gerber scarpelli photography,7,photographer,noise,wedding_day,,noise
second for,7,other,photographer,wedding_day,,exact
hair and make up,7,hair,hair|makeup,wedding_day,,exact
wedding day linens,7,rentals,rentals,wedding_day,,exact
wedding shoes,7,attire,accessories,wedding_day,,exact
stationery & event branding,7,stationery,stationery,wedding_day,,exact
formal wear,7,other,attire,wedding_day,,exact
floral sponsor,7,florist,noise,wedding_day,,noise
yacht,7,other,noise,wedding_day,,noise
rehearsal venue,7,venue,venue,rehearsal_dinner,,phase_venue.modifier
lighting design,7,other,lighting_production,wedding_day,,exact
sangeet catering,7,catering,catering,sangeet_mehndi,,exact
glam squad,7,other,hair|makeup,wedding_day,,exact
workshop host,7,other,noise,wedding_day,,noise
workshop hosts,7,other,noise,wedding_day,,noise
team,7,other,noise,wedding_day,,noise
technical + lighting,7,other,lighting_production,wedding_day,,exact
grooms outfit,7,attire,attire,wedding_day,,exact
fashion styling,7,other,attire,wedding_day,,exact
groomsmen attire,7,attire,attire,wedding_day,,exact
hair & makeup by,7,hair,hair|makeup,wedding_day,,exact
sotei speakers,7,other,noise,wedding_day,,noise
ceremony curator,7,other,event_design,ceremony,,exact
some weddings take your breath away,7,other,noise,wedding_day,,noise
guest book phone,7,other,guest_book,wedding_day,,exact
grooms tux,7,attire,attire,wedding_day,,exact
the photo,7,photographer,photographer,wedding_day,,exact
grooms suit designer + shop,7,attire,attire,wedding_day,,exact
wedding dress shop,7,attire,attire,wedding_day,,exact
the mehndi,7,other,beauty_services,sangeet_mehndi,,exact
the makeup,7,makeup,makeup,wedding_day,,exact
grooms suit,7,attire,attire,wedding_day,,exact
illustrator,7,other,live_painter,wedding_day,,exact
mixologist,7,other,bar_service,wedding_day,,exact
restrooms,7,other,rentals,wedding_day,,exact
flower wall,6,florist,florist,wedding_day,,exact
rehearsal entertainment,6,dj,entertainment_other,rehearsal_dinner,,exact
entertainers,6,other,entertainment_other,wedding_day,,exact
dress and veil,6,attire,attire|accessories,wedding_day,,exact
the la via team,6,other,noise,wedding_day,,noise
brides ceremony dress,6,attire,attire,ceremony,,exact
wardrobe stylist,6,other,attire,wedding_day,,exact
brands,6,other,noise,wedding_day,,noise
tables + chairs,6,hair,rentals,wedding_day,,exact
flowers and floral design,6,florist,florist,wedding_day,,compound(exact+exact)
dj & entertainment,6,dj,dj,wedding_day,,exact
second shooting,6,other,second_shooter,wedding_day,,exact
car,6,other,transportation,wedding_day,,exact
graphic,6,other,stationery,wedding_day,,exact
groom tux,6,attire,attire,wedding_day,,exact
photographer and videographer,6,photographer,photographer|videographer,wedding_day,,exact
custom decor,6,rentals,decor_other,wedding_day,,exact
photo director,6,photographer,photographer,wedding_day,,exact
event designer and florist,6,florist,florist|event_design,wedding_day,,exact
bar service,6,other,bar_service,wedding_day,,exact
portraits,6,other,photographer,wedding_day,,exact
sketch artist,6,other,live_painter,wedding_day,,exact
printed goods,6,other,stationery,wedding_day,,exact
skin,6,other,beauty_services,wedding_day,,exact
skin prep,6,other,beauty_services,getting_ready,,exact
make up artists,6,other,makeup,wedding_day,,exact
design planning + concept,6,planner,planner|event_design,wedding_day,,exact
photographer & videographer,6,photographer,photographer|videographer,wedding_day,,exact
dress alterations,6,attire,alterations,wedding_day,,exact
limelight,6,other,noise,wedding_day,,noise
the newlyweds,6,other,,wedding_day,couple,participant
dj & photobooth,6,photobooth,dj|photo_booth,wedding_day,,exact
boots,6,other,accessories,wedding_day,,exact
rentals and design,6,rentals,rentals|event_design,wedding_day,,exact
glassware,6,other,rentals,wedding_day,,exact
event illustrator,6,other,live_painter,wedding_day,,exact
saturday second dress,6,attire,attire,wedding_day,,exact
floral & lighting,6,florist,florist|lighting_production,wedding_day,,exact
day of stationary,6,stationery,stationery,wedding_day,,exact
featuring spring,6,jeweler,press_feature,wedding_day,,press
day of stationery,6,stationery,stationery,wedding_day,,exact
revel decor,6,rentals,noise,wedding_day,,noise
party hair,6,hair,hair,wedding_day,,exact
saturday dress,6,attire,attire,wedding_day,,exact
welcome event,6,other,venue,welcome_party,,phase_venue.modifier
bts video,6,videographer,videographer,wedding_day,,exact
social,6,other,noise,wedding_day,,noise
entertainment reception,6,dj,dj,reception,,exact
supplies,6,other,noise,wedding_day,,noise
bridal party hmu,6,beauty_other,hair|makeup,wedding_day,,exact
bar services,6,other,bar_service,wedding_day,,exact
modern luxury weddings fall,6,other,press_feature,wedding_day,,press
cartering,6,jeweler,catering,wedding_day,,exact
tableware rentals,6,rentals,rentals,wedding_day,,exact
flowers by,6,florist,florist,wedding_day,,exact
hannah’s makeup,6,makeup,noise,wedding_day,,noise
booze,6,other,bar_service,wedding_day,,exact
muah guests,6,beauty_other,hair|makeup,wedding_day,,exact
cellist,6,other,live_music,wedding_day,,exact
groomsmen’s tuxes,6,attire,attire,wedding_day,,exact
late,6,other,desserts,wedding_day,,exact
vintage rentals,6,rentals,rentals,wedding_day,,exact
late night snack & desserts,6,cake,desserts,wedding_day,,exact
chair rental,6,hair,rentals,wedding_day,,exact
custom calligraphy takeaway,6,other,calligraphy,wedding_day,,exact
bride’s tan,6,other,beauty_services,wedding_day,,exact
decadence,6,other,noise,wedding_day,,noise
lighting & fabric,6,other,lighting_production,wedding_day,,exact
ple assistants,6,other,noise,wedding_day,,noise
heena,6,other,beauty_services,wedding_day,,exact
groom suit,6,attire,attire,wedding_day,,exact
podium,6,other,noise,wedding_day,,noise
stage + dancefloor,6,other,lighting_production,wedding_day,,exact
on the blog today,6,other,press_feature,wedding_day,,press
on the brides,6,other,noise,wedding_day,,noise
wedding,6,other,noise,wedding_day,,noise
media,6,other,noise,wedding_day,,noise
host photographer,6,photographer,photographer,wedding_day,,exact
wedding linens,6,rentals,rentals,wedding_day,,exact
rehearsal dinner linens,6,catering,rentals,rehearsal_dinner,,exact.ctx
bridal alterations,6,attire,alterations,wedding_day,,exact
hotel block,6,hotel,accommodations,wedding_day,,exact
planning + florals,6,planner,planner|florist,wedding_day,,exact
decor and floral,6,florist,florist|decor_other,wedding_day,,exact
cake bakery,6,cake,cake,wedding_day,,exact
wedding coordination,6,planner,coordinator,wedding_day,,exact
rehearsal dinner dueling pianos,6,catering,entertainment_other,rehearsal_dinner,,exact
cps strings convening,6,musician,noise,wedding_day,,noise
floral + event design,6,florist,florist|event_design,wedding_day,,exact
the content,6,videographer,content_creator,wedding_day,,exact
floral co,6,florist,florist,wedding_day,,exact
loc,6,other,noise,wedding_day,,noise
tabletop rental,6,rentals,rentals,wedding_day,,exact
bar & catering,6,catering,catering|bar_service,wedding_day,,exact
groomsmen,6,other,attire,wedding_day,,exact
bridal beauty,6,beauty_other,hair|makeup,wedding_day,,exact
bridal party glam + hair,6,hair,hair|makeup,wedding_day,,exact
hair artist,6,hair,hair,wedding_day,,exact
planning & production,6,planner,planner|lighting_production,wedding_day,,exact
photo assist,6,photographer,second_shooter,wedding_day,,exact
hair & makeup artists,6,hair,hair|makeup,wedding_day,,exact
featured couple,6,other,,wedding_day,couple,participant
sharmi + krishn mutli,6,other,noise,wedding_day,,noise
hair and mua,6,hair,hair|makeup,wedding_day,,exact
rehearsal dinner dress,6,attire,attire,rehearsal_dinner,,exact
dress designers,6,attire,attire,wedding_day,,exact
guinness foam bar,6,other,bar_service,wedding_day,,exact
editing,6,other,album_editing,wedding_day,,exact
cocktail hour live music,6,musician,live_music,cocktail_hour,,exact
bride and groom instagram,6,other,,wedding_day,couple,participant
dress by,6,attire,attire,wedding_day,,exact
design and planning,6,planner,planner|event_design,wedding_day,,exact
tabletop rentals & chairs,6,hair,rentals,wedding_day,,exact
bartending service,6,other,bar_service,wedding_day,,exact
lighting + tech,6,other,lighting_production,wedding_day,,exact
wedding stylist,6,other,event_design,wedding_day,,exact
nikkahnama,6,other,noise,wedding_day,,noise
dancefloor,6,other,lighting_production,wedding_day,,exact
the henna,6,other,beauty_services,wedding_day,,exact
styled by,6,other,event_design,wedding_day,,exact
disc jockey,6,other,dj,wedding_day,,exact
florals by,6,florist,florist,wedding_day,,exact
published on,6,other,press_feature,wedding_day,,press
jewellery,6,jeweler,jewelry,wedding_day,,exact
lovers,6,other,,wedding_day,couple,participant
the signage,6,other,signage,wedding_day,,exact
groom's attire,5,attire,attire,wedding_day,,exact
rehearsal dinner rentals,5,catering,rentals,rehearsal_dinner,,exact
beer,5,other,bar_service,wedding_day,,exact
gown & veil,5,attire,attire|accessories,wedding_day,,exact
sponsored by,5,other,noise,wedding_day,,noise
wedding dress attire,5,attire,attire,wedding_day,,exact
rentals & linens,5,rentals,rentals,wedding_day,,exact
chefs,5,other,catering,wedding_day,,exact
good times with,5,other,noise,wedding_day,,noise
after party entertainment,5,dj,dj,after_party,,exact
bands,5,band,band,wedding_day,,exact
concealer,5,other,makeup,wedding_day,,exact
speaker,5,other,noise,wedding_day,,noise
revel space,5,other,noise,wedding_day,,noise
ring + band,5,band,jewelry,wedding_day,,exact
wedding day rentals,5,rentals,rentals,wedding_day,,exact
ring boxes,5,jeweler,jewelry,wedding_day,,exact
chicago wedding videographer,5,videographer,videographer,wedding_day,,exact
flowers and decor,5,florist,florist|decor_other,wedding_day,,exact
follow,5,other,noise,wedding_day,,noise
bridal suite,5,attire,venue,getting_ready,,phase_venue.modifier
cold sparklers,5,other,entertainment_other,wedding_day,,exact
social media director,5,other,content_creator,wedding_day,,exact
social media creator,5,other,content_creator,wedding_day,,exact
sob,5,other,noise,wedding_day,,noise
wedding day pet care,5,other,pet_attendant,wedding_day,,exact
afterparty,5,other,venue,after_party,,phase_venue
getaway car,5,other,transportation,wedding_day,,exact
second photog,5,photographer,second_shooter,wedding_day,,exact
signage + paper goods,5,stationery,signage|stationery,wedding_day,,exact
second suit,5,attire,attire,wedding_day,,exact
shot on,5,other,noise,wedding_day,,noise
fun fact,5,other,noise,wedding_day,,noise
wedding dance lessons,5,other,dancers_choreography,wedding_day,,exact
brides gown,5,attire,attire,wedding_day,,exact
linens and rentals,5,rentals,rentals,wedding_day,,exact
wedding consultant,5,other,planner,wedding_day,,exact
hosted by,5,other,,wedding_day,host_family,participant
who,5,other,noise,wedding_day,,noise
live illustrator,5,other,live_painter,wedding_day,,exact
dholi,5,other,cultural_performers,wedding_day,,exact
live sketch artist,5,other,live_painter,wedding_day,,exact
custom event app,5,other,noise,wedding_day,,noise
horses,5,other,noise,wedding_day,,noise
horse,5,other,noise,wedding_day,,noise
brides dress designer,5,attire,attire,wedding_day,,exact
bob,5,other,noise,wedding_day,,noise
waitstaff,5,other,staffing,wedding_day,,exact
magic,5,other,entertainment_other,wedding_day,,exact
main photographer,5,photographer,photographer,wedding_day,,exact
dj & production,5,dj,dj|lighting_production,wedding_day,,exact
dj & sax,5,dj,dj|live_music,wedding_day,,exact
bridesmaids dress designer,5,attire,attire,wedding_day,,exact
custom bars,5,other,rentals,wedding_day,,exact
welcome party venue,5,other,venue,welcome_party,,phase_venue
djs,5,dj,dj,wedding_day,,exact
video director,5,videographer,videographer,wedding_day,,exact
dog attendant,5,other,pet_attendant,wedding_day,,exact
dog chaperone,5,other,pet_attendant,wedding_day,,exact
dog sitter,5,other,pet_attendant,wedding_day,,exact
vibe with,5,other,noise,wedding_day,,noise
welcome drinks,5,catering,bar_service,welcome_party,,exact
venue saturday,5,venue,venue,wedding_day,,exact
venue management,5,venue,venue_management,wedding_day,,exact
drapery & lighting,5,other,lighting_production,wedding_day,,exact
credit,5,other,noise,wedding_day,,noise
mob,5,other,,wedding_day,host_family,participant
creative director,5,other,event_design,wedding_day,,exact
bouquets,5,other,florist,wedding_day,,exact
mog,5,other,,wedding_day,host_family,participant
bride's shoes,5,attire,accessories,wedding_day,,exact
vendor liaison,5,other,coordinator,wedding_day,,exact
hairstylists,5,hair,hair,wedding_day,,exact
dressers,5,attire,attire,wedding_day,,exact
bride’s rings,5,jeweler,jewelry,wedding_day,,exact
wedding tux attire,5,attire,attire,wedding_day,,exact
additional wardrobe,5,other,attire,wedding_day,,exact
tuxedos,5,attire,attire,wedding_day,,exact
drinks sponsor,5,catering,noise,wedding_day,,noise
invitations and paperie,5,stationery,stationery,wedding_day,,exact
next stop,5,other,noise,wedding_day,,noise
backdrop decor,5,rentals,decor_other,wedding_day,,exact
troupe,5,other,dancers_choreography,wedding_day,,exact
dance choreography,5,other,dancers_choreography,wedding_day,,exact
editor,5,other,album_editing,wedding_day,,exact
dance instructor,5,other,dancers_choreography,wedding_day,,exact
bridal apparel,5,attire,attire,wedding_day,,exact
transpo,5,other,transportation,wedding_day,,exact
cps band convening,5,band,noise,wedding_day,,noise
hair color,5,hair,hair,wedding_day,,exact
a little goose is about to be loose,5,other,noise,wedding_day,,noise
engagement rings,5,jeweler,jewelry,engagement,,exact
hair and makeup in the opening flyer,5,hair,hair,wedding_day,,compound(exact)
paper artist,5,stationery,stationery,wedding_day,,exact
paper details,5,stationery,stationery,wedding_day,,exact
this month,5,other,noise,wedding_day,,noise
party bus,5,other,transportation,wedding_day,,exact
cd,5,other,noise,wedding_day,,noise
pastry + cake,5,cake,cake|desserts,wedding_day,,exact
equipment rentals,5,rentals,rentals,wedding_day,,exact
escort cards,5,other,stationery,wedding_day,,exact
performances by,5,other,entertainment_other,wedding_day,,exact
ceremony & dinner music,5,musician,live_music,ceremony,,exact
personal flowers,5,florist,florist,wedding_day,,exact
brides wedding dress,5,attire,attire,wedding_day,,exact
ceremony + reception,5,other,venue,wedding_day,,phase_venue
late night food,5,catering,desserts,wedding_day,,exact
ceremony + reception venue,5,venue,venue,wedding_day,,phase_venue
guitarist,5,other,live_music,wedding_day,,exact
bts videographer,5,videographer,videographer,wedding_day,,exact
photographed by,5,photographer,photographer,wedding_day,,exact
wedding planners,5,planner,planner,wedding_day,,exact
custom painting,5,other,live_painter,wedding_day,,exact
ceremony catering,5,catering,catering,ceremony,,exact
balloon art,5,other,decor_other,wedding_day,,exact
events,5,other,noise,wedding_day,,noise
text communication,5,other,noise,wedding_day,,noise
photography & portrait lounge,5,photographer,photographer,wedding_day,,exact
lead photography,5,photographer,photographer,wedding_day,,exact
fashion & event illustrator,5,other,live_painter,wedding_day,,exact
ceremony musician,5,musician,live_music,ceremony,,exact
piano,5,other,live_music,wedding_day,,exact
pic,5,other,noise,wedding_day,,noise
pie,5,other,desserts,wedding_day,,exact
pies,5,other,desserts,wedding_day,,exact
wedding party transportation,5,transportation,transportation,wedding_day,,exact
grooms’ attire,5,attire,attire,wedding_day,,exact
place cards,5,other,stationery,wedding_day,,exact
deserts,5,other,desserts,wedding_day,,exact
planner + caterer,5,planner,planner|catering,wedding_day,,exact
planner + designer,5,planner,planner|event_design,wedding_day,,exact
tabletops and rentals,5,rentals,rentals,wedding_day,,exact
by,5,other,noise,wedding_day,,noise
tablescape rentals,5,rentals,rentals,wedding_day,,exact
groom’s tuxedo,5,attire,attire,wedding_day,,exact
table setting rentals,5,rentals,rentals,wedding_day,,exact
table draping,5,other,rentals,wedding_day,,exact
design & production,5,other,event_design|lighting_production,wedding_day,,exact
plantscapes,5,other,florist,wedding_day,,exact
supporting photographers,5,photographer,second_shooter,wedding_day,,exact
invitations & signage,5,stationery,stationery|signage,wedding_day,,exact
pre,5,other,noise,wedding_day,,noise
custom linens and placemats,5,rentals,rentals,wedding_day,,exact
print,5,other,stationery,wedding_day,,exact
bride's accessories,5,other,accessories,wedding_day,,exact
groom details,5,other,attire,wedding_day,,exact
content by,5,videographer,content_creator,wedding_day,,exact
floral + lighting,5,florist,florist|lighting_production,wedding_day,,exact
bartender,5,other,bar_service,wedding_day,,exact
string musicians,5,musician,live_music,wedding_day,,exact
steaming,5,other,alterations,wedding_day,,exact
graphic designer,5,other,stationery,wedding_day,,exact
floral design + decor,5,florist,florist|decor_other,wedding_day,,exact
stationery designer,5,stationery,stationery,wedding_day,,exact
stationery design,5,stationery,stationery,wedding_day,,exact
gown salon,5,attire,attire,wedding_day,,exact
bridal party hair,5,hair,hair,wedding_day,,exact
beverages,5,other,bar_service,wedding_day,,exact
staging,5,other,lighting_production,wedding_day,,exact
grooms suit designer,4,attire,event_design,wedding_day,,h.event_design.stripped
bridal henna,4,attire,beauty_services,wedding_day,,exact.stripped
bride’s gown & veil,4,attire,attire|accessories,wedding_day,,exact.stripped
event planning & design,4,planner,planner|event_design,wedding_day,,compound(exact+exact)
planner & catering,4,planner,planner|catering,wedding_day,,compound(exact+exact)
event planning & decor,4,planner,planner|decor_other,wedding_day,,compound(exact+exact)
tailoring,4,jeweler,other,wedding_day,,unmatched
photograper,4,photographer,photographer,wedding_day,,exact
guestbook,4,other,guest_book,wedding_day,,exact
wedding planning & design,4,planner,planner|event_design,wedding_day,,exact.stripped
the dessert,4,cake,desserts,wedding_day,,exact
planner & florals,4,planner,planner|florist,wedding_day,,compound(exact+exact)
planner & florist,4,planner,planner|florist,wedding_day,,compound(exact+exact)
the drapery & the platform,4,other,lighting_production,wedding_day,,compound(exact)
event designers,4,other,event_design,wedding_day,,h.event_design
photo assists,4,photographer,second_shooter,wedding_day,,exact
chuppah,4,other,other,wedding_day,,unmatched
ryan’s wedding attire,4,attire,attire,wedding_day,,h.attire
late night dress,4,attire,attire,wedding_day,,h.attire
photo + content,4,photographer,photographer|content_creator,wedding_day,,compound(exact+exact)
the mua,4,beauty_other,makeup,wedding_day,,exact
bridal fashion,4,attire,attire,wedding_day,,exact.stripped
art director,4,other,event_design,wedding_day,,exact
planner and creative director,4,planner,planner|event_design,wedding_day,,compound(exact+exact)
hair & makeup artist,4,hair,hair|makeup,wedding_day,,compound(exact+exact)
late night bites,4,other,desserts,wedding_day,,exact
planner and florist,4,planner,planner|florist,wedding_day,,compound(exact+exact)
espresso station,4,other,desserts,wedding_day,,exact
ceremony & cocktail music,4,musician,live_music,cocktail_hour,,h.live_music.ctx
escort wall,4,other,signage,wedding_day,,exact
ice cream truck,4,other,desserts,wedding_day,,exact
ceramics,4,other,rentals,wedding_day,,exact
film labs,4,videographer,album_editing,wedding_day,,exact
alongside some of our favs,4,other,other,wedding_day,,unmatched
hair & makeup direction,4,hair,hair,wedding_day,,compound(exact)
wedding planning and design,4,planner,planner|event_design,wedding_day,,exact.stripped
bride’s ceremony dress,4,attire,attire,ceremony,,exact.stripped
ceremony violin,4,other,live_music,ceremony,,exact.ctx
pastry chef,4,other,catering,wedding_day,,h.catering
after,4,other,other,wedding_day,,unmatched
hair + make up,4,hair,hair|makeup,wedding_day,,compound(exact+exact)
entertainment production,4,dj,lighting_production,wedding_day,,h.lighting
party guest phone,4,other,guest_book,wedding_day,,exact
working on behalf of,4,other,noise,wedding_day,,noise
wedding reception venue,4,venue,venue,reception,,exact.ctx
party dress,4,attire,attire,wedding_day,,h.attire
hair + mu,4,hair,hair|makeup,wedding_day,,compound(exact+exact)
papergoods,4,stationery,stationery,wedding_day,,exact
paper products & calligrapher,4,stationery,stationery|calligraphy,wedding_day,,compound(exact+exact)
entertainment + photo booth,4,photobooth,dj|photo_booth,wedding_day,,compound(exact+exact)
entertainment + dj,4,dj,dj,wedding_day,,compound(exact+exact)
hair and makeup artist,4,hair,hair|makeup,wedding_day,,compound(exact+exact)
entertainment & lighting,4,dj,dj|lighting_production,wedding_day,,compound(exact+exact)
lashes,4,other,beauty_services,wedding_day,,exact
paebaek ceremony,4,other,other,ceremony,,unmatched
tablecloth,4,other,rentals,wedding_day,,exact
engraver,4,other,stationery,wedding_day,,exact
tie,4,other,accessories,wedding_day,,exact
groom’s wedding band,4,band,band,wedding_day,,exact.stripped
appetizers,4,other,catering,wedding_day,,exact
planning & floral,4,planner,planner|florist,wedding_day,,compound(exact+exact)
catering saturday,4,catering,catering,wedding_day,,exact
our one and only couple,4,other,other,wedding_day,,unmatched
catering by,4,catering,catering,wedding_day,,exact
cover photo credits,4,photographer,photographer,wedding_day,,exact
our beautiful bride,4,other,other,wedding_day,,unmatched
emcee,4,other,mc,wedding_day,,exact
today’s post goes out to the one,4,other,other,wedding_day,,unmatched
bridal suit,4,attire,attire,wedding_day,,exact.stripped
embroidery,4,other,accessories,wedding_day,,exact
organizers,4,other,planner,wedding_day,,exact
glasshouse,4,other,other,wedding_day,,unmatched
bridal attire from,4,attire,attire,wedding_day,,exact.stripped
onsite support,4,other,staffing,wedding_day,,exact
bagpiper,4,other,cultural_performers,wedding_day,,exact
you’re o,4,other,other,wedding_day,,unmatched
sounds by,4,other,other,wedding_day,,unmatched
bride’s outfit,4,attire,attire,wedding_day,,exact.stripped
hair for,4,hair,hair,wedding_day,,exact
catering & rentals,4,catering,catering|rentals,wedding_day,,compound(exact+exact)
travel agency,4,other,travel_honeymoon,wedding_day,,exact
bag,4,other,other,wedding_day,,unmatched
non,4,other,other,wedding_day,,unmatched
catering & coordination,4,planner,catering|coordinator,wedding_day,,compound(exact+exact)
illustrations,4,other,other,wedding_day,,unmatched
decor + lighting,4,rentals,decor_other|lighting_production,wedding_day,,compound(exact+exact)
first look,4,other,noise,wedding_day,,noise
tux rentals,4,attire,rentals,wedding_day,,h.rentals
bride’s reception gown,4,attire,attire,reception,,exact.ctx
um filme produzido por,4,videographer,videographer,wedding_day,,exact
wedding makeup,4,makeup,makeup,wedding_day,,exact.stripped
kindred team hmua,4,beauty_other,hair|makeup,wedding_day,,h.hair_makeup
how to enter,4,other,other,wedding_day,,unmatched
hairpiece,4,hair,accessories,wedding_day,,h.accessories
music & entertainment,4,dj,live_music|dj,wedding_day,,compound(exact+exact)
first two images,4,other,noise,wedding_day,,noise
hairstyle,4,hair,hair,wedding_day,,exact
back,4,other,other,wedding_day,,unmatched
band + dj,4,band,band|dj,wedding_day,,compound(exact+exact)
valet and transportation,4,transportation,valet|transportation,wedding_day,,compound(exact+exact)
reception decor,4,rentals,decor_other,reception,,exact.ctx
by our team here at,4,other,other,wedding_day,,unmatched
muah artist,4,beauty_other,live_painter,wedding_day,,h.live_painter
mua & hair,4,hair,makeup|hair,wedding_day,,compound(exact+exact)
please note,4,other,other,wedding_day,,unmatched
plus,4,other,other,wedding_day,,unmatched
bride’s second look,4,other,attire,wedding_day,,exact.stripped
dress salon,4,attire,attire,wedding_day,,h.attire
vemana’s tuxedo and shoes,4,attire,attire|accessories,wedding_day,,compound(h.attire+exact)
dress pictured,4,attire,noise,wedding_day,,noise
creative direction & photographer,4,photographer,event_design|photographer,wedding_day,,compound(exact+exact)
decor & seating chart,4,rentals,decor_other|signage,wedding_day,,compound(exact+exact)
decor & rentals,4,rentals,decor_other|rentals,wedding_day,,compound(exact+exact)
carpet,4,other,rentals,wedding_day,,exact
caricature artist,4,other,live_painter,wedding_day,,h.live_painter
stationary and signage,4,stationery,stationery|signage,wedding_day,,compound(exact+exact)
bouquet & signage,4,other,florist|signage,wedding_day,,compound(exact+exact)
cards,4,other,other,wedding_day,,unmatched
drapes,4,other,lighting_production,wedding_day,,exact
additional videography,4,videographer,videographer,wedding_day,,h.videographer
flatlay styling,4,other,event_design,wedding_day,,h.event_design
crest & toile design,4,other,event_design,wedding_day,,compound(h.event_design)
portraits gown,4,attire,attire,wedding_day,,h.attire
drag queens,4,other,entertainment_other,wedding_day,,exact
crew,4,other,other,wedding_day,,unmatched
venus,4,other,other,wedding_day,,unmatched
post,4,other,other,wedding_day,,unmatched
dog handler,4,other,pet_attendant,wedding_day,,exact
custom signs,4,other,signage,wedding_day,,h.signage.stripped
available at,4,other,other,wedding_day,,unmatched
video & content,4,videographer,videographer|content_creator,wedding_day,,compound(exact+exact)
welcome hh,4,other,other,wedding_day,,unmatched
documentary video,4,videographer,videographer,wedding_day,,h.videographer
media team,4,other,videographer,wedding_day,,exact
sp bride,4,other,other,wedding_day,,unmatched
pr & marketing support,4,other,noise,wedding_day,,exact
art de la table,4,other,rentals,wedding_day,,h.rentals
chicago makeup artist,4,makeup,live_painter,wedding_day,,h.live_painter
doc,4,other,other,wedding_day,,unmatched
assistant planner,4,planner,planner,wedding_day,,h.planner
video team,4,videographer,videographer,wedding_day,,exact
welcome party floral,4,florist,florist,welcome_party,,exact.ctx
bridal morning look,4,attire,hair|makeup,wedding_day,,exact
mastermind dinner catering,4,catering,catering,wedding_day,,h.catering
heels,4,other,accessories,wedding_day,,h.accessories
cannoli,4,other,other,wedding_day,,unmatched
amazing vendors,4,other,other,wedding_day,,unmatched
maracas,4,other,other,wedding_day,,unmatched
manicurist,4,other,beauty_services,wedding_day,,exact
dj and photobooth,4,photobooth,dj|photo_booth,wedding_day,,compound(exact+exact)
makeup vendor,4,makeup,other,wedding_day,,unmatched
dj and photo booth,4,photobooth,dj|photo_booth,wedding_day,,compound(exact+exact)
retreat host,4,other,other,wedding_day,,unmatched
dj + sax,4,dj,dj|live_music,wedding_day,,compound(exact+exact)
custom dance floor,4,other,lighting_production,wedding_day,,exact.stripped
stylist guests,4,other,other,wedding_day,,unmatched
dj + mc,4,dj,dj|mc,wedding_day,,compound(exact+exact)
hmr designs,4,other,other,wedding_day,,unmatched
day of signage,4,other,signage,wedding_day,,exact.stripped
audio visual,4,other,other,wedding_day,,unmatched
make up and hair,4,hair,makeup|hair,wedding_day,,compound(exact+exact)
primary photographer,4,photographer,photographer,wedding_day,,h.photographer
hmu by,4,beauty_other,hair|makeup,wedding_day,,exact.stripped
retreat,4,other,other,wedding_day,,unmatched
day of paper,4,stationery,stationery,wedding_day,,exact.stripped
main couple,4,other,,wedding_day,couple,participant
special entertainment,4,dj,dj,wedding_day,,h.dj
custom tux,4,attire,attire,wedding_day,,exact.stripped
magicians,4,other,other,wedding_day,,unmatched
magazine,4,other,press_feature,wedding_day,,press
lighting & sound,4,other,lighting_production,wedding_day,,compound(exact+exact)
macedonian & greek band,4,band,band,wedding_day,,compound(h.band)
wardrobe,4,other,attire,wedding_day,,h.attire
printed materials,4,other,other,wedding_day,,unmatched
jewelry designer,4,jeweler,event_design,wedding_day,,h.event_design
lunch catering,4,catering,catering,wedding_day,,h.catering
boats,4,other,other,wedding_day,,unmatched
dishes,4,other,other,wedding_day,,unmatched
jewelry & rings,4,jeweler,jewelry,wedding_day,,compound(exact+exact)
watercolor & invitations,4,stationery,stationery,wedding_day,,compound(exact)
we got ready at,4,other,other,wedding_day,,unmatched
design + decor,4,rentals,event_design|decor_other,wedding_day,,compound(exact+exact)
lounge and bar,4,other,rentals|bar_service,wedding_day,,compound(exact+exact)
audio guestbook,4,other,guest_book,wedding_day,,h.guest_book
bridesmaid dress,4,attire,attire,wedding_day,,h.attire
huma,4,other,other,wedding_day,,unmatched
audio guest book,4,other,guest_book,wedding_day,,exact
livestream,4,other,videographer,wedding_day,,exact
cake design,4,cake,event_design,wedding_day,,h.event_design
custom fabrication,4,other,other,wedding_day,,unmatched
florist & lighting,4,florist,florist|lighting_production,wedding_day,,compound(exact+exact)
florist & decor,4,florist,florist|decor_other,wedding_day,,compound(exact+exact)
invitations & paper products,4,stationery,stationery,wedding_day,,compound(exact+exact)
cake by,4,cake,cake,wedding_day,,exact
website design,4,other,event_design,wedding_day,,h.event_design
host venue,4,venue,venue,wedding_day,,h.venue
live engraving,4,other,other,wedding_day,,unmatched
wedding film,4,videographer,videographer,wedding_day,,exact.stripped
live calligrapher,4,other,calligraphy,wedding_day,,h.calligraphy
details,4,other,other,wedding_day,,unmatched
dessert truck,4,cake,other,wedding_day,,unmatched
wedding cake + sweets,4,cake,cake|desserts,wedding_day,,exact.stripped
brides reception dress,4,attire,attire,reception,,exact.stripped
dessert table,4,cake,rentals,wedding_day,,h.rentals
audio book for guests,4,other,other,wedding_day,,unmatched
lion dance,4,other,cultural_performers,wedding_day,,h.cultural
linens windy city linens,4,rentals,rentals,wedding_day,,h.rentals
lighting frost lighting,4,other,lighting_production,wedding_day,,h.lighting
cake + desserts,4,cake,cake|desserts,wedding_day,,compound(exact+exact)
blog,4,other,press_feature,wedding_day,,press
linens & chairs,4,hair,rentals,wedding_day,,compound(exact+exact)
property,4,other,venue,wedding_day,,h.venue
furniture & rentals,4,rentals,rentals,wedding_day,,compound(exact+exact)
prosecco cart,4,other,other,wedding_day,,unmatched
stage & lighting,4,other,lighting_production,wedding_day,,compound(exact+exact)
after party location,4,other,venue,after_party,,phase_venue.modifier
gala portrait experience,4,other,other,wedding_day,,unmatched
ps,4,other,other,wedding_day,,unmatched
setting spray,4,other,other,wedding_day,,unmatched
games,4,other,other,wedding_day,,unmatched
reception venue & bar,4,venue,venue|bar_service,reception,,compound(exact+exact).ctx
florals and decor,4,florist,florist|decor_other,wedding_day,,compound(exact+exact)
cocktail dinner attire,4,attire,attire,cocktail_hour,,h.attire.ctx
from waves to vows to a star,4,other,other,wedding_day,,unmatched
security,4,other,security,wedding_day,,exact
bar rentals,4,rentals,rentals,wedding_day,,h.rentals
bridal party hair & make up,4,hair,hair|makeup,wedding_day,,compound(exact+exact)
signage & paper goods,4,stationery,signage|stationery,wedding_day,,compound(exact+exact)
reception painter,4,other,live_painter,reception,,exact.ctx
dancefloor & lighting production,4,other,lighting_production,wedding_day,,compound(exact+h.lighting)
conent,4,other,other,wedding_day,,unmatched
lighting and av,4,other,lighting_production,wedding_day,,compound(exact+exact)
words,4,other,other,wedding_day,,unmatched
second photography,4,photographer,photographer,wedding_day,,h.photographer
bistro lighting,4,other,lighting_production,wedding_day,,h.lighting
floral erin mcdonald co,4,florist,other,wedding_day,,unmatched
second line band,4,band,band,wedding_day,,h.band
fan,4,other,other,wedding_day,,unmatched
farm tables,4,other,rentals,wedding_day,,h.rentals
coordination & content creation,4,planner,coordinator|content_creator,wedding_day,,compound(exact+exact)
taxi boat,4,other,other,wedding_day,,unmatched
wedding day entertainment,4,dj,dj,wedding_day,,h.dj.stripped
sketch artists,4,other,live_painter,wedding_day,,h.live_painter
lead videographer,4,videographer,videographer,wedding_day,,exact.stripped
bride’s dress on katherine,4,attire,other,wedding_day,,unmatched
fashion illustrator,4,other,live_painter,wedding_day,,h.live_painter
wedding photo,4,photographer,photographer,wedding_day,,exact.stripped
business support,4,other,other,wedding_day,,unmatched
ceremony harpist,4,other,live_music,ceremony,,exact.ctx
eyes,4,other,other,wedding_day,,unmatched
grwm,4,other,other,wedding_day,,unmatched
grammy,4,other,other,wedding_day,,unmatched
coffee bar,4,other,bar_service,wedding_day,,h.bar
groomsmen suits,4,attire,attire,wedding_day,,h.attire
bride’s dress on kyra,4,attire,other,wedding_day,,unmatched
photography averyhouse,4,photographer,other,wedding_day,,unmatched
ceremony pillar decor,4,rentals,decor_other,ceremony,,h.decor.ctx
photography + videography,4,photographer,photographer|videographer,wedding_day,,compound(exact+exact)
gifting,4,other,other,wedding_day,,unmatched
ceremony draping,4,other,lighting_production,ceremony,,exact.ctx
churro cart,4,other,other,wedding_day,,unmatched
giveaway closed,4,other,other,wedding_day,,unmatched
featured,4,other,noise,wedding_day,,noise
bridal gown designer,4,attire,attire,wedding_day,,exact.stripped
tents,4,other,tent,wedding_day,,exact
featured in order of appearance,4,other,noise,wedding_day,,noise
ceremony ship,4,other,other,ceremony,,unmatched
snacks,4,other,desserts,wedding_day,,h.desserts
assisted by,4,other,other,wedding_day,,unmatched
food vendors,4,catering,other,wedding_day,,unmatched
photographs by,4,photographer,other,wedding_day,,unmatched
placecards,4,other,stationery,wedding_day,,exact
additional footage courtesy of,4,other,other,wedding_day,,unmatched
lehenga,4,other,other,wedding_day,,unmatched
photographer + videographer,4,photographer,photographer|videographer,wedding_day,,compound(exact+exact)
social media,4,other,other,wedding_day,,unmatched
planing & design,4,other,event_design,wedding_day,,compound(exact)
live sax,3,musician,live_music,wedding_day,,h.live_music
bridesmaids attire,3,attire,attire,wedding_day,,h.attire
invitations + printed items,3,stationery,stationery,wedding_day,,compound(exact+exact)
bridesmaids gowns,3,attire,attire,wedding_day,,h.attire
bridesmaids makeup,3,makeup,makeup,wedding_day,,h.makeup
dance troup,3,other,other,wedding_day,,unmatched
dance troupe,3,other,other,wedding_day,,unmatched
dancefloor & ceremony staging,3,other,lighting_production,ceremony,,compound(exact+exact).ctx
bridesmaids' dresses,3,attire,attire,wedding_day,,exact
bridgeportartistcommunity,3,other,other,wedding_day,,unmatched
joel hall dancers & center,3,other,dancers_choreography,wedding_day,,compound(h.dance)
bronzer,3,other,other,wedding_day,,unmatched
brows,3,other,beauty_services,wedding_day,,exact
decor & production,3,rentals,decor_other|lighting_production,wedding_day,,compound(exact+exact)
khmer dress,3,attire,attire,wedding_day,,h.attire
decor + florals,3,florist,decor_other|florist,wedding_day,,compound(exact+exact)
kulfi,3,other,other,wedding_day,,unmatched
kunafa,3,other,other,wedding_day,,unmatched
decor and car build,3,rentals,decor_other,wedding_day,,compound(exact)
atrium,3,other,other,wedding_day,,unmatched
attire & jewelry,3,attire,attire|jewelry,wedding_day,,compound(exact+exact)
decoration,3,rentals,decor_other,wedding_day,,h.decor
late night outfit,3,attire,attire,wedding_day,,h.attire
budtender,3,other,other,wedding_day,,unmatched
decore,3,rentals,other,wedding_day,,unmatched
deeply rooted dance theater,3,other,other,wedding_day,,unmatched
additional photography,3,photographer,photographer,wedding_day,,h.photographer
letterpress,3,other,other,wedding_day,,unmatched
lighting & drape,3,other,lighting_production,wedding_day,,compound(exact)
cafe lighting + chandeliers,3,other,lighting_production,wedding_day,,compound(h.lighting)
cake & cookies,3,cake,cake|desserts,wedding_day,,compound(exact+exact)
lighting production and dj,3,dj,lighting_production|dj,wedding_day,,compound(h.lighting+exact)
lights & dj,3,dj,lighting_production|dj,wedding_day,,compound(exact+exact)
design assistant,3,other,other,wedding_day,,unmatched
design concept & planning,3,planner,event_design|planner,wedding_day,,compound(h.event_design+exact)
design decor,3,rentals,decor_other,wedding_day,,h.decor
cake & macarons,3,cake,cake|desserts,wedding_day,,compound(exact+h.desserts)
linen and rentals,3,rentals,rentals,wedding_day,,compound(exact+exact)
designer and lead planner,3,planner,event_design|planner,wedding_day,,compound(exact+exact.stripped)
linen partner,3,rentals,other,wedding_day,,unmatched
audio,3,other,lighting_production,wedding_day,,h.lighting
linens & furniture,3,rentals,rentals,wedding_day,,compound(exact+exact)
linens & place settings,3,rentals,rentals,wedding_day,,compound(exact)
linens + rentals,3,rentals,rentals,wedding_day,,compound(exact+exact)
details of the joinery,3,other,other,wedding_day,,unmatched
developed by,3,other,other,wedding_day,,unmatched
live fashion illustrator,3,other,live_painter,wedding_day,,h.live_painter
live musician,3,musician,live_music,wedding_day,,h.live_music
live saxophone,3,musician,live_music,wedding_day,,h.live_music
blush models,3,other,other,wedding_day,,unmatched
loafers,3,other,other,wedding_day,,unmatched
cake letters,3,cake,decor_other,wedding_day,,exact
logistics & transportation,3,transportation,coordinator|transportation,wedding_day,,compound(exact+exact)
director at large,3,other,other,wedding_day,,unmatched
boat cruise rental,3,rentals,rentals,wedding_day,,h.rentals
disco balls,3,other,other,wedding_day,,unmatched
boat rental,3,rentals,rentals,wedding_day,,h.rentals
dj & av,3,dj,dj|lighting_production,wedding_day,,compound(exact+exact)
dj & band,3,band,dj|band,wedding_day,,compound(exact+exact)
call your crew,3,other,noise,wedding_day,,noise
luxury wedding network,3,other,other,wedding_day,,unmatched
dj & lights,3,dj,dj|lighting_production,wedding_day,,compound(exact+exact)
calligraphy + paper works,3,stationery,calligraphy,wedding_day,,compound(exact)
dj & mc,3,dj,dj|mc,wedding_day,,compound(exact+exact)
boba bar,3,other,bar_service,wedding_day,,h.bar
dj + lighting,3,dj,dj|lighting_production,wedding_day,,compound(exact+exact)
makeup & party hair,3,hair,makeup|hair,wedding_day,,compound(exact+exact)
makeup and hair stylist,3,hair,makeup|hair,wedding_day,,compound(exact+exact)
makeup bridal makeup by aga,3,makeup,makeup,wedding_day,,h.makeup.stripped
makeup by me for,3,makeup,makeup,wedding_day,,exact.stripped
candle lighting,3,other,lighting_production,wedding_day,,h.lighting
dj equipment rentals & sound,3,dj,rentals|lighting_production,wedding_day,,compound(h.rentals+exact)
marquee extension for lunch,3,other,catering,wedding_day,,h.catering
djs & vibe curators,3,dj,dj,wedding_day,,compound(exact)
cannolis,3,other,other,wedding_day,,unmatched
may,3,other,other,wedding_day,,unmatched
booked through,3,other,other,wedding_day,,unmatched
dog,3,other,other,wedding_day,,unmatched
booth,3,other,photo_booth,wedding_day,,h.photo_booth
mehndi decor,3,rentals,decor_other,sangeet_mehndi,,exact.ctx
don’t forget to visit our friends,3,other,other,wedding_day,,unmatched
men’s stylist,3,other,event_design,wedding_day,,h.event_design
men’s wear,3,other,other,wedding_day,,unmatched
doughnuts,3,other,other,wedding_day,,unmatched
drape,3,other,other,wedding_day,,unmatched
car rental,3,rentals,rentals,wedding_day,,h.rentals
drapery + lighting,3,other,lighting_production,wedding_day,,compound(exact+exact)
carasco,3,other,other,wedding_day,,unmatched
mixology,3,other,bar_service,wedding_day,,h.bar
caricature drawings,3,other,other,wedding_day,,unmatched
draping + rentals,3,rentals,lighting_production|rentals,wedding_day,,compound(exact+exact)
carpet and drape,3,other,rentals,wedding_day,,compound(exact)
cart rental,3,rentals,rentals,wedding_day,,h.rentals
case in point,3,other,other,wedding_day,,unmatched
move me soul,3,other,other,wedding_day,,unmatched
muntu dance theatre,3,other,other,wedding_day,,unmatched
dresses for guests,3,attire,attire,wedding_day,,exact.stripped
dressing,3,attire,other,wedding_day,,unmatched
cater,3,catering,other,wedding_day,,unmatched
dressing location,3,attire,venue,wedding_day,,h.venue
najwa dance corps,3,other,other,wedding_day,,unmatched
alex’s ring,3,jeweler,jewelry,wedding_day,,h.jewelry
drummers,3,other,other,wedding_day,,unmatched
catering & beverage,3,catering,catering|bar_service,wedding_day,,compound(exact+exact)
edited by,3,other,album_editing,wedding_day,,exact
backline,3,other,other,wedding_day,,unmatched
a behind,3,other,other,wedding_day,,unmatched
officiant + dj,3,dj,officiant|dj,wedding_day,,compound(exact+exact)
on site stationery,3,stationery,stationery,wedding_day,,h.stationery
elevated rentals,3,rentals,rentals,wedding_day,,h.rentals
online platform support,3,other,other,wedding_day,,unmatched
email,3,other,other,wedding_day,,unmatched
organization,3,other,other,wedding_day,,unmatched
other dessert,3,cake,desserts,wedding_day,,h.desserts
catering and venue,3,venue,catering|venue,wedding_day,,compound(exact+exact)
catering friday,3,catering,other,wedding_day,,unmatched
paebaek,3,other,other,wedding_day,,unmatched
caviar,3,other,other,wedding_day,,unmatched
painted trays,3,other,other,wedding_day,,unmatched
parking attendant,3,other,other,wedding_day,,unmatched
partial planning,3,planner,planner,wedding_day,,h.planner
bridal dress designer,3,attire,attire,wedding_day,,exact.stripped
party favors,3,other,favors_gifts,wedding_day,,h.favors
party lights,3,other,lighting_production,wedding_day,,h.lighting
arch designer,3,other,event_design,wedding_day,,h.event_design
center stage + dance floor,3,other,lighting_production,wedding_day,,compound(h.lighting+exact)
bridal dresser,3,attire,attire,wedding_day,,exact.stripped
performances,3,other,other,wedding_day,,unmatched
ceremony & reception location,3,other,venue,ceremony,,h.venue.ctx
pet care,3,other,pet_attendant,wedding_day,,h.pet
phone booth,3,other,photo_booth,wedding_day,,h.photo_booth
photo & film,3,photographer,photographer|videographer,wedding_day,,compound(exact+exact)
event decorations,3,rentals,decor_other,wedding_day,,h.decor
photo cred,3,photographer,other,wedding_day,,unmatched
photo credits,3,photographer,photographer,wedding_day,,exact.stripped
event for,3,other,other,wedding_day,,unmatched
event hosts,3,other,other,wedding_day,,unmatched
photo+video,3,photographer,photographer|videographer,wedding_day,,compound(exact+exact)
photobooth & audio guestbook,3,photobooth,photo_booth|guest_book,wedding_day,,compound(exact+h.guest_book)
photobooth & content creator,3,photobooth,photo_booth|content_creator,wedding_day,,compound(exact+exact)
event photographer,3,photographer,photographer,wedding_day,,h.photographer
photobooth rental,3,photobooth,rentals,wedding_day,,h.rentals
photograph,3,photographer,photographer,wedding_day,,exact
event planners,3,planner,planner,wedding_day,,h.planner
event planning & coordination,3,planner,planner|coordinator,wedding_day,,compound(exact+exact)
photographed for,3,photographer,other,wedding_day,,unmatched
event planning + design,3,planner,planner|event_design,wedding_day,,compound(exact+exact)
event signage,3,other,signage,wedding_day,,h.signage
event space,3,other,other,wedding_day,,unmatched
balloon arch,3,other,other,wedding_day,,unmatched
event support,3,other,other,wedding_day,,unmatched
photography assistant,3,photographer,other,wedding_day,,unmatched
ceremony florals,3,florist,florist,ceremony,,exact.ctx
photos & video,3,photographer,photographer|videographer,wedding_day,,compound(exact+exact)
ceremony location,3,venue,venue,ceremony,,phase_venue
family hair & makeup,3,hair,hair|makeup,wedding_day,,compound(h.hair+exact)
ceremony music & band,3,band,live_music|band,ceremony,,compound(exact+exact).ctx
photos shot by my amazing friends,3,photographer,other,wedding_day,,unmatched
fashion + attire,3,attire,attire,wedding_day,,compound(exact+exact)
ceremony photographer,3,photographer,photographer,ceremony,,exact.ctx
ceremony photos,3,photographer,photographer,ceremony,,exact.ctx
piaggio,3,other,other,wedding_day,,unmatched
feature,3,other,other,wedding_day,,unmatched
featured photographers,3,photographer,photographer,wedding_day,,h.photographer
bridal hairstylist,3,hair,hair,wedding_day,,exact.stripped
bridal hmua,3,beauty_other,hair|makeup,wedding_day,,exact.stripped
planner and officiant,3,planner,planner|officiant,wedding_day,,compound(exact+exact)
film developing,3,videographer,other,wedding_day,,unmatched
ceremony venue holy name cathedral,3,venue,venue,ceremony,,h.venue.ctx
film photo,3,photographer,photographer,wedding_day,,h.photographer
bridal jewelry,3,attire,jewelry,wedding_day,,exact.stripped
planner megan estrada,3,planner,other,wedding_day,,unmatched
fine rentals,3,rentals,rentals,wedding_day,,h.rentals
chaat wala,3,other,other,wedding_day,,unmatched
chai,3,other,other,wedding_day,,unmatched
planning and creative direction,3,planner,planner|event_design,wedding_day,,compound(exact+exact)
planning and floral design,3,planner,planner|florist,wedding_day,,compound(exact+exact)
planning by one and only,3,planner,planner,wedding_day,,exact.stripped
band + cocktail musicians,3,band,band|live_music,cocktail_hour,,compound(exact+exact).ctx
chai cart,3,other,other,wedding_day,,unmatched
plates,3,other,other,wedding_day,,unmatched
portrait station,3,other,other,wedding_day,,unmatched
flawless skin,3,other,beauty_services,wedding_day,,h.beauty_services
floor drapery,3,other,lighting_production,wedding_day,,h.lighting
pr,3,other,other,wedding_day,,unmatched
chalkboard artist,3,other,live_painter,wedding_day,,h.live_painter
champagne,3,other,other,wedding_day,,unmatched
presented by yazz events,3,other,other,wedding_day,,unmatched
bridal mua,3,beauty_other,makeup,wedding_day,,exact.stripped
floral & draping,3,florist,florist|lighting_production,wedding_day,,compound(exact+exact)
presets,3,other,other,wedding_day,,unmatched
floral & installation,3,florist,florist|decor_other,wedding_day,,compound(exact+h.decor)
floral + catering,3,florist,florist|catering,wedding_day,,compound(exact+exact)
prints,3,other,other,wedding_day,,unmatched
floral + concept,3,florist,florist|event_design,wedding_day,,compound(exact+exact)
private chef,3,other,catering,wedding_day,,h.catering
privileged to spend saturday w,3,other,other,wedding_day,,unmatched
pro tip,3,other,other,wedding_day,,unmatched
production assistant,3,other,other,wedding_day,,unmatched
floral and lighting,3,florist,florist|lighting_production,wedding_day,,compound(exact+exact)
champagne wall,3,other,other,wedding_day,,unmatched
production support,3,other,other,wedding_day,,unmatched
programs,3,other,stationery,wedding_day,,h.stationery
floral by,3,florist,florist,wedding_day,,exact.stripped
bridal party attire,3,attire,attire,wedding_day,,h.attire.stripped
publisher,3,other,other,wedding_day,,unmatched
band and dj,3,band,band|dj,wedding_day,,compound(exact+exact)
charcuterie styling,3,other,event_design,wedding_day,,h.event_design
floral preservation,3,florist,other,wedding_day,,unmatched
rebecca & kathryn styling,3,other,event_design,wedding_day,,compound(h.event_design)
bridal party by,3,attire,other,wedding_day,,unmatched
floral+ design,3,florist,florist|event_design,wedding_day,,compound(exact+exact)
reception location,3,venue,venue,reception,,phase_venue
florals & planning,3,planner,florist|planner,wedding_day,,compound(exact+exact)
florals + design,3,florist,florist|event_design,wedding_day,,compound(exact+exact)
reception venue hilton chicago,3,venue,other,reception,,unmatched
reel,3,other,other,wedding_day,,unmatched
florals and design,3,florist,florist|event_design,wedding_day,,compound(exact+exact)
rehearsal dinner catering,3,catering,catering,rehearsal_dinner,,exact.ctx
rehearsal transportation,3,transportation,transportation,rehearsal_dinner,,exact.ctx
rental + linens,3,rentals,rentals,wedding_day,,compound(exact+exact)
florist + design,3,florist,florist|event_design,wedding_day,,compound(exact+exact)
after party dress,3,attire,attire,after_party,,exact.ctx
rentals & tablescapes,3,rentals,rentals|event_design,wedding_day,,compound(exact+exact)
rentals & tent,3,rentals,rentals|tent,wedding_day,,compound(exact+exact)
rentals + linens,3,rentals,rentals,wedding_day,,compound(exact+exact)
rentals and custom designs,3,rentals,rentals,wedding_day,,compound(exact)
bridal prep,3,attire,attire,getting_ready,,exact.ctx
restroom rental,3,rentals,rentals,wedding_day,,h.rentals
flower software,3,florist,other,wedding_day,,unmatched
flowers & decor,3,florist,florist|decor_other,wedding_day,,compound(exact+exact)
flowers and design,3,florist,florist|event_design,wedding_day,,compound(exact+exact)
rogersparkflorist,3,florist,other,wedding_day,,unmatched
choreographer,3,other,dancers_choreography,wedding_day,,h.dance
sari,3,other,other,wedding_day,,unmatched
saturday second shoes,3,attire,accessories,wedding_day,,h.accessories
saturday shoes,3,attire,accessories,wedding_day,,h.accessories
forward momentum chicago,3,other,other,wedding_day,,unmatched
freelance floral assistance,3,florist,other,wedding_day,,unmatched
bridalwear,3,attire,other,wedding_day,,unmatched
friday dress,3,attire,attire,wedding_day,,h.attire
classic car,3,other,transportation,wedding_day,,h.transportation
friday shoes,3,attire,accessories,wedding_day,,h.accessories
second shooting for,3,other,second_shooter,wedding_day,,exact.stripped
bride & bridal party makeup by,3,makeup,makeup,wedding_day,,compound(h.makeup.stripped)
service staff,3,other,staffing,wedding_day,,h.staffing
session & gala dinner staging,3,catering,lighting_production,wedding_day,,compound(h.lighting)
artists’ gowns,3,attire,attire,wedding_day,,h.attire
furniture & linens,3,rentals,rentals,wedding_day,,compound(exact+exact)
furniture and linens,3,rentals,rentals,wedding_day,,compound(exact+exact)
gaffer,3,other,other,wedding_day,,unmatched
cocktail hour music,3,musician,live_music,cocktail_hour,,exact.ctx
gelato cart,3,other,other,wedding_day,,unmatched
getaway suv,3,other,other,wedding_day,,unmatched
coffee & tea,3,other,desserts,wedding_day,,compound(exact)
getting ready gown,3,attire,attire,getting_ready,,exact.ctx
getting ready robe,3,other,other,getting_ready,,unmatched
social media content creator,3,content_creator,content_creator,wedding_day,,h.content
social media curator,3,other,other,wedding_day,,unmatched
soft play,3,other,other,wedding_day,,unmatched
bar sign,3,other,signage,wedding_day,,h.signage
soloist,3,other,live_music,wedding_day,,h.live_music
sound & av,3,other,lighting_production,wedding_day,,compound(exact+exact)
sound & lighting,3,other,lighting_production,wedding_day,,compound(exact+exact)
glasshouse a,3,other,other,wedding_day,,unmatched
sounds,3,other,other,wedding_day,,unmatched
artists’ mua,3,beauty_other,makeup,wedding_day,,h.makeup
baraat car,3,other,transportation,sangeet_mehndi,,exact.ctx
sparklers and dancing in clouds,3,other,entertainment_other,wedding_day,,compound(h.entertainment_other)
baraat horse,3,other,other,sangeet_mehndi,,unmatched
artists’ styling,3,other,event_design,wedding_day,,h.event_design
community orchestra convening,3,other,other,wedding_day,,unmatched
special thanks to,3,other,other,wedding_day,,unmatched
specialty furniture,3,other,rentals,wedding_day,,exact.stripped
concierge meteorologist,3,other,other,wedding_day,,unmatched
gown + suit,3,attire,attire,wedding_day,,compound(exact+exact)
alpaca,3,other,other,wedding_day,,unmatched
ssp couple,3,other,other,wedding_day,,unmatched
staff travel & rental cars,3,rentals,transportation,wedding_day,,compound(h.transportation)
stage & mandap,3,other,lighting_production,wedding_day,,compound(exact)
staging + lighting,3,other,lighting_production,wedding_day,,compound(exact+exact)
barber,3,other,beauty_services,wedding_day,,exact
stationary & signage,3,stationery,stationery|signage,wedding_day,,compound(exact+exact)
barber services,3,other,other,wedding_day,,unmatched
stationery + signage,3,stationery,stationery|signage,wedding_day,,compound(exact+exact)
stay well,3,other,other,wedding_day,,unmatched
congratulations,3,other,noise,wedding_day,,noise
store,3,other,attire,wedding_day,,h.attire
contact us,3,other,other,wedding_day,,unmatched
string duo,3,jeweler,other,wedding_day,,unmatched
strings + band,3,band,live_music|band,wedding_day,,compound(exact+exact)
content by me for,3,videographer,content_creator,wedding_day,,exact.stripped
groom and groomsmen,3,other,attire,wedding_day,,compound(exact)
styling by,3,other,event_design,wedding_day,,exact.stripped
bride’s accessories,3,other,accessories,wedding_day,,exact
styling mat,3,other,other,wedding_day,,unmatched
groom outfit,3,attire,attire,wedding_day,,exact.stripped
bartenders,3,other,bar_service,wedding_day,,h.bar
suit shirt,3,attire,other,wedding_day,,unmatched
suite,3,attire,stationery,wedding_day,,h.stationery
groom’s attire kimono,3,attire,other,wedding_day,,unmatched
sweet treat,3,other,other,wedding_day,,unmatched
sweets station,3,other,other,wedding_day,,unmatched
swimwear,3,other,other,wedding_day,,unmatched
sydney’s hair,3,hair,hair,wedding_day,,h.hair
sydney’s makeup,3,makeup,makeup,wedding_day,,h.makeup
table,3,other,rentals,wedding_day,,h.rentals
table decor,3,rentals,decor_other,wedding_day,,h.decor
table numbers,3,other,other,wedding_day,,unmatched
tarot,3,other,other,wedding_day,,unmatched
tattoo artist,3,other,live_painter,wedding_day,,h.live_painter
groomsmen’s suits,3,attire,attire,wedding_day,,h.attire
teamwork,3,other,other,wedding_day,,unmatched
tent & accessories,3,other,tent|accessories,wedding_day,,compound(exact+exact)
tent & rentals,3,rentals,tent|rentals,wedding_day,,compound(exact+exact)
text service,3,other,other,wedding_day,,unmatched
guest illustrations,3,other,other,wedding_day,,unmatched
bbj,3,other,other,wedding_day,,unmatched
also on deck,3,other,other,wedding_day,,unmatched
that’s a wrap for the ann arbor,3,other,other,wedding_day,,unmatched
thc bar,3,other,bar_service,wedding_day,,h.bar
the bridal makeup,3,makeup,makeup,wedding_day,,exact
the bridal outfit,3,attire,attire,wedding_day,,exact
the cake,3,cake,cake,wedding_day,,exact
the coordinators,3,planner,coordinator,wedding_day,,exact
the couple,3,other,,wedding_day,couple,participant
guided hike,3,other,other,wedding_day,,unmatched
the dinner,3,catering,catering,wedding_day,,exact
the era footwork collective,3,other,other,wedding_day,,unmatched
guitar,3,other,live_music,wedding_day,,h.live_music
the garlands,3,other,other,wedding_day,,unmatched
the hair,3,hair,hair,wedding_day,,exact
the joinery,3,other,other,wedding_day,,unmatched
the outfit,3,attire,attire,wedding_day,,exact
the shoes,3,attire,accessories,wedding_day,,exact
the sold,3,other,other,wedding_day,,unmatched
cover credits,3,other,other,wedding_day,,unmatched
hair and makeup bianca,3,hair,hair,wedding_day,,compound(exact)
tiktok,3,other,other,wedding_day,,unmatched
transporation,3,other,other,wedding_day,,unmatched
transport of materials and goods,3,transportation,other,wedding_day,,unmatched
trevor harris,3,other,other,wedding_day,,unmatched
hair juan jose herrera,3,hair,other,wedding_day,,unmatched
beautiful couple,3,other,other,wedding_day,,unmatched
hair stylist & make,3,hair,hair|makeup,wedding_day,,compound(exact+exact)
update,3,other,other,wedding_day,,unmatched
uplighting,3,other,other,wedding_day,,unmatched
valet & coat check,3,other,valet,wedding_day,,compound(exact)
van,3,other,other,wedding_day,,unmatched
veil & hair accessories,3,hair,accessories,wedding_day,,compound(exact+h.accessories)
creative coordinator,3,planner,coordinator,wedding_day,,h.coordinator
vendor highlight of the week,3,other,other,wedding_day,,unmatched
handkerchiefs,3,other,other,wedding_day,,unmatched
creator,3,other,other,wedding_day,,unmatched
hannah’s hair,3,hair,hair,wedding_day,,h.hair
venue + floral,3,venue,venue|florist,wedding_day,,compound(exact+exact)
venue and planning,3,venue,venue|planner,wedding_day,,compound(exact+exact)
venue design,3,venue,event_design,wedding_day,,h.event_design
venue friday marriott marquis,3,venue,other,wedding_day,,unmatched
alyssa + mikey,3,other,other,wedding_day,,unmatched
venue name,3,venue,other,wedding_day,,unmatched
bride’s veil,3,other,accessories,wedding_day,,exact.stripped
video & content creation,3,videographer,videographer|content_creator,wedding_day,,compound(exact+exact)
head table vases,3,other,other,wedding_day,,unmatched
curated by,3,other,other,wedding_day,,unmatched
curated by chef,3,other,catering,wedding_day,,h.catering
videobooth,3,videographer,other,wedding_day,,unmatched
videography by,3,videographer,videographer,wedding_day,,exact.stripped
her wedding ring,3,jeweler,jewelry,wedding_day,,h.jewelry.stripped
assistants,3,other,noise,wedding_day,,noise
vintage porsche,3,other,other,wedding_day,,unmatched
his wedding ring,3,jeweler,jewelry,wedding_day,,h.jewelry.stripped
violins,3,other,other,wedding_day,,unmatched
custom details,3,other,other,wedding_day,,unmatched
hospitality,3,other,other,wedding_day,,unmatched
we partnered with,3,other,other,wedding_day,,unmatched
we were proud to host scratching,3,other,other,wedding_day,,unmatched
custom fabrication & design,3,other,event_design,wedding_day,,compound(exact)
host planner & designer,3,planner,planner|event_design,wedding_day,,compound(h.planner+exact)
host videographer,3,videographer,videographer,wedding_day,,h.videographer
hotel + venue,3,venue,accommodations|venue,wedding_day,,compound(exact+exact)
hotel blocks,3,hotel,other,wedding_day,,unmatched
custom gown,3,attire,attire,wedding_day,,exact.stripped
wedding design & planning,3,planner,planner|event_design,wedding_day,,exact.stripped
wedding designer,3,other,event_design,wedding_day,,exact.stripped
brides hair,3,hair,hair,wedding_day,,exact.stripped
brides makeup,3,makeup,makeup,wedding_day,,exact.stripped
wedding dress boutique,3,attire,attire,wedding_day,,exact.stripped
wedding dress ceremony and reception,3,attire,other,ceremony,,unmatched
custom installations,3,other,other,wedding_day,,unmatched
wedding earrings,3,jeweler,jewelry,wedding_day,,exact.stripped
i love doing an amuse,3,other,other,wedding_day,,unmatched
wedding invitations,3,stationery,stationery,wedding_day,,exact.stripped
wedding photography & videography,3,photographer,photographer|videographer,wedding_day,,exact.stripped
custom menswear,3,attire,attire,wedding_day,,exact.stripped
wedding stationery,3,stationery,stationery,wedding_day,,exact.stripped
wedding storefront,3,other,other,wedding_day,,unmatched
custom ring design,3,jeweler,event_design,wedding_day,,h.event_design.stripped
immersions,3,other,other,wedding_day,,unmatched
welcome party catering,3,catering,catering,welcome_party,,exact.ctx
welcome sign art,3,other,signage,wedding_day,,exact
where,3,other,other,wedding_day,,unmatched
wholesale flowers,3,florist,florist,wedding_day,,h.florist
wholesalers,3,other,other,wedding_day,,unmatched
customized veil,3,other,accessories,wedding_day,,h.accessories
bridesmaid hair,3,hair,hair,wedding_day,,h.hair
wlww,3,other,other,wedding_day,,unmatched
cutting cake,3,cake,cake,wedding_day,,h.cake
workshop education team,3,other,other,wedding_day,,unmatched
invitation designer,3,stationery,event_design,wedding_day,,h.event_design
youtube,3,other,other,wedding_day,,unmatched
zaffa,3,other,other,wedding_day,,unmatched
bridesmaid’s dresses,3,attire,attire,wedding_day,,h.attire
invitations & day,3,stationery,stationery,wedding_day,,compound(exact)
invites + day of stationery,2,stationery,stationery,wedding_day,,compound(exact+exact)
behind,2,other,other,wedding_day,,unmatched
staci & jake,2,other,other,wedding_day,,unmatched
rehearsal hair & makeup,2,hair,hair|makeup,rehearsal_dinner,,compound(exact+exact).ctx
lighting & tech,2,other,lighting_production,wedding_day,,compound(exact)
rehearsal dinner shoes,2,attire,accessories,rehearsal_dinner,,exact.ctx
registration sponsor,2,other,other,wedding_day,,unmatched
cheese wheel cake,2,cake,cake,wedding_day,,h.cake
brides shoes,2,attire,accessories,wedding_day,,exact.stripped
band l beatrix chicago,2,band,other,wedding_day,,unmatched
reception venue name,2,venue,other,reception,,unmatched
stage rental,2,rentals,rentals,wedding_day,,h.rentals
cheers to,2,other,other,wedding_day,,unmatched
lighting & staging,2,other,lighting_production,wedding_day,,compound(exact+exact)
cheeks,2,other,other,wedding_day,,unmatched
florals & production,2,florist,florist|lighting_production,wedding_day,,compound(exact+exact)
stars,2,other,other,wedding_day,,unmatched
start the morning with beat,2,other,other,wedding_day,,unmatched
florals & lighting,2,florist,florist|lighting_production,wedding_day,,compound(exact+exact)
wedding host,2,other,other,wedding_day,,unmatched
florals & candles,2,florist,florist|decor_other,wedding_day,,compound(exact+exact)
confections,2,other,other,wedding_day,,unmatched
design + art production,2,other,event_design|lighting_production,wedding_day,,compound(exact+h.lighting)
conference,2,other,other,wedding_day,,unmatched
stationary + signage,2,stationery,stationery|signage,wedding_day,,compound(exact+exact)
reception dinner catering,2,catering,catering,reception,,h.catering.ctx
stationary designer,2,stationery,event_design,wedding_day,,h.event_design
invites & menus,2,other,stationery,wedding_day,,compound(exact+exact)
reception chairs,2,hair,rentals,reception,,exact.ctx
floral wholesaler,2,florist,florist,wedding_day,,exact
floral supplier,2,florist,other,wedding_day,,unmatched
floral purses,2,florist,accessories,wedding_day,,exact
floral production,2,florist,lighting_production,wedding_day,,h.lighting
charger plates,2,other,other,wedding_day,,unmatched
congrats,2,other,other,wedding_day,,unmatched
rabbi,2,other,officiant,wedding_day,,exact
quartet and band,2,band,live_music|band,wedding_day,,compound(exact+exact)
lighting & rentals,2,rentals,lighting_production|rentals,wedding_day,,compound(exact+exact)
graphic design & print items,2,other,stationery,wedding_day,,compound(exact)
stationery and paperie,2,stationery,stationery,wedding_day,,compound(exact+h.stationery)
charcuterie board,2,other,other,wedding_day,,unmatched
pup chaperone,2,other,other,wedding_day,,unmatched
congrats again,2,other,other,wedding_day,,unmatched
graphic design & signage,2,other,stationery|signage,wedding_day,,compound(exact+exact)
publicity,2,other,other,wedding_day,,unmatched
lighting & photo booth,2,photobooth,lighting_production|photo_booth,wedding_day,,compound(exact+exact)
stds,2,other,other,wedding_day,,unmatched
graphic display and fabrication,2,other,other,wedding_day,,unmatched
chandeliers,2,other,other,wedding_day,,unmatched
steel drums,2,other,other,wedding_day,,unmatched
congrats to,2,other,other,wedding_day,,unmatched
graphics,2,other,other,wedding_day,,unmatched
beverage service,2,other,other,wedding_day,,unmatched
congratulations to our favorite city,2,other,other,wedding_day,,unmatched
chandelier rental,2,rentals,rentals,wedding_day,,h.rentals
proud mom,2,other,other,wedding_day,,unmatched
bride second look shoes,2,attire,accessories,wedding_day,,h.accessories.stripped
as seen on,2,other,press_feature,wedding_day,,press
green wall,2,other,other,wedding_day,,unmatched
bride side photographer,2,photographer,photographer,wedding_day,,h.photographer.stripped
lighting & dance floor,2,other,lighting_production,wedding_day,,compound(exact+exact)
story & narration,2,other,other,wedding_day,,unmatched
lighting & a v,2,other,lighting_production,wedding_day,,compound(exact)
ice cream bar,2,other,bar_service,wedding_day,,h.bar
floral desgin,2,florist,other,wedding_day,,unmatched
contact us at info,2,other,other,wedding_day,,unmatched
props,2,other,other,wedding_day,,unmatched
band and cocktail music,2,band,band|live_music,cocktail_hour,,compound(exact+exact).ctx
bride social media,2,other,other,wedding_day,,unmatched
floral collaborator,2,florist,other,wedding_day,,unmatched
wedding painter,2,other,live_painter,wedding_day,,exact.stripped
ashley & robert's grand dame by,2,other,other,wedding_day,,unmatched
programs director,2,other,other,wedding_day,,unmatched
strings trio,2,musician,live_music,wedding_day,,h.live_music
grip,2,other,other,wedding_day,,unmatched
structure & flooring,2,jeweler,other,wedding_day,,unmatched
floral assistants,2,florist,other,wedding_day,,unmatched
floral and production,2,florist,florist|lighting_production,wedding_day,,compound(exact+exact)
floral and designs,2,florist,florist,wedding_day,,compound(exact)
floral and decor design,2,florist,florist|event_design,wedding_day,,compound(exact+h.event_design)
production + custom video projection,2,videographer,lighting_production,wedding_day,,compound(exact)
studio space,2,other,other,wedding_day,,unmatched
studio this is,2,other,other,wedding_day,,unmatched
lightening,2,other,other,wedding_day,,unmatched
design & florist,2,florist,event_design|florist,wedding_day,,compound(exact+exact)
production & lighting,2,other,lighting_production,wedding_day,,compound(exact+exact)
production & event design,2,other,lighting_production|event_design,wedding_day,,compound(exact+exact)
groom car,2,other,transportation,wedding_day,,exact.stripped
production & av,2,other,lighting_production,wedding_day,,compound(exact+exact)
bride wedding shoes,2,attire,accessories,wedding_day,,exact.stripped
producer,2,other,planner,wedding_day,,exact
styled shoot for,2,other,other,wedding_day,,unmatched
produced by,2,other,other,wedding_day,,unmatched
groom hair,2,hair,hair,wedding_day,,exact.stripped
printed material,2,other,other,wedding_day,,unmatched
styling & rentals,2,rentals,event_design|rentals,wedding_day,,compound(exact+exact)
content creater,2,videographer,other,wedding_day,,unmatched
print materials,2,other,other,wedding_day,,unmatched
bridal nikkah outfit,2,attire,attire,sangeet_mehndi,,exact.ctx
beverage partner,2,other,other,wedding_day,,unmatched
styling concept,2,other,event_design,wedding_day,,h.event_design
lens,2,other,other,wedding_day,,unmatched
wedding party shuttle,2,other,transportation,wedding_day,,h.transportation.stripped
floral & production,2,florist,florist|lighting_production,wedding_day,,compound(exact+exact)
floral & plants,2,florist,florist,wedding_day,,compound(exact)
stylist & set designer,2,other,event_design,wedding_day,,compound(exact+h.event_design)
stylist assistant,2,other,other,wedding_day,,unmatched
president,2,other,other,wedding_day,,unmatched
stylists,2,other,other,wedding_day,,unmatched
such a wonderful weekend capturing,2,jeweler,other,wedding_day,,unmatched
flora,2,florist,other,wedding_day,,unmatched
led wall & production,2,other,lighting_production,wedding_day,,compound(exact)
but that’s how today ended,2,other,other,wedding_day,,unmatched
suit attire,2,attire,attire,wedding_day,,h.attire
groom side photographer,2,photographer,photographer,wedding_day,,h.photographer.stripped
suit designer,2,attire,event_design,wedding_day,,h.event_design
suit father,2,attire,other,wedding_day,,unmatched
suit groom,2,attire,other,wedding_day,,unmatched
suit guests,2,attire,other,wedding_day,,unmatched
groom social media,2,other,other,wedding_day,,unmatched
learn more at,2,other,other,wedding_day,,unmatched
prep,2,other,venue,getting_ready,,phase_venue.modifier
ice sculptures,2,other,other,wedding_day,,unmatched
bridal mini dress,2,attire,attire,wedding_day,,h.attire.stripped
chairs + bars,2,hair,rentals,wedding_day,,compound(exact)
suitwear,2,attire,other,wedding_day,,unmatched
flatware rentals,2,rentals,rentals,wedding_day,,h.rentals
post ceremony venue,2,venue,venue,ceremony,,h.venue.ctx
content creations,2,videographer,other,wedding_day,,unmatched
posing coach,2,other,other,wedding_day,,unmatched
groom wedding tuxedo,2,attire,attire,wedding_day,,h.attire.stripped
flatware,2,other,rentals,wedding_day,,h.rentals
portraits location,2,other,venue,wedding_day,,h.venue
chairs & linens,2,hair,rentals,wedding_day,,compound(exact+exact)
groom’s & groomsmen’s tuxes,2,attire,attire,wedding_day,,compound(exact)
chairs & chargers,2,hair,rentals,wedding_day,,compound(exact+exact)
poolside jersey boys show,2,other,other,wedding_day,,unmatched
icecream,2,other,other,wedding_day,,unmatched
swag bag partners,2,other,other,wedding_day,,unmatched
groom’s dinner jacket,2,catering,other,wedding_day,,unmatched
groom’s formalwear,2,other,other,wedding_day,,unmatched
polaroid,2,other,other,wedding_day,,unmatched
leah’s dress,2,attire,attire,wedding_day,,h.attire
groom’s reception jacket,2,other,other,reception,,unmatched
sweetheart cake,2,cake,cake,wedding_day,,h.cake
podium and place cards,2,other,stationery,wedding_day,,compound(exact)
podcast,2,other,other,wedding_day,,unmatched
sweets & food details,2,catering,desserts,wedding_day,,compound(exact)
sweets & late night food,2,catering,desserts,wedding_day,,compound(exact+exact)
plateware,2,other,other,wedding_day,,unmatched
bridal makeup & hair by me,2,hair,hair|makeup,wedding_day,,exact.stripped
invite suite,2,attire,stationery,wedding_day,,h.stationery
first photo,2,photographer,photographer,wedding_day,,h.photographer
iconic wedding reception decor by,2,rentals,decor_other,reception,,h.decor.stripped.ctx
sydney’s attire,2,attire,attire,wedding_day,,h.attire
agency,2,other,other,wedding_day,,unmatched
invite,2,other,other,wedding_day,,unmatched
planning design,2,planner,event_design,wedding_day,,h.event_design
custom menus,2,other,stationery,wedding_day,,exact.stripped
planning and styling,2,planner,planner|event_design,wedding_day,,compound(exact+exact)
first dress,2,attire,attire,wedding_day,,h.attire
planning and coordination,2,planner,planner|coordinator,wedding_day,,compound(exact+exact)
lead photo,2,photographer,photographer,wedding_day,,exact.stripped
groom’s tie,2,other,accessories,wedding_day,,exact.stripped
planning and concept,2,planner,planner|event_design,wedding_day,,compound(exact+exact)
groom's tux,2,attire,attire,wedding_day,,exact
first dance natalia,2,other,other,wedding_day,,unmatched
table linens,2,rentals,rentals,wedding_day,,h.rentals
planning + florlas,2,planner,planner,wedding_day,,compound(exact)
wedding planner carolyn flueckiger,2,planner,other,wedding_day,,unmatched
table rentals,2,rentals,rentals,wedding_day,,h.rentals
groom’s tux & shoes,2,attire,attire|accessories,wedding_day,,compound(exact+exact)
first dance,2,other,other,wedding_day,,unmatched
table settings,2,other,other,wedding_day,,unmatched
planning + creative direction,2,planner,planner|event_design,wedding_day,,compound(exact+exact)
groom’s watch,2,other,other,wedding_day,,unmatched
planning & signage,2,planner,planner|signage,wedding_day,,compound(exact+exact)
filmmakers,2,videographer,other,wedding_day,,unmatched
planning & design + paper florals,2,planner,planner|event_design|florist,wedding_day,,compound(exact+exact+h.florist)
planning & creative design,2,planner,planner|event_design,wedding_day,,compound(exact+h.event_design)
tables & chairs,2,hair,rentals,wedding_day,,compound(exact+exact)
planning & coordinator,2,planner,planner|coordinator,wedding_day,,compound(exact+exact)
grooming,2,other,beauty_services,wedding_day,,h.beauty_services
filmed by,2,videographer,other,wedding_day,,unmatched
planner&concept,2,planner,planner|event_design,wedding_day,,compound(exact+exact)
certifications,2,other,other,wedding_day,,unmatched
tablescape stylist,2,other,event_design,wedding_day,,h.event_design
a weekend celebrating the love of,2,other,other,wedding_day,,unmatched
ceremony violinist,2,other,live_music,ceremony,,exact.ctx
planner michelle durpetti,2,planner,other,wedding_day,,unmatched
tabletop & linens,2,rentals,rentals,wedding_day,,compound(exact+exact)
planner linda alpert,2,planner,other,wedding_day,,unmatched
planner l lk events,2,planner,other,wedding_day,,unmatched
film photography,2,photographer,photographer,wedding_day,,h.photographer
ceremony venue & reception venue,2,venue,venue,ceremony,,compound(exact+exact).ctx
planner and designer,2,planner,planner|event_design,wedding_day,,compound(exact+exact)
planner and design,2,planner,planner|event_design,wedding_day,,compound(exact+exact)
tabletop vintage rentals,2,rentals,rentals,wedding_day,,h.rentals
film developed and scanned by,2,videographer,other,wedding_day,,unmatched
planner allana amira,2,planner,other,wedding_day,,unmatched
bridal jewellery,2,attire,jewelry,wedding_day,,exact.stripped
planner & photo booth,2,photobooth,planner|photo_booth,wedding_day,,compound(exact+exact)
fell behind on sharing some blog,2,jeweler,other,wedding_day,,unmatched
planner & couple,2,planner,planner,wedding_day,,compound(exact)
planner & coordinator,2,planner,planner|coordinator,wedding_day,,compound(exact+exact)
bridal headpiece,2,attire,accessories,wedding_day,,h.accessories.stripped
ceremony singer,2,other,live_music,ceremony,,exact.ctx
place settings,2,other,other,wedding_day,,unmatched
bride’s ceremony dress & veil,2,attire,attire|accessories,ceremony,,compound(exact+exact).ctx
pizzica band,2,band,band,wedding_day,,h.band
featured in,2,other,press_feature,wedding_day,,press
balloons and flowers,2,florist,decor_other|florist,wedding_day,,compound(exact+exact)
lauren’s dress,2,attire,attire,wedding_day,,h.attire
tarot card reader,2,other,other,wedding_day,,unmatched
pictured with more pinups,2,other,other,wedding_day,,unmatched
coordinador,2,other,other,wedding_day,,unmatched
pictured,2,other,noise,wedding_day,,noise
wedding planner suzy sparacio,2,planner,other,wedding_day,,unmatched
pics,2,other,noise,wedding_day,,noise
bride’s ceremony gown alyne,2,attire,other,ceremony,,unmatched
photos taken for,2,photographer,other,wedding_day,,unmatched
groomsmen tux designer,2,attire,event_design,wedding_day,,h.event_design
bride's dress,2,attire,attire,wedding_day,,exact
ceremony music + dj,2,dj,live_music|dj,ceremony,,compound(exact+exact).ctx
family vehicle,2,other,other,wedding_day,,unmatched
laura,2,other,other,wedding_day,,unmatched
tea for two,2,other,other,wedding_day,,unmatched
photos from,2,photographer,photographer,wedding_day,,exact.stripped
team hair & makeup,2,hair,hair|makeup,wedding_day,,compound(h.hair+exact)
bev,2,other,other,wedding_day,,unmatched
tech + lighting,2,other,lighting_production,wedding_day,,compound(exact)
family beauty,2,beauty_other,other,wedding_day,,unmatched
fairlie's all,2,other,other,wedding_day,,unmatched
face,2,other,other,wedding_day,,unmatched
fabrics installations,2,other,other,wedding_day,,unmatched
bride’s dress designer,2,attire,attire,wedding_day,,exact.stripped
ceremony hmua,2,beauty_other,hair|makeup,ceremony,,exact.ctx
temple,2,other,venue,ceremony,,phase_venue
ceremony guitarist,2,other,live_music,ceremony,,exact.ctx
late night sax,2,musician,live_music,wedding_day,,h.live_music
tent & lighting,2,other,tent|lighting_production,wedding_day,,compound(exact+exact)
late night dessert,2,cake,desserts,wedding_day,,h.desserts
ceremony gown,2,attire,attire,ceremony,,exact.ctx
balloon design,2,other,event_design,wedding_day,,h.event_design
guest accommodations,2,other,accommodations,wedding_day,,h.accommodations
photography team,2,photographer,other,wedding_day,,unmatched
tent rentals,2,rentals,rentals,wedding_day,,h.rentals
expect a multi,2,other,other,wedding_day,,unmatched
tenting & flooring,2,jeweler,tent,wedding_day,,compound(exact)
arlen music,2,musician,live_music,wedding_day,,h.live_music
bridal gown & welcome party dress,2,attire,attire,welcome_party,,compound(exact+exact).ctx
wedding planning + design,2,planner,planner|event_design,wedding_day,,exact.stripped
photography & drone images,2,photographer,photographer,wedding_day,,compound(exact)
photography & cinema,2,photographer,photographer|videographer,wedding_day,,compound(exact+exact)
thank you,2,other,other,wedding_day,,unmatched
event stylist & planner,2,planner,event_design|planner,wedding_day,,compound(h.event_design+exact)
ashley & sean,2,other,other,wedding_day,,unmatched
last weekend our co,2,other,other,wedding_day,,unmatched
ceremony band,2,band,band,ceremony,,exact.ctx
event staffing,2,other,staffing,wedding_day,,h.staffing
a feast for the senses,2,other,other,wedding_day,,unmatched
brides’ hair & makeup,2,hair,hair|makeup,wedding_day,,compound(h.hair+exact)
thank you to the following,2,other,other,wedding_day,,unmatched
decor design and florals,2,florist,event_design|florist,wedding_day,,compound(h.event_design+exact)
event production,2,other,lighting_production,wedding_day,,h.lighting
costume,2,other,other,wedding_day,,unmatched
brides’ shoes,2,attire,accessories,wedding_day,,h.accessories
guest shuttles,2,other,other,wedding_day,,unmatched
event producers,2,other,other,wedding_day,,unmatched
last but not least from mexico,2,other,other,wedding_day,,unmatched
photographer & host,2,photographer,photographer,wedding_day,,compound(exact)
the amazing couple,2,other,other,wedding_day,,unmatched
a look back to earlier this month,2,other,other,wedding_day,,unmatched
ceremony and cocktail hour quartet,2,other,live_music,cocktail_hour,,exact.stripped.ctx
the bouquet,2,other,florist,wedding_day,,exact
behind the scenes content by,2,videographer,content_creator,wedding_day,,h.content.stripped
decor concept,2,rentals,event_design,wedding_day,,h.event_design
the bridal suite,2,attire,venue,getting_ready,,phase_venue.modifier
photog credit and videos,2,photographer,photographer,wedding_day,,exact.stripped
the buonavolantos,2,other,other,wedding_day,,unmatched
decor and lighting,2,rentals,decor_other|lighting_production,wedding_day,,compound(exact+exact)
event photography,2,photographer,photographer,wedding_day,,h.photographer
the competition,2,other,other,wedding_day,,unmatched
ceremony and cocktail entertainment,2,dj,dj,cocktail_hour,,exact.stripped.ctx
bts content creation,2,videographer,content_creator,wedding_day,,h.content
invitation & day of paper,2,stationery,stationery,wedding_day,,compound(exact+exact.stripped)
guests,2,other,other,wedding_day,,unmatched
belle isle fountain,2,other,other,wedding_day,,unmatched
event manager,2,other,other,wedding_day,,unmatched
event management & planning,2,planner,planner,wedding_day,,compound(exact)
event linens & rentals,2,rentals,rentals,wedding_day,,compound(h.rentals+exact)
kristin’s dress,2,attire,attire,wedding_day,,h.attire
the dj,2,dj,dj,wedding_day,,exact
event feature,2,other,other,wedding_day,,unmatched
the dress,2,attire,attire,wedding_day,,exact
illustration,2,other,live_painter,wedding_day,,h.live_painter
the excitement is building for emily,2,other,other,wedding_day,,unmatched
the first,2,other,other,wedding_day,,unmatched
korean tea ceremony,2,other,other,ceremony,,unmatched
all photos developed and scanned by,2,photographer,other,wedding_day,,unmatched
bride’s gowns,2,attire,attire,wedding_day,,exact.stripped
kirby’s dresses,2,attire,attire,wedding_day,,h.attire
gushers table,2,other,rentals,wedding_day,,h.rentals
photo design & florals,2,photographer,event_design|florist,wedding_day,,compound(h.event_design+exact)
kids play area,2,other,other,wedding_day,,unmatched
photo credit + creative,2,photographer,photographer,wedding_day,,exact.stripped
photo by yours truly,2,photographer,photographer,wedding_day,,exact.stripped
the henna artist,2,other,beauty_services,wedding_day,,exact
ceremony + decor florals,2,florist,florist,ceremony,,h.florist.ctx
h & m,2,other,other,wedding_day,,unmatched
the jewelry,2,jeweler,jewelry,wedding_day,,exact
decor & fresh florals,2,florist,decor_other|florist,wedding_day,,compound(exact+h.florist)
bridal glam,2,attire,makeup,wedding_day,,exact.stripped
photo backdrop,2,photographer,decor_other,wedding_day,,h.decor
photo assistants,2,photographer,other,wedding_day,,unmatched
photo and film,2,photographer,photographer|videographer,wedding_day,,compound(exact+exact)
photo and cinema team,2,photographer,photographer,wedding_day,,compound(exact)
photo + cover image,2,photographer,photographer,wedding_day,,compound(exact)
photo & cover,2,photographer,photographer,wedding_day,,compound(exact)
couple's handles,2,other,other,wedding_day,,unmatched
architectural boat tour,2,other,other,wedding_day,,unmatched
bridal florals,2,florist,florist,wedding_day,,exact.stripped
couples portraits,2,other,other,wedding_day,,unmatched
the nikkahnama,2,other,noise,wedding_day,,noise
ily,2,other,other,wedding_day,,unmatched
phonebox audio guestbook,2,other,guest_book,wedding_day,,h.guest_book
evening venue,2,venue,venue,wedding_day,,h.venue
the photos,2,photographer,photographer,wedding_day,,exact
petcare,2,other,other,wedding_day,,unmatched
the planner,2,planner,planner,wedding_day,,exact
evening gown,2,attire,attire,wedding_day,,h.attire
evening catering,2,catering,catering,wedding_day,,h.catering
the ring tray,2,jeweler,other,wedding_day,,unmatched
invitation calligraphy,2,stationery,calligraphy,wedding_day,,h.calligraphy
bridal entrance song,2,attire,other,wedding_day,,unmatched
decor & drapery,2,rentals,decor_other|lighting_production,wedding_day,,compound(exact+exact)
pet attendants,2,other,other,wedding_day,,unmatched
personal florals,2,florist,florist,wedding_day,,h.florist
permanent jewelry,2,jeweler,jewelry,wedding_day,,h.jewelry
espresso,2,other,desserts,wedding_day,,h.desserts
the tuxes,2,attire,attire,wedding_day,,exact
performer,2,other,entertainment_other,wedding_day,,h.entertainment_other
bridal dresses,2,attire,attire,wedding_day,,exact.stripped
escort cards + table numbers,2,other,stationery,wedding_day,,compound(exact)
pedestal rentals,2,rentals,rentals,wedding_day,,h.rentals
pearl bar,2,other,bar_service,wedding_day,,h.bar
the welcome sign,2,other,signage,wedding_day,,exact
equipment,2,other,other,wedding_day,,unmatched
assessoria por,2,other,other,wedding_day,,unmatched
bride’s hair lauren hughes,2,hair,other,wedding_day,,unmatched
immediate past president,2,other,other,wedding_day,,unmatched
celebrating one year ago today,2,other,other,wedding_day,,unmatched
these two were one of my first,2,other,other,wedding_day,,unmatched
party vibezzzz,2,other,other,wedding_day,,unmatched
hair + make,2,hair,hair|makeup,wedding_day,,compound(exact+exact)
third photographer,2,photographer,photographer,wedding_day,,h.photographer
entertainment violinist + dj,2,dj,live_music|dj,wedding_day,,compound(h.live_music+exact)
party makeup,2,makeup,makeup,wedding_day,,h.makeup
hair + makeup by,2,hair,hair|makeup,wedding_day,,exact.stripped
party guest photo,2,photographer,photographer,wedding_day,,h.photographer
hair + makeup stylist,2,hair,hair|event_design,wedding_day,,compound(exact+h.event_design)
park,2,other,other,wedding_day,,unmatched
parents,2,other,,wedding_day,host_family,participant
entertainment cocktail hour,2,dj,dj,cocktail_hour,,exact.ctx
bride’s headpiece,2,other,accessories,wedding_day,,h.accessories.stripped
entertainment bko,2,dj,other,wedding_day,,unmatched
paperie,2,stationery,stationery,wedding_day,,h.stationery
bakery & desserts,2,cake,cake|desserts,wedding_day,,compound(exact+exact)
this week is crazy for our family,2,other,other,wedding_day,,unmatched
paper good,2,stationery,other,wedding_day,,unmatched
entertainment & photobooth,2,photobooth,dj|photo_booth,wedding_day,,compound(exact+exact)
entertainment & dance lessons,2,dj,dj|dancers_choreography,wedding_day,,compound(exact+exact)
invitations+ stationery,2,stationery,stationery,wedding_day,,compound(exact+exact)
entertainer,2,other,entertainment_other,wedding_day,,h.entertainment_other
enjoy a candle,2,other,other,wedding_day,,unmatched
a very special sunday donation,2,other,other,wedding_day,,unmatched
engagement session location,2,other,venue,engagement,,phase_venue.modifier
over a year in the making,2,other,other,wedding_day,,unmatched
ties,2,other,other,wedding_day,,unmatched
in,2,other,other,wedding_day,,unmatched
bride’s look,2,other,other,wedding_day,,unmatched
engagement ring & bands,2,band,jewelry|band,engagement,,compound(exact+exact).ctx
our supper club swing,2,other,other,wedding_day,,unmatched
apparel,2,other,attire,wedding_day,,h.attire
our bride and groom,2,other,other,wedding_day,,unmatched
to allison & will,2,other,other,wedding_day,,unmatched
hair andmakeup,2,hair,other,wedding_day,,unmatched
our beautiful couple,2,other,other,wedding_day,,unmatched
our amazing couple,2,other,other,wedding_day,,unmatched
other desserts,2,cake,desserts,wedding_day,,h.desserts
other bridal wear,2,attire,other,wedding_day,,unmatched
tonight,2,other,other,wedding_day,,unmatched
catering and rentals,2,catering,catering|rentals,wedding_day,,compound(exact+exact)
bride’s makeup joanna bastermajian,2,makeup,other,wedding_day,,unmatched
top,2,other,other,wedding_day,,unmatched
altier,2,other,other,wedding_day,,unmatched
cover shoot for,2,other,other,wedding_day,,unmatched
email us to schedule a tour,2,other,noise,wedding_day,,noise
catering + venue,2,venue,catering|venue,wedding_day,,compound(exact+exact)
one,2,other,other,wedding_day,,unmatched
elegant weddings & events,2,other,other,wedding_day,,unmatched
okay but actually,2,other,other,wedding_day,,unmatched
kegways,2,other,other,wedding_day,,unmatched
aerialist,2,other,other,wedding_day,,unmatched
brunch catering,2,catering,catering,brunch,,exact.ctx
catering + coordination,2,planner,catering|coordinator,wedding_day,,compound(exact+exact)
bridal assistant,2,attire,staffing,wedding_day,,exact
transportation and valet,2,transportation,transportation|valet,wedding_day,,compound(exact+exact)
educator,2,other,other,wedding_day,,unmatched
travel,2,other,travel_honeymoon,wedding_day,,exact
nuage designs,2,other,other,wedding_day,,unmatched
bridal accessoires,2,attire,other,wedding_day,,unmatched
cream blush,2,other,other,wedding_day,,unmatched
nonprofit,2,other,other,wedding_day,,unmatched
trees,2,other,other,wedding_day,,unmatched
decor & bridal makeup,2,makeup,decor_other|makeup,wedding_day,,compound(exact+exact)
trio,2,other,live_music,wedding_day,,h.live_music
nikkah photographer,2,photographer,photographer,sangeet_mehndi,,exact.ctx
trolley and shuttles,2,other,transportation,wedding_day,,compound(exact)
karaoke dj,2,dj,dj,wedding_day,,h.dj
catering & bev,2,catering,catering,wedding_day,,compound(exact)
catering & bar service,2,catering,catering|bar_service,wedding_day,,compound(exact+exact)
a picture,2,other,other,wedding_day,,unmatched
duo,2,other,other,wedding_day,,unmatched
hair sandra,2,hair,other,wedding_day,,unmatched
caterering,2,catering,other,wedding_day,,unmatched
next,2,other,other,wedding_day,,unmatched
drum,2,other,other,wedding_day,,unmatched
new italian,2,other,other,wedding_day,,unmatched
tux & shoes,2,attire,attire|accessories,wedding_day,,compound(exact+exact)
brass band,2,band,band,wedding_day,,h.band
necklace,2,other,jewelry,wedding_day,,exact
drone photo,2,photographer,photographer,wedding_day,,h.photographer
napkins & linens,2,rentals,rentals,wedding_day,,compound(exact+exact)
drinks pony,2,catering,other,wedding_day,,unmatched
kanafeh,2,other,other,wedding_day,,unmatched
hair stylist & make up artist,2,hair,hair|makeup,wedding_day,,compound(exact+exact)
brandon’s wedding attire,2,attire,attire,wedding_day,,h.attire
two,2,other,other,wedding_day,,unmatched
bride’s reception dress allure,2,attire,other,reception,,unmatched
hair stylist and makeup artist,2,hair,hair|makeup,wedding_day,,compound(exact+exact)
nail tech,2,other,other,wedding_day,,unmatched
branding,2,other,other,wedding_day,,unmatched
caterer & dessert,2,cake,catering|desserts,wedding_day,,compound(exact+exact)
ube desserts,2,cake,desserts,wedding_day,,h.desserts
catere & reception siter,2,catering,other,reception,,unmatched
music entertainment + photobooth,2,photobooth,dj|photo_booth,wedding_day,,compound(h.dj+exact)
hair+ makeup,2,hair,hair|makeup,wedding_day,,compound(exact+exact)
hair+makeup,2,hair,hair|makeup,wedding_day,,compound(exact+exact)
hair+mua,2,hair,hair|makeup,wedding_day,,compound(exact+exact)
dressing & reception,2,attire,other,reception,,unmatched
amaaazing planner,2,planner,planner,wedding_day,,h.planner
welcome party band,2,band,band,welcome_party,,exact.ctx
haircut,2,hair,other,wedding_day,,unmatched
music & photo booth,2,photobooth,live_music|photo_booth,wedding_day,,compound(exact+exact)
back end business support,2,other,other,wedding_day,,unmatched
invitation design,2,stationery,stationery,wedding_day,,exact
mus,2,other,other,wedding_day,,unmatched
multi,2,other,noise,wedding_day,,noise
muah artist main couple,2,beauty_other,other,wedding_day,,unmatched
creative concept by,2,other,event_design,wedding_day,,h.event_design.stripped
welcome party favors,2,other,favors_gifts,welcome_party,,exact.ctx
muah artist guest couples,2,beauty_other,other,wedding_day,,unmatched
vases,2,other,other,wedding_day,,unmatched
mua+hair,2,hair,makeup|hair,wedding_day,,compound(exact+exact)
junior producers,2,other,other,wedding_day,,unmatched
mua and hair,2,hair,makeup|hair,wedding_day,,compound(exact+exact)
veil by,2,other,accessories,wedding_day,,exact
beautiful photos by,2,photographer,photographer,wedding_day,,h.photographer.stripped
veils,2,other,accessories,wedding_day,,h.accessories
braids by,2,other,other,wedding_day,,unmatched
mother of the bride dress,2,attire,attire,wedding_day,,h.attire
custom suit,2,attire,attire,wedding_day,,exact.stripped
dress rentals,2,attire,attire,wedding_day,,exact
morning venue,2,venue,venue,wedding_day,,h.venue
associate studio photographer,2,photographer,photographer,wedding_day,,h.photographer
baarat car,2,other,transportation,wedding_day,,h.transportation
more newlywed news this week,2,other,other,wedding_day,,unmatched
more italy for your feed today,2,other,other,wedding_day,,unmatched
moravian stars,2,other,decor_other,wedding_day,,exact
b+g,2,other,other,wedding_day,,unmatched
month of coordinator,2,planner,coordinator,wedding_day,,h.coordinator
welcome party venue & catering,2,other,venue|catering,welcome_party,,compound(exact+exact).ctx
venue & bar,2,venue,venue|bar_service,wedding_day,,compound(exact+exact)
venue & cake,2,venue,venue|cake,wedding_day,,compound(exact+exact)
monogram handkerchief,2,other,other,wedding_day,,unmatched
dress & bridal accessories,2,attire,attire|accessories,wedding_day,,compound(exact+exact)
venue & ceremony,2,venue,venue,ceremony,,compound(exact)
venue & coordination,2,venue,venue|coordinator,wedding_day,,compound(exact+exact)
dress & alterations,2,attire,attire|alterations,wedding_day,,compound(exact+exact)
dress & accessories,2,attire,attire|accessories,wedding_day,,compound(exact+exact)
venue & floral,2,venue,venue|florist,wedding_day,,compound(exact+exact)
models pdxmodelcouple,2,other,other,wedding_day,,unmatched
hannah & tyler,2,other,other,wedding_day,,unmatched
bride’s shoes on katherine,2,attire,other,wedding_day,,unmatched
venue & rentals,2,venue,venue|rentals,wedding_day,,compound(exact+exact)
creative team,2,other,noise,wedding_day,,noise
b&g,2,other,other,wedding_day,,unmatched
day of stationery & signage,2,stationery,stationery|signage,wedding_day,,exact.stripped
venue + caterer,2,venue,venue|catering,wedding_day,,compound(exact+exact)
mob saree,2,other,other,wedding_day,,unmatched
welcome sign & seating chart,2,other,signage,wedding_day,,compound(exact+exact)
draping & florals,2,florist,lighting_production|florist,wedding_day,,compound(exact+exact)
mirror & day,2,other,other,wedding_day,,unmatched
invitations & printed items,2,stationery,stationery,wedding_day,,compound(exact+exact)
venue + hotel,2,venue,venue|accommodations,wedding_day,,compound(exact+exact)
mini cakes,2,cake,cake,wedding_day,,h.cake
mikko’s best friend & handler,2,other,other,wedding_day,,unmatched
venue and coordinator,2,venue,venue|coordinator,wedding_day,,compound(exact+exact)
bride’s shoes on kyra,2,attire,other,wedding_day,,unmatched
drape and dance floor,2,other,lighting_production,wedding_day,,compound(exact)
welcome venue,2,venue,venue,wedding_day,,h.venue
drag performers,2,other,entertainment_other,wedding_day,,h.entertainment_other
venue coordinator,2,venue,coordinator,wedding_day,,h.coordinator
harpest,2,other,other,wedding_day,,unmatched
associate shot for,2,other,other,wedding_day,,unmatched
bristro lighting,2,other,lighting_production,wedding_day,,h.lighting
drag performer,2,other,entertainment_other,wedding_day,,exact
jewelers,2,jeweler,jewelry,wedding_day,,h.jewelry
dplanning,2,planner,other,wedding_day,,unmatched
additional videographers,2,videographer,videographer,wedding_day,,h.videographer
venue management + bar,2,venue,venue_management|bar_service,wedding_day,,compound(exact+exact)
menu cards,2,other,other,wedding_day,,unmatched
inspo,2,other,other,wedding_day,,unmatched
boudoir,2,other,other,wedding_day,,unmatched
donut truck,2,other,other,wedding_day,,unmatched
mendhi,2,other,other,wedding_day,,unmatched
crown,2,other,other,wedding_day,,unmatched
donkeys,2,other,other,wedding_day,,unmatched
membership director,2,other,other,wedding_day,,unmatched
bride’s third look,2,other,other,wedding_day,,unmatched
dom’s suit,2,attire,attire,wedding_day,,h.attire
cso artist,2,other,live_painter,wedding_day,,h.live_painter
dom’s shoes,2,attire,accessories,wedding_day,,h.accessories
captured by my team,2,other,other,wedding_day,,unmatched
vice president,2,other,other,wedding_day,,unmatched
what we're doing this weekend,2,other,other,wedding_day,,unmatched
mehndi bazaar cart,2,other,other,sangeet_mehndi,,unmatched
megan & david's stunner by,2,other,other,wedding_day,,unmatched
brilliantbeephotography,2,photographer,other,wedding_day,,unmatched
video + content,2,videographer,videographer|content_creator,wedding_day,,compound(exact+exact)
bride’s veil & shoes,2,attire,accessories,wedding_day,,compound(exact.stripped+exact)
video and drone,2,videographer,videographer|drone,wedding_day,,compound(exact+exact)
cape,2,other,other,wedding_day,,unmatched
bride’s veil on kyra,2,other,other,wedding_day,,unmatched
bridesmaids’ gowns,2,attire,attire,wedding_day,,h.attire
culled with my fave,2,other,other,wedding_day,,unmatched
documented by,2,other,other,wedding_day,,unmatched
media partner,2,other,other,wedding_day,,unmatched
headpiece,2,other,accessories,wedding_day,,h.accessories
headshot by,2,other,other,wedding_day,,unmatched
you know we're not much for words,2,other,other,wedding_day,,unmatched
video from sponsor,2,videographer,videographer,wedding_day,,exact.stripped
amazing couple,2,other,other,wedding_day,,unmatched
video l poetic productions,2,videographer,other,wedding_day,,unmatched
video mapping,2,videographer,other,wedding_day,,unmatched
mdm lighting,2,other,lighting_production,wedding_day,,h.lighting
booked for,2,other,other,wedding_day,,unmatched
darts & afterparty,2,other,other,after_party,,unmatched
booked by,2,other,other,wedding_day,,unmatched
bride’s wedding + engagement rings,2,jeweler,jewelry,engagement,,compound(exact).ctx
and the beautiful,2,other,other,wedding_day,,unmatched
bonus,2,other,other,wedding_day,,unmatched
dj services,2,dj,other,wedding_day,,unmatched
videography & content creation,2,videographer,videographer|content_creator,wedding_day,,compound(exact+exact)
dj or band,2,band,band,wedding_day,,h.band
cannabis,2,other,other,wedding_day,,unmatched
candy wall,2,other,other,wedding_day,,unmatched
videography and photography,2,photographer,videographer|photographer,wedding_day,,compound(exact+exact)
white podium,2,other,other,wedding_day,,unmatched
a summer september,2,other,other,wedding_day,,unmatched
henna & sari draping,2,other,beauty_services|lighting_production,wedding_day,,compound(exact+h.lighting)
videography poetic productions,2,videographer,other,wedding_day,,unmatched
videography poetic weddings,2,videographer,other,wedding_day,,unmatched
dj and videography,2,videographer,dj|videographer,wedding_day,,compound(exact+exact)
henna by,2,other,beauty_services,wedding_day,,exact.stripped
bride&groom,2,other,other,wedding_day,,unmatched
bridesmaids’ dresses bhldn,2,attire,other,wedding_day,,unmatched
videos shot by,2,videographer,other,wedding_day,,unmatched
vidography,2,other,other,wedding_day,,unmatched
dj and videographer,2,videographer,dj|videographer,wedding_day,,compound(exact+exact)
mandap,2,other,other,wedding_day,,unmatched
vintage china,2,other,other,wedding_day,,unmatched
vintage dishes,2,other,other,wedding_day,,unmatched
here is the problem,2,other,other,wedding_day,,unmatched
bride+groom,2,other,other,wedding_day,,unmatched
installations,2,other,other,wedding_day,,unmatched
bollywood dance,2,other,other,wedding_day,,unmatched
dance lesson,2,other,dancers_choreography,wedding_day,,h.dance
boka catering,2,catering,catering,wedding_day,,h.catering
custom cape,2,other,other,wedding_day,,unmatched
dabke,2,other,other,wedding_day,,unmatched
alaga,2,other,other,wedding_day,,unmatched
dj + production,2,dj,dj|lighting_production,wedding_day,,compound(exact+exact)
makeup by bisi,2,makeup,makeup,wedding_day,,exact.stripped
violin and bubble greeters,2,other,live_music,wedding_day,,compound(exact)
violinest,2,other,other,wedding_day,,unmatched
makeup and hair assistant,2,hair,makeup,wedding_day,,compound(exact)
custom wedding veil,2,other,accessories,wedding_day,,h.accessories.stripped
makeup and creative director,2,makeup,makeup|event_design,wedding_day,,compound(exact+exact)
violonist,2,other,other,wedding_day,,unmatched
dj + live music,2,dj,dj|live_music,wedding_day,,compound(exact+exact)
makeup & post,2,makeup,makeup,wedding_day,,compound(exact)
dj & musicians,2,dj,dj|live_music,wedding_day,,compound(exact+exact)
main photo & video,2,photographer,photographer|videographer,wedding_day,,exact.stripped
dj & instrumentalists,2,dj,dj,wedding_day,,compound(exact)
holiday shop,2,other,attire,wedding_day,,h.attire
home catering,2,catering,catering,wedding_day,,h.catering
bridesmaid gowns,2,attire,attire,wedding_day,,h.attire
honeymoon,2,other,travel_honeymoon,wedding_day,,exact
vow books,2,other,other,wedding_day,,unmatched
dj & good vibes,2,dj,dj,wedding_day,,compound(exact)
ma,2,other,other,wedding_day,,unmatched
luxury car,2,other,transportation,wedding_day,,h.transportation
luxury,2,other,other,wedding_day,,unmatched
caligraphy,2,other,other,wedding_day,,unmatched
boat transportation,2,transportation,transportation,wedding_day,,h.transportation
dishware,2,other,other,wedding_day,,unmatched
cakes & sweets,2,cake,cake|desserts,wedding_day,,compound(exact+exact)
love,2,other,other,wedding_day,,unmatched
lounges,2,other,other,wedding_day,,unmatched
waters,2,other,other,wedding_day,,unmatched
hors d’oeuvres,2,other,other,wedding_day,,unmatched
lounge rentals,2,rentals,rentals,wedding_day,,h.rentals
disco ball rentals,2,rentals,rentals,wedding_day,,h.rentals
lola event productions,2,other,other,wedding_day,,unmatched
horse & carriage,2,other,other,wedding_day,,unmatched
lodging,2,other,accommodations,wedding_day,,h.accommodations
jazz music,2,musician,live_music,wedding_day,,h.live_music
invitations & printed goods,2,stationery,stationery,wedding_day,,compound(exact+exact)
dinnerware,2,catering,other,wedding_day,,unmatched
we schedule hands,2,other,other,wedding_day,,unmatched
host & catering,2,catering,catering,wedding_day,,compound(exact)
interactive entertainment,2,dj,dj,wedding_day,,h.dj
dinner floral,2,florist,florist,wedding_day,,h.florist
blush combo,2,other,other,wedding_day,,unmatched
interactive painting,2,other,live_painter,wedding_day,,h.live_painter
host + photographer,2,photographer,photographer,wedding_day,,compound(exact)
wearing gifted,2,jeweler,other,wedding_day,,unmatched
live portrait painters,2,other,other,wedding_day,,unmatched
live painting by,2,other,live_painter,wedding_day,,exact.stripped
live painters,2,other,other,wedding_day,,unmatched
live illustration,2,other,live_painter,wedding_day,,h.live_painter
live guest illustrators,2,other,other,wedding_day,,unmatched
jared’s attire,2,attire,attire,wedding_day,,h.attire
aisle carpet,2,other,other,wedding_day,,unmatched
live event illustrator,2,other,live_painter,wedding_day,,h.live_painter
live entertainment & dj,2,dj,entertainment_other|dj,wedding_day,,compound(exact+exact)
interior designers,2,other,event_design,wedding_day,,h.event_design
wedding and welcome dinner dresses,2,attire,attire,welcome_party,,compound(exact).ctx
live engraver,2,other,other,wedding_day,,unmatched
custom fudge duo,2,other,other,wedding_day,,unmatched
developing + scanning,2,other,other,wedding_day,,unmatched
live band + ceremony musicians,2,band,band|live_music,ceremony,,compound(exact+exact).ctx
live artists,2,other,live_painter,wedding_day,,h.live_painter
cake and sweets,2,cake,cake|desserts,wedding_day,,compound(exact+exact)
desserts + cake,2,cake,desserts|cake,wedding_day,,compound(exact+exact)
listen closely,2,other,other,wedding_day,,unmatched
dessert tower signage,2,cake,signage,wedding_day,,h.signage
dessert experience,2,cake,other,wedding_day,,unmatched
dance floor cover,2,other,other,wedding_day,,unmatched
dessert cart,2,cake,other,wedding_day,,unmatched
aisle,2,other,other,wedding_day,,unmatched
bridesmaids mua,2,beauty_other,makeup,wedding_day,,h.makeup
linens sponsor,2,rentals,other,wedding_day,,unmatched
bridesmaid makeup,2,makeup,makeup,wedding_day,,h.makeup
linens by,2,rentals,rentals,wedding_day,,exact.stripped
custom gown & mini,2,attire,attire,wedding_day,,compound(exact.stripped)
linens and chargers,2,rentals,rentals,wedding_day,,compound(exact+exact)
wedding coordinators,2,planner,coordinator,wedding_day,,exact.stripped
hotel room blocks,2,hotel,other,wedding_day,,unmatched
wedding couple,2,other,other,wedding_day,,unmatched
linens + chairs,2,hair,rentals,wedding_day,,compound(exact+exact)
cake + dessert,2,cake,cake|desserts,wedding_day,,compound(exact+exact)
linens & lighting,2,rentals,rentals|lighting_production,wedding_day,,compound(exact+exact)
aire x pendry,2,other,other,wedding_day,,unmatched
auctioneer morris auctioneers,2,other,other,wedding_day,,unmatched
design production,2,other,lighting_production,wedding_day,,h.lighting
limelight lead,2,other,other,wedding_day,,unmatched
lil pre,2,other,other,wedding_day,,unmatched
cake & desserts by,2,cake,cake|desserts,wedding_day,,exact.stripped
furniture + rentals,2,rentals,rentals,wedding_day,,compound(exact+exact)
shirts,2,other,other,wedding_day,,unmatched
shoes & accessories,2,attire,accessories,wedding_day,,compound(exact+exact)
lightning,2,other,other,wedding_day,,unmatched
shoes and jewelry,2,attire,accessories|jewelry,wedding_day,,compound(exact+exact)
furniture & tablescape,2,other,rentals|event_design,wedding_day,,compound(exact+exact)
shared via,2,other,other,wedding_day,,unmatched
cocktail hour caterer,2,catering,catering,cocktail_hour,,exact.ctx
cocktail hour and beverage catering,2,catering,catering,cocktail_hour,,h.catering.stripped.ctx
wedding day stationery,2,stationery,stationery,wedding_day,,h.stationery.stripped
shoot stylist,2,other,event_design,wedding_day,,h.event_design
cocktail hour harpist,2,other,live_music,cocktail_hour,,exact.ctx
shop,2,other,attire,wedding_day,,h.attire
full planning & coordination,2,planner,planner|coordinator,wedding_day,,compound(exact+exact)
bride and groom to be,2,other,other,wedding_day,,unmatched
full face of,2,other,other,wedding_day,,unmatched
invitations + menu cards,2,stationery,stationery,wedding_day,,compound(exact)
setting powder,2,other,other,wedding_day,,unmatched
cocktail hour musician,2,musician,live_music,cocktail_hour,,exact.ctx
cocktail catering,2,catering,catering,cocktail_hour,,exact.ctx
serving,2,other,other,wedding_day,,unmatched
cocktail boat,2,other,other,cocktail_hour,,unmatched
design and production,2,other,event_design|lighting_production,wedding_day,,compound(exact+exact)
cocktail and reception florals,2,florist,florist,cocktail_hour,,exact.stripped.ctx
coat,2,other,other,wedding_day,,unmatched
seltzer,2,other,other,wedding_day,,unmatched
co,2,other,other,wedding_day,,unmatched
secretary,2,other,other,wedding_day,,unmatched
seconds,2,other,other,wedding_day,,unmatched
secondary photographer,2,photographer,photographer,wedding_day,,h.photographer
bride hair and makeup,2,hair,hair|makeup,wedding_day,,exact.stripped
secondary photo,2,photographer,photographer,wedding_day,,h.photographer
sierra’s attire,2,attire,attire,wedding_day,,h.attire
from specialty cocktails,2,other,bar_service,wedding_day,,h.bar
bride & planning,2,planner,planner,wedding_day,,compound(exact)
second shots for,2,other,photographer,wedding_day,,exact
signage & menus,2,other,signage|stationery,wedding_day,,compound(exact+exact)
from back,2,other,other,wedding_day,,unmatched
clean photo ready soft glam,2,photographer,hair|makeup,wedding_day,,h.hair_makeup
bar crawl stop,2,other,other,wedding_day,,unmatched
signage + papergoods,2,stationery,signage|stationery,wedding_day,,compound(exact+exact)
second shooter & content creator,2,content_creator,second_shooter|content_creator,wedding_day,,compound(exact+exact)
second photographers,2,photographer,second_shooter,wedding_day,,h.second_shooter
get ready,2,other,venue,getting_ready,,phase_venue.modifier
second photo,2,photographer,photographer,wedding_day,,h.photographer
signs,2,other,signage,wedding_day,,h.signage
signs and program,2,other,signage|stationery,wedding_day,,compound(h.signage+h.stationery)
dancefloor & lighting,2,other,lighting_production,wedding_day,,compound(exact+exact)
getting,2,other,other,wedding_day,,unmatched
city hall transformed with,2,other,other,wedding_day,,unmatched
wedding dinner catering,2,catering,catering,wedding_day,,h.catering.stripped
introducing sip and savor,2,other,other,wedding_day,,unmatched
seating chart + place cards,2,other,signage|stationery,wedding_day,,compound(exact+exact)
seating,2,other,other,wedding_day,,unmatched
seamstress,2,other,alterations,wedding_day,,h.alterations
four string soloists,2,jeweler,other,wedding_day,,unmatched
sitters,2,other,other,wedding_day,,unmatched
getting ready outfit,2,attire,attire,getting_ready,,exact.ctx
italian cake,2,cake,cake,wedding_day,,h.cake
six,2,other,other,wedding_day,,unmatched
cigar rolling,2,other,other,wedding_day,,unmatched
fotografia por,2,other,other,wedding_day,,unmatched
cigar rollers,2,other,other,wedding_day,,unmatched
saxophone player,2,musician,other,wedding_day,,unmatched
former mead composer,2,other,other,wedding_day,,unmatched
sleeves,2,other,other,wedding_day,,unmatched
slippers,2,other,other,wedding_day,,unmatched
save the dates,2,other,other,wedding_day,,unmatched
forever teary,2,other,other,wedding_day,,unmatched
gifting sponsor,2,other,other,wedding_day,,unmatched
smug mug,2,other,other,wedding_day,,unmatched
churros,2,other,other,wedding_day,,unmatched
saturday catering,2,catering,catering,wedding_day,,h.catering
artist in residence,2,other,other,wedding_day,,unmatched
saree draper,2,other,other,wedding_day,,unmatched
sarabande,2,band,other,wedding_day,,unmatched
foodtrucks,2,catering,other,wedding_day,,unmatched
food trucks,2,catering,other,wedding_day,,unmatched
food for thought,2,catering,catering,wedding_day,,exact.stripped
sand candles,2,other,decor_other,wedding_day,,h.decor
social media chair,2,hair,rentals,wedding_day,,h.rentals
social media content,2,videographer,content_creator,wedding_day,,h.content
birthday cake,2,cake,cake,wedding_day,,h.cake
samantha & sterling,2,other,other,wedding_day,,unmatched
lighting installations,2,other,other,wedding_day,,unmatched
food and beverage,2,catering,catering|bar_service,wedding_day,,compound(exact+exact)
sailing experience,2,other,other,wedding_day,,unmatched
socials,2,other,other,wedding_day,,unmatched
soft glam,2,other,hair|makeup,wedding_day,,h.hair_makeup
it’s official,2,other,other,wedding_day,,unmatched
food + beverage,2,catering,catering|bar_service,wedding_day,,compound(exact+exact)
soft seating & decor,2,rentals,decor_other,wedding_day,,compound(exact)
food & drinks provided by,2,catering,catering,wedding_day,,compound(exact)
wedding dress bridal shop,2,attire,attire,wedding_day,,h.attire.stripped
wedding dress bridal store,2,attire,attire,wedding_day,,h.attire.stripped
some highlights from our pop,2,other,other,wedding_day,,unmatched
coffee station,2,other,other,wedding_day,,unmatched
rsvp,2,other,other,wedding_day,,unmatched
roulette tables,2,other,rentals,wedding_day,,h.rentals
song,2,other,other,wedding_day,,unmatched
rockwell on the river,2,other,other,wedding_day,,unmatched
china,2,other,other,wedding_day,,unmatched
children’s clothes,2,other,other,wedding_day,,unmatched
bridal spray tan,2,attire,beauty_services,wedding_day,,exact.stripped
roaming photo booth,2,photobooth,photo_booth,wedding_day,,h.photo_booth
invitations & stationary,2,stationery,stationery,wedding_day,,compound(exact+exact)
sound & entertainment,2,dj,lighting_production|dj,wedding_day,,compound(exact+exact)
sound & ligh,2,other,lighting_production,wedding_day,,compound(exact)
sound & light,2,other,lighting_production,wedding_day,,compound(exact)
lighting installation and design,2,other,decor_other|event_design,wedding_day,,compound(h.decor+exact)
lighting installation,2,other,decor_other,wedding_day,,h.decor
roaming photo,2,photographer,photographer,wedding_day,,h.photographer
zaffa & dabke,2,other,other,wedding_day,,unmatched
lighting and productions,2,other,lighting_production,wedding_day,,compound(exact)
wedding dress store,2,attire,attire,wedding_day,,exact.stripped
article,2,other,other,wedding_day,,unmatched
source,2,other,other,wedding_day,,unmatched
rings & bands,2,band,jewelry|band,wedding_day,,compound(exact+exact)
rigging,2,other,other,wedding_day,,unmatched
glassware rentals,2,rentals,rentals,wedding_day,,h.rentals
ride in style,2,other,other,wedding_day,,unmatched
lighting and production,2,other,lighting_production,wedding_day,,compound(exact+exact)
chicago style weddings cover party,2,other,other,wedding_day,,unmatched
sparkling shoes,2,attire,accessories,wedding_day,,h.accessories
wedding dresser caroline shaw,2,attire,other,wedding_day,,unmatched
design + planning,2,planner,event_design|planner,wedding_day,,compound(exact+exact)
flower garlands,2,florist,other,wedding_day,,unmatched
speaker beauty,2,beauty_other,other,wedding_day,,unmatched
flower cart,2,florist,other,wedding_day,,unmatched
artwork,2,other,other,wedding_day,,unmatched
banquet,2,other,other,wedding_day,,unmatched
special appearance,2,other,noise,wedding_day,,noise
commercial work for,2,other,other,wedding_day,,unmatched
restaurant,2,other,other,wedding_day,,unmatched
go,2,other,other,wedding_day,,unmatched
belt,2,other,other,wedding_day,,unmatched
complimentary cocktails at,2,other,other,wedding_day,,unmatched
resident company,2,other,other,wedding_day,,unmatched
wedding entertainment,2,dj,dj,wedding_day,,exact.stripped
special treats,2,other,desserts,wedding_day,,h.desserts
rentals sponsor,2,rentals,other,wedding_day,,unmatched
bride outfit,2,attire,attire,wedding_day,,exact.stripped
chicago bridal hair,2,hair,hair,wedding_day,,h.hair
rentals and place settings,2,rentals,rentals,wedding_day,,compound(exact)
gorgeous,2,other,other,wedding_day,,unmatched
specialty dessert,2,cake,desserts,wedding_day,,exact.stripped
concept & planning,2,planner,event_design|planner,wedding_day,,compound(exact+exact)
lighting + grip,2,other,lighting_production,wedding_day,,compound(exact)
bridal party makeup by,2,makeup,makeup,wedding_day,,h.makeup.stripped
rentals and decor,2,rentals,rentals|decor_other,wedding_day,,compound(exact+exact)
specialty mocktails,2,other,bar_service,wedding_day,,exact.stripped
specialty rental,2,rentals,rentals,wedding_day,,exact.stripped
florist + lighting and drapery,2,florist,florist|lighting_production,wedding_day,,compound(exact+exact+exact)
concert sponsored by,2,other,other,wedding_day,,unmatched
rentals & dance floor,2,rentals,rentals|lighting_production,wedding_day,,compound(exact+exact)
spirits & wine,2,other,bar_service,wedding_day,,compound(h.bar+exact)
florist + decor,2,florist,florist|decor_other,wedding_day,,compound(exact+exact)
florist & rentals,2,florist,florist|rentals,wedding_day,,compound(exact+exact)
auctioneer,2,other,other,wedding_day,,unmatched
spray by,2,other,other,wedding_day,,unmatched
florist & flower bar,2,florist,florist|bar_service,wedding_day,,compound(exact+h.bar)
rental company,2,rentals,other,wedding_day,,unmatched
spray tans,2,other,other,wedding_day,,unmatched
wedding florals,2,florist,florist,wedding_day,,exact.stripped
rental + design,2,rentals,rentals|event_design,wedding_day,,compound(exact+exact)
wedding dance instructor,1,other,dancers_choreography,wedding_day,,exact.stripped
wedding day planning,1,planner,planner,wedding_day,,h.planner.stripped
wedding day second shooter,1,other,second_shooter,wedding_day,,h.second_shooter.stripped
wedding design and planning,1,planner,planner|event_design,wedding_day,,exact.stripped
wedding dj,1,dj,dj,wedding_day,,exact.stripped
wedding draping,1,other,lighting_production,wedding_day,,exact.stripped
wedding dress designers,1,attire,attire,wedding_day,,exact.stripped
wedding dress purchased at,1,attire,other,wedding_day,,unmatched
wedding dresser creazioni imola,1,attire,other,wedding_day,,unmatched
wedding favors,1,other,favors_gifts,wedding_day,,exact.stripped
wedding florals partner,1,florist,other,wedding_day,,unmatched
wedding gelato,1,other,desserts,wedding_day,,exact.stripped
wedding gown designer,1,attire,attire,wedding_day,,exact.stripped
wedding invitation,1,stationery,stationery,wedding_day,,exact.stripped
wedding lighting,1,other,lighting_production,wedding_day,,exact.stripped
wedding logistics,1,other,coordinator,wedding_day,,exact.stripped
wedding officiant,1,officiant,officiant,wedding_day,,exact.stripped
wedding party hair,1,hair,hair,wedding_day,,exact.stripped
wedding party hair & makeup,1,hair,hair|makeup,wedding_day,,compound(exact.stripped+exact)
wedding party photos,1,photographer,photographer,wedding_day,,h.photographer.stripped
wedding pastries,1,other,desserts,wedding_day,,h.desserts.stripped
wedding photobooth,1,photobooth,photo_booth,wedding_day,,exact.stripped
wedding photographer,1,photographer,photographer,wedding_day,,exact.stripped
wedding photography and videography,1,photographer,photographer|videographer,wedding_day,,exact.stripped
wedding planner & bridal stylist,1,planner,planner|attire,wedding_day,,compound(exact+exact)
wedding planner & designer,1,planner,planner|event_design,wedding_day,,exact.stripped
wedding planner & florist,1,planner,planner|florist,wedding_day,,compound(exact+exact)
wedding planner kelley,1,planner,other,wedding_day,,unmatched
wedding planning & event design,1,planner,planner|event_design,wedding_day,,compound(exact+exact)
wedding purse,1,other,other,wedding_day,,unmatched
wedding ring,1,jeweler,jewelry,wedding_day,,exact.stripped
wedding rings & engagement,1,jeweler,jewelry,engagement,,compound(exact)
wedding skirt,1,other,other,wedding_day,,unmatched
wedding suit,1,attire,attire,wedding_day,,exact.stripped
wedding trolly,1,other,other,wedding_day,,unmatched
wedding venue and coordinator,1,venue,venue|coordinator,wedding_day,,compound(exact+exact)
wedding videographer,1,videographer,videographer,wedding_day,,exact.stripped
wedding violinist,1,other,live_music,wedding_day,,exact.stripped
wedding week weather concierge,1,other,other,wedding_day,,unmatched
wedding with,1,other,other,wedding_day,,unmatched
wednesday w,1,other,other,wedding_day,,unmatched
welcome bags,1,other,favors_gifts,wedding_day,,exact
welcome dress,1,attire,attire,wedding_day,,h.attire
welcome gifts,1,other,favors_gifts,wedding_day,,h.favors
welcome party and local wine,1,other,bar_service,welcome_party,,h.bar.stripped.ctx
welcome party outfit,1,attire,attire,welcome_party,,exact.ctx
well,1,other,other,wedding_day,,unmatched
wendella boats,1,other,other,wedding_day,,unmatched
westin chicago river north,1,other,other,wedding_day,,unmatched
what,1,other,other,wedding_day,,unmatched
when every detail works together,1,other,other,wedding_day,,unmatched
when our clients,1,other,other,wedding_day,,unmatched
white aisle carpet,1,other,other,wedding_day,,unmatched
white dress,1,attire,attire,wedding_day,,h.attire
wholesale floral,1,florist,florist,wedding_day,,h.florist
wiggleworms,1,other,other,wedding_day,,unmatched
windsor decor,1,rentals,decor_other,wedding_day,,h.decor
wine & pairings,1,jeweler,bar_service,wedding_day,,compound(exact)
wines,1,other,other,wedding_day,,unmatched
wines & spirits,1,other,bar_service,wedding_day,,compound(h.bar)
with an ever,1,other,other,wedding_day,,unmatched
with special guest guitarist,1,other,live_music,wedding_day,,h.live_music
with special thanks to tineke,1,other,other,wedding_day,,unmatched
with thanks to,1,other,noise,wedding_day,,noise
worked with amazing music band,1,band,band,wedding_day,,compound(h.band)
workshop & location,1,other,venue,wedding_day,,compound(exact)
workshop photography,1,photographer,photographer,wedding_day,,h.photographer
wow,1,other,other,wedding_day,,unmatched
wrapped up may in the best way,1,other,other,wedding_day,,unmatched
wrapping up all,1,other,other,wedding_day,,unmatched
written by trevor,1,other,other,wedding_day,,unmatched
yacht & riva,1,other,other,wedding_day,,unmatched
yard games,1,other,other,wedding_day,,unmatched
your pre,1,other,other,wedding_day,,unmatched
ysl clutch,1,other,other,wedding_day,,unmatched
za,1,other,other,wedding_day,,unmatched
zaffe,1,other,other,wedding_day,,unmatched
zoya’s nikkah outfit,1,attire,attire,sangeet_mehndi,,h.attire.ctx
zoya’s outfit,1,attire,attire,wedding_day,,h.attire
zoya’s shaadi outfit,1,attire,attire,wedding_day,,h.attire
zoya’s valima outfit,1,attire,attire,wedding_day,,h.attire
a beautiful setup at,1,other,other,wedding_day,,unmatched
a bridgerton,1,other,other,wedding_day,,unmatched
a classic romantic look,1,other,other,wedding_day,,unmatched
a cozy candle,1,other,other,wedding_day,,unmatched
a destination wedding,1,other,other,wedding_day,,unmatched
a dreamy glowy garden,1,other,other,wedding_day,,unmatched
a five,1,other,other,wedding_day,,unmatched
a home that expands your world,1,other,other,wedding_day,,unmatched
a la cart florals,1,florist,florist,wedding_day,,h.florist
a little behind,1,other,other,wedding_day,,unmatched
a little over a year ago,1,other,other,wedding_day,,unmatched
a modern half,1,other,other,wedding_day,,unmatched
a moment for the details,1,other,other,wedding_day,,unmatched
a moment for the glam for,1,other,other,wedding_day,,unmatched
a moment for wood,1,other,other,wedding_day,,unmatched
a multi,1,other,other,wedding_day,,unmatched
a must,1,other,other,wedding_day,,unmatched
a new era of well,1,other,other,wedding_day,,unmatched
a not so hot take,1,other,other,wedding_day,,unmatched
a one,1,other,other,wedding_day,,unmatched
a portion of proceeds supports,1,other,other,wedding_day,,unmatched
a prefect moment at,1,other,other,wedding_day,,unmatched
a saxophonist pied,1,musician,other,wedding_day,,unmatched
a sincere thank you to our in,1,other,other,wedding_day,,unmatched
a stay at,1,other,other,wedding_day,,unmatched
a stunning room transformation,1,other,other,wedding_day,,unmatched
a taste of venteux,1,other,other,wedding_day,,unmatched
a wedding morning without the frenzy,1,other,other,wedding_day,,unmatched
a/v drape,1,other,other,wedding_day,,unmatched
aayush mohan sarod and vocals,1,other,other,wedding_day,,unmatched
absolutely flawless makeup by,1,makeup,makeup,wedding_day,,exact.stripped
accessories & jewelry,1,jeweler,accessories|jewelry,wedding_day,,compound(exact+exact)
acoustic musician for outside,1,musician,live_music,wedding_day,,h.live_music.stripped
acrylic,1,other,other,wedding_day,,unmatched
acrylic table,1,other,rentals,wedding_day,,h.rentals
activation station,1,other,other,wedding_day,,unmatched
activations,1,other,other,wedding_day,,unmatched
ad,1,other,other,wedding_day,,unmatched
additional linen rentals,1,rentals,rentals,wedding_day,,h.rentals
additional overflow stay vendor,1,florist,other,wedding_day,,unmatched
additional rentals vendor,1,rentals,other,wedding_day,,unmatched
additional venue,1,venue,venue,wedding_day,,h.venue
additional videographer,1,videographer,videographer,wedding_day,,h.videographer
adler planetarium,1,other,other,wedding_day,,unmatched
adorable designs,1,other,other,wedding_day,,unmatched
adorned with florals by,1,florist,florist,wedding_day,,exact.stripped
aerlialist,1,other,other,wedding_day,,unmatched
after a golf,1,other,other,wedding_day,,unmatched
after party balloons,1,other,decor_other,after_party,,exact.ctx
after party bar,1,other,bar_service,after_party,,exact.ctx
after party look,1,other,other,after_party,,unmatched
after the orchestra gave two well,1,other,other,wedding_day,,unmatched
afterparty entertainment,1,dj,dj,after_party,,exact.ctx
again i love,1,other,other,wedding_day,,unmatched
aig,1,other,other,wedding_day,,unmatched
akshay’s attire,1,attire,attire,wedding_day,,h.attire
ale’s attire,1,attire,attire,wedding_day,,h.attire
ale’s hamu,1,other,hair|makeup,wedding_day,,h.hair_makeup
alec's tuxedo,1,attire,attire,wedding_day,,h.attire
alex & christian,1,other,other,wedding_day,,unmatched
alex dress,1,attire,attire,wedding_day,,h.attire
alex ferreri photo,1,photographer,photographer,wedding_day,,h.photographer
alexandra + mike as seen on,1,other,other,wedding_day,,unmatched
all crafted by,1,other,other,wedding_day,,unmatched
all of the wedding cakes,1,cake,cake,wedding_day,,h.cake
all paper products,1,stationery,other,wedding_day,,unmatched
all photos by the amazing,1,photographer,photographer,wedding_day,,h.photographer.stripped
all rings,1,jeweler,jewelry,wedding_day,,h.jewelry
all the love and hugs today,1,other,other,wedding_day,,unmatched
all things thanksgiving,1,other,other,wedding_day,,unmatched
alliance bakery,1,cake,cake,wedding_day,,h.cake
allison & james,1,other,other,wedding_day,,unmatched
allison + michael,1,other,other,wedding_day,,unmatched
allison’s dress,1,attire,attire,wedding_day,,h.attire
already planning my next visit,1,planner,other,wedding_day,,unmatched
also my iconic second shooter,1,other,second_shooter,wedding_day,,h.second_shooter
amazing food,1,catering,catering,wedding_day,,h.catering
amazing hair by,1,hair,hair,wedding_day,,h.hair.stripped
amazing set,1,other,other,wedding_day,,unmatched
amber + mike,1,other,other,wedding_day,,unmatched
an alien,1,other,other,wedding_day,,unmatched
an exclusive off,1,other,other,wedding_day,,unmatched
an intimate ceremony and reception,1,other,other,ceremony,,unmatched
an intimate pre,1,other,other,wedding_day,,unmatched
and a special stop at,1,other,other,wedding_day,,unmatched
and gowns were provided by,1,attire,other,wedding_day,,unmatched
and hair and makeup by the talented,1,hair,hair|makeup,wedding_day,,exact.stripped
and let’s be real,1,other,other,wedding_day,,unmatched
and my fav wedding coordinator,1,planner,coordinator,wedding_day,,h.coordinator.stripped
and reception in,1,other,other,reception,,unmatched
and what a dream she was,1,other,other,wedding_day,,unmatched
annie & arnie,1,other,other,wedding_day,,unmatched
annie’s dress,1,attire,attire,wedding_day,,h.attire
another april wedding throwback,1,other,other,wedding_day,,unmatched
another fun throwback this week,1,other,other,wedding_day,,unmatched
another major throwback this week,1,other,other,wedding_day,,unmatched
another wedding at our favorite,1,other,other,wedding_day,,unmatched
anubrata chatterjee tabla,1,other,other,wedding_day,,unmatched
app & sweets table,1,other,rentals,wedding_day,,compound(h.rentals)
april,1,other,other,wedding_day,,unmatched
architect,1,other,other,wedding_day,,unmatched
are you ready to find the off,1,other,other,wedding_day,,unmatched
ari & tommy,1,other,other,wedding_day,,unmatched
arlen music productions,1,musician,other,wedding_day,,unmatched
aroma,1,other,other,wedding_day,,unmatched
art,1,other,other,wedding_day,,unmatched
art direction & branding,1,other,other,wedding_day,,unmatched
art in bloom with,1,florist,other,wedding_day,,unmatched
art pa,1,other,other,wedding_day,,unmatched
artifact events,1,other,other,wedding_day,,unmatched
artwork by,1,other,other,wedding_day,,unmatched
as seen in,1,other,press_feature,wedding_day,,press
ashleynicolleartistry,1,other,other,wedding_day,,unmatched
assessoria,1,other,other,wedding_day,,unmatched
assistance,1,other,other,wedding_day,,unmatched
assistant design,1,other,event_design,wedding_day,,h.event_design
assistant photography,1,photographer,photographer,wedding_day,,h.photographer
associate,1,other,other,wedding_day,,unmatched
associate for,1,other,other,wedding_day,,unmatched
associate shooter,1,other,second_shooter,wedding_day,,h.second_shooter
associate shot,1,other,other,wedding_day,,unmatched
associate shot by,1,other,photographer,wedding_day,,exact
associated for my bestie,1,other,other,wedding_day,,unmatched
assyrian band,1,band,band,wedding_day,,h.band
at the,1,other,noise,wedding_day,,noise
attire and concierge services,1,attire,attire,wedding_day,,compound(exact)
auction consignment,1,other,other,wedding_day,,unmatched
audio & visual,1,other,lighting_production,wedding_day,,compound(h.lighting)
audio and lights,1,other,lighting_production,wedding_day,,compound(h.lighting+exact)
audio engineer,1,other,other,wedding_day,,unmatched
audio visual production,1,other,lighting_production,wedding_day,,h.lighting
audiovisual,1,other,other,wedding_day,,unmatched
august,1,other,other,wedding_day,,unmatched
av & lighting,1,other,lighting_production,wedding_day,,compound(exact+exact)
av event production,1,other,lighting_production,wedding_day,,h.lighting
av provider,1,other,other,wedding_day,,unmatched
available exclusively in chicago at,1,other,other,wedding_day,,unmatched
avondale mutual aid,1,other,other,wedding_day,,unmatched
back to the city we go,1,other,other,wedding_day,,unmatched
backdrop & signage,1,other,decor_other|signage,wedding_day,,compound(exact+exact)
backdrop artist,1,other,live_painter,wedding_day,,h.live_painter
backdrops,1,other,other,wedding_day,,unmatched
bag tag,1,other,other,wedding_day,,unmatched
bagpipe,1,other,cultural_performers,wedding_day,,h.cultural
bagpipers,1,other,other,wedding_day,,unmatched
bagpipes,1,other,cultural_performers,wedding_day,,exact
baked goods,1,other,other,wedding_day,,unmatched
bakery + desserts,1,cake,cake|desserts,wedding_day,,compound(exact+exact)
balery,1,other,other,wedding_day,,unmatched
ball gown,1,attire,attire,wedding_day,,h.attire
ball pit,1,other,other,wedding_day,,unmatched
ballerina's dance studio,1,other,other,wedding_day,,unmatched
ballons,1,other,other,wedding_day,,unmatched
balloon decor,1,rentals,decor_other,wedding_day,,h.decor
balloon decor by,1,rentals,decor_other,wedding_day,,h.decor.stripped
band & late night dj,1,band,band|dj,wedding_day,,compound(exact+h.dj)
band + entertainment,1,band,band|dj,wedding_day,,compound(exact+exact)
band + immersive entertainment,1,band,band|dj,wedding_day,,compound(exact+h.dj)
band a,1,band,other,wedding_day,,unmatched
band and entertainment,1,band,band|dj,wedding_day,,compound(exact+exact)
band musicians,1,band,live_music,wedding_day,,h.live_music
banda,1,band,cultural_performers,wedding_day,,exact
bar & beverage,1,other,bar_service,wedding_day,,compound(exact+exact)
bar + backdrop,1,other,bar_service|decor_other,wedding_day,,compound(exact+exact)
bar and catering,1,catering,bar_service|catering,wedding_day,,compound(exact+exact)
bar and totebags,1,other,bar_service,wedding_day,,compound(exact)
bar management,1,other,other,wedding_day,,unmatched
bar manager & mixology maestro,1,other,other,wedding_day,,unmatched
bar signage,1,other,signage,wedding_day,,h.signage
baraat music,1,musician,live_music,sangeet_mehndi,,exact.ctx
baraat music & equipment,1,musician,live_music,sangeet_mehndi,,compound(exact).ctx
barat horse,1,other,other,wedding_day,,unmatched
barber shop,1,other,attire,wedding_day,,h.attire
barista,1,other,other,wedding_day,,unmatched
bars,1,other,other,wedding_day,,unmatched
bartending services,1,other,other,wedding_day,,unmatched
barware & plate rentals,1,rentals,rentals,wedding_day,,compound(h.rentals)
bbj la tavola,1,other,other,wedding_day,,unmatched
bbj linen,1,rentals,rentals,wedding_day,,h.rentals
beautiful arrangement designed by,1,other,other,wedding_day,,unmatched
beautiful bouquet designed by,1,other,other,wedding_day,,unmatched
beautiful bouquets designed by,1,other,other,wedding_day,,unmatched
beautiful bride,1,other,,wedding_day,bride,participant
beautiful model,1,other,other,wedding_day,,unmatched
beautifully captured by,1,other,other,wedding_day,,unmatched
beautifully planned by,1,planner,other,wedding_day,,unmatched
beauty by,1,beauty_other,hair|makeup,wedding_day,,exact.stripped
behind the scenes at embloom,1,florist,other,wedding_day,,unmatched
being a part of non,1,other,other,wedding_day,,unmatched
beleza,1,other,other,wedding_day,,unmatched
beleza por,1,other,other,wedding_day,,unmatched
bella bridesmaids,1,other,other,wedding_day,,unmatched
benchers,1,other,other,wedding_day,,unmatched
beniajosephinehairdesign,1,hair,other,wedding_day,,unmatched
bespoke pieces,1,other,other,wedding_day,,unmatched
bespoke suiting,1,attire,attire,wedding_day,,h.attire
best beach,1,other,other,wedding_day,,unmatched
best wedding blush,1,other,other,wedding_day,,unmatched
best wedding concealer,1,other,other,wedding_day,,unmatched
best wedding foundation,1,other,other,wedding_day,,unmatched
best wedding highlighter,1,other,other,wedding_day,,unmatched
best wedding lip gloss,1,other,other,wedding_day,,unmatched
best wedding mascara,1,other,other,wedding_day,,unmatched
best wedding primer,1,other,other,wedding_day,,unmatched
beverage & catering,1,catering,bar_service|catering,wedding_day,,compound(exact+exact)
beverage burro,1,other,other,wedding_day,,unmatched
beverage store,1,other,attire,wedding_day,,h.attire
birthday glam,1,other,hair|makeup,wedding_day,,h.hair_makeup
black & white dance floor,1,other,lighting_production,wedding_day,,compound(h.lighting)
black oak technical,1,other,other,wedding_day,,unmatched
bloom bar,1,florist,bar_service,wedding_day,,h.bar
blue dress & shorts,1,attire,attire,wedding_day,,compound(h.attire)
blue skies & close,1,other,other,wedding_day,,unmatched
blush on,1,other,other,wedding_day,,unmatched
boat and cruise,1,other,other,wedding_day,,unmatched
boba hour,1,other,other,wedding_day,,unmatched
bobby’s tux,1,attire,attire,wedding_day,,h.attire
bocce courts,1,other,other,wedding_day,,unmatched
body armor,1,other,other,wedding_day,,unmatched
bon week,1,other,other,wedding_day,,unmatched
bond ladies,1,other,other,wedding_day,,unmatched
book your table at,1,other,other,wedding_day,,unmatched
booker,1,other,other,wedding_day,,unmatched
booking iniquiries,1,other,other,wedding_day,,unmatched
boudoir photographer,1,photographer,photographer,wedding_day,,h.photographer
bouquet & boutonnieres,1,other,florist,wedding_day,,compound(exact)
bouquet designer,1,other,event_design,wedding_day,,h.event_design
brady’s suite,1,attire,stationery,wedding_day,,h.stationery
braids,1,other,other,wedding_day,,unmatched
braised short rib,1,other,other,wedding_day,,unmatched
brand,1,other,noise,wedding_day,,noise
brand photography,1,photographer,photographer,wedding_day,,h.photographer
branded desserts,1,cake,desserts,wedding_day,,h.desserts
breaking news,1,other,other,wedding_day,,unmatched
breath work,1,other,other,wedding_day,,unmatched
brett’s tux,1,attire,attire,wedding_day,,h.attire
brewery,1,other,other,wedding_day,,unmatched
bridal & groom suites,1,attire,attire,wedding_day,,compound(exact)
bridal + hair makeup,1,hair,attire|hair|makeup,wedding_day,,compound(exact+exact)
bridal accommodations,1,attire,accommodations,wedding_day,,exact.stripped
bridal atelier,1,attire,other,wedding_day,,unmatched
bridal attire and jewelry,1,attire,attire|jewelry,wedding_day,,compound(exact+exact)
bridal bouquet by,1,attire,florist,wedding_day,,exact.stripped
bridal bouquets,1,attire,florist,wedding_day,,exact.stripped
bridal bracelet,1,attire,other,wedding_day,,unmatched
bridal brand,1,attire,other,wedding_day,,unmatched
bridal bride,1,attire,other,wedding_day,,unmatched
bridal designer,1,attire,event_design,wedding_day,,exact.stripped
bridal dress shop,1,attire,attire,wedding_day,,exact.stripped
bridal dress shop & groom's tux,1,attire,attire,wedding_day,,compound(exact.stripped+exact)
bridal dress store,1,attire,attire,wedding_day,,exact.stripped
bridal gajre,1,attire,other,wedding_day,,unmatched
bridal glam by me for,1,attire,makeup,wedding_day,,exact.stripped
bridal glam for,1,attire,makeup,wedding_day,,exact.stripped
bridal glow spray,1,attire,other,wedding_day,,unmatched
bridal gown & after party dress,1,attire,attire,after_party,,compound(exact+exact).ctx
bridal gown & styling,1,attire,attire|event_design,wedding_day,,compound(exact+exact)
bridal gown and accessories,1,attire,attire|accessories,wedding_day,,compound(exact+exact)
bridal gown salon,1,attire,attire,wedding_day,,exact.stripped
bridal gowns & groom tuxedos,1,attire,attire,wedding_day,,compound(exact+exact.stripped)
bridal hair & makeup by me,1,hair,hair|makeup,wedding_day,,exact.stripped
bridal hair + makeup,1,hair,hair|makeup,wedding_day,,exact.stripped
bridal hair stylist,1,hair,hair,wedding_day,,exact.stripped
bridal lehenga,1,attire,other,wedding_day,,unmatched
bridal makeup & hair,1,hair,hair|makeup,wedding_day,,exact.stripped
bridal makeup artist,1,makeup,makeup,wedding_day,,exact.stripped
bridal mehndi & draping,1,attire,attire|lighting_production,sangeet_mehndi,,compound(exact+exact).ctx
bridal mendhi,1,attire,other,wedding_day,,unmatched
bridal nails,1,attire,beauty_services,wedding_day,,exact.stripped
bridal party,1,attire,other,wedding_day,,unmatched
bridal party beauty,1,beauty_other,other,wedding_day,,unmatched
bridal party bus,1,attire,transportation,wedding_day,,exact.stripped
bridal party hamu,1,attire,hair|makeup,wedding_day,,h.hair_makeup.stripped
bridal party make up,1,attire,makeup,wedding_day,,h.makeup.stripped
bridal party mua,1,beauty_other,makeup,wedding_day,,h.makeup.stripped
bridal portraits,1,attire,photographer,wedding_day,,exact.stripped
bridal purse,1,attire,other,wedding_day,,unmatched
bridal sari,1,attire,attire,wedding_day,,exact
bridal shower makeup,1,makeup,makeup,shower,,exact.ctx
bridal stylist caroline shaw,1,attire,other,wedding_day,,unmatched
bridal valima outfit,1,attire,attire,wedding_day,,h.attire.stripped
bridal veil,1,attire,accessories,wedding_day,,exact.stripped
bridal veil + alterations,1,attire,accessories|alterations,wedding_day,,compound(exact.stripped+exact)
bride & bridal party hair by,1,hair,hair,wedding_day,,compound(exact.stripped)
bride & men’s attire,1,attire,attire,wedding_day,,compound(exact)
bride and groom transportation,1,transportation,transportation,wedding_day,,compound(exact.stripped)
bride hair & makeup,1,hair,hair|makeup,wedding_day,,exact.stripped
bride hair + makeup,1,hair,hair|makeup,wedding_day,,exact.stripped
bride hair cut,1,hair,other,wedding_day,,unmatched
bride hair stylist,1,hair,hair,wedding_day,,exact.stripped
bride hair stylist and makeup artist,1,hair,hair|makeup,wedding_day,,compound(exact.stripped+exact)
bride heels,1,other,accessories,wedding_day,,h.accessories.stripped
bride hotel,1,hotel,accommodations,wedding_day,,exact.stripped
bride makeup & hair,1,hair,hair|makeup,wedding_day,,exact.stripped
bride makeup by,1,makeup,makeup,wedding_day,,exact.stripped
bride makeup&hair,1,hair,makeup|hair,wedding_day,,compound(exact+exact)
bride portraits,1,other,photographer,wedding_day,,exact.stripped
bride prep,1,other,other,getting_ready,,unmatched
bride prep hotel,1,hotel,accommodations,getting_ready,,exact.stripped
bride second dress,1,attire,attire,wedding_day,,exact.stripped
bride second outfit,1,attire,attire,wedding_day,,h.attire.stripped
bride to be,1,other,other,wedding_day,,unmatched
bride wedding dress & veil,1,attire,attire|accessories,wedding_day,,compound(exact.stripped+exact)
bride’s after party dress,1,attire,attire,after_party,,exact.ctx
bride’s afterparty look custom,1,other,other,after_party,,unmatched
bride's attire,1,attire,attire,wedding_day,,exact
bride's dresses,1,attire,attire,wedding_day,,exact
bride’s engagement ring,1,jeweler,jewelry,engagement,,exact.stripped
bride’s glam,1,other,makeup,wedding_day,,exact.stripped
bride's gown,1,attire,attire,wedding_day,,exact
bride’s hair elthon lopez,1,hair,other,wedding_day,,unmatched
bride's makeup,1,makeup,makeup,wedding_day,,exact
bride’s makeup by suky v,1,makeup,makeup,wedding_day,,exact.stripped
bride’s makeup kiley cleckner,1,makeup,other,wedding_day,,unmatched
bride’s reception,1,other,other,reception,,unmatched
bride’s reception dress,1,attire,attire,reception,,exact.stripped
bride’s reception gown maribel diaz,1,attire,other,reception,,unmatched
bride’s rings & jewelry,1,jeweler,jewelry,wedding_day,,compound(exact+exact)
bride’s stylist,1,other,event_design,wedding_day,,exact.stripped
bride's veils,1,other,accessories,wedding_day,,h.accessories.stripped
bride’s wedding band,1,band,band,wedding_day,,exact.stripped
bride’s wedding dress,1,attire,attire,wedding_day,,exact.stripped
bridemaids’ dresses,1,attire,attire,wedding_day,,h.attire
brides dresses & groom tuxedos,1,attire,attire,wedding_day,,compound(exact.stripped+exact.stripped)
brides makeup artist,1,makeup,makeup,wedding_day,,exact.stripped
brides rings,1,jeweler,jewelry,wedding_day,,exact.stripped
brides veil,1,other,accessories,wedding_day,,exact.stripped
bridesmaid & mob dress,1,attire,attire,wedding_day,,compound(h.attire)
bridesmaid attire shop,1,attire,attire,wedding_day,,h.attire
bridesmaid dress designer,1,attire,event_design,wedding_day,,h.event_design
bridesmaid luncheon,1,other,other,wedding_day,,unmatched
bridesmaid’s,1,other,other,wedding_day,,unmatched
bridesmaid's dresses,1,attire,attire,wedding_day,,h.attire
bridesmaids hair & makeup,1,hair,hair|makeup,wedding_day,,compound(exact+exact)
bridesmaids makeup artist,1,makeup,live_painter,wedding_day,,h.live_painter
bridesmaids’ hair,1,hair,hair,wedding_day,,h.hair
brittany + chris,1,other,other,wedding_day,,unmatched
brooklyn,1,other,other,wedding_day,,unmatched
brow pencil in latte,1,other,other,wedding_day,,unmatched
bruce’s wedding ring,1,jeweler,jewelry,wedding_day,,h.jewelry
brunch venue,1,venue,venue,brunch,,phase_venue
bts captured at,1,other,other,wedding_day,,unmatched
bts flower delivery with,1,florist,other,wedding_day,,unmatched
bts photos by,1,photographer,photographer,wedding_day,,h.photographer.stripped
bts photos captured by lauren at,1,photographer,other,wedding_day,,unmatched
bts team,1,other,other,wedding_day,,unmatched
bts wedding content,1,videographer,content_creator,wedding_day,,h.content
bundt cakes,1,cake,cake,wedding_day,,h.cake
burros,1,other,other,wedding_day,,unmatched
butterfly productions,1,other,other,wedding_day,,unmatched
bweddings’ content creator,1,content_creator,content_creator,wedding_day,,h.content
cafe,1,other,other,wedding_day,,unmatched
caitlin’s dress,1,attire,attire,wedding_day,,h.attire
cake & cupcakes,1,cake,cake,wedding_day,,compound(exact+exact)
cake & dessert,1,cake,cake|desserts,wedding_day,,compound(exact+exact)
cake & favors,1,cake,cake|favors_gifts,wedding_day,,compound(exact+exact)
cake & gifts,1,cake,cake|favors_gifts,wedding_day,,compound(exact+exact)
cake & sweets table,1,cake,cake|rentals,wedding_day,,compound(exact+h.rentals)
cake + desert,1,cake,cake,wedding_day,,compound(exact)
cake + dessert provider,1,cake,cake,wedding_day,,compound(exact)
cake and catering,1,cake,cake|catering,wedding_day,,compound(exact+exact)
cake and dessert,1,cake,cake|desserts,wedding_day,,compound(exact+exact)
cake baker,1,cake,cake,wedding_day,,h.cake
cake courtesy of,1,cake,cake,wedding_day,,exact.stripped
cake delivery,1,cake,other,wedding_day,,unmatched
cake designer,1,cake,event_design,wedding_day,,h.event_design
cake mapping,1,cake,other,wedding_day,,unmatched
cake photo,1,photographer,photographer,wedding_day,,h.photographer
cake table,1,cake,rentals,wedding_day,,h.rentals
cake topper,1,cake,other,wedding_day,,unmatched
cake topper by,1,cake,other,wedding_day,,unmatched
cale,1,other,other,wedding_day,,unmatched
caleb & zoe,1,other,other,wedding_day,,unmatched
caligrapher,1,other,other,wedding_day,,unmatched
call us old,1,other,other,wedding_day,,unmatched
camcorders,1,other,other,wedding_day,,unmatched
camera + lenses,1,other,other,wedding_day,,unmatched
camera bag,1,other,other,wedding_day,,unmatched
camera operator,1,other,other,wedding_day,,unmatched
cameras,1,other,other,wedding_day,,unmatched
camille’s dress,1,attire,attire,wedding_day,,h.attire
camille’s ring,1,jeweler,jewelry,wedding_day,,h.jewelry
canceled,1,other,other,wedding_day,,unmatched
candied ruby,1,other,other,wedding_day,,unmatched
candy bar,1,other,bar_service,wedding_day,,h.bar
cannoli boys,1,other,other,wedding_day,,unmatched
cannoli cart,1,other,other,wedding_day,,unmatched
cannoli vendor,1,other,other,wedding_day,,unmatched
cannolis from,1,other,other,wedding_day,,unmatched
canoe,1,other,other,wedding_day,,unmatched
canvas backdrop,1,other,decor_other,wedding_day,,h.decor
captured as an associate for,1,other,other,wedding_day,,unmatched
captured at,1,other,other,wedding_day,,unmatched
captured beautifully by,1,other,other,wedding_day,,unmatched
captured by my amazing associate,1,other,other,wedding_day,,unmatched
captured by talented,1,other,other,wedding_day,,unmatched
captured for,1,other,other,wedding_day,,unmatched
captured on buttery film by,1,videographer,videographer,wedding_day,,h.videographer.stripped
car florals,1,florist,florist,wedding_day,,h.florist
care,1,other,other,wedding_day,,unmatched
carly's dress,1,attire,attire,wedding_day,,h.attire
cartoonist,1,other,other,wedding_day,,unmatched
casino entertainment,1,dj,dj,wedding_day,,h.dj
casino games,1,other,other,wedding_day,,unmatched
casino night event,1,other,other,wedding_day,,unmatched
cassie + cole,1,other,other,wedding_day,,unmatched
castle,1,other,other,wedding_day,,unmatched
cateing,1,other,other,wedding_day,,unmatched
catered by,1,catering,other,wedding_day,,unmatched
caterer & cake,1,cake,catering|cake,wedding_day,,compound(exact+exact)
caterer & planning,1,planner,catering|planner,wedding_day,,compound(exact+exact)
caterer & reception site,1,catering,catering,reception,,compound(exact).ctx
caterer + bar,1,catering,catering|bar_service,wedding_day,,compound(exact+exact)
caterer + bar + rentals + cake,1,cake,catering|bar_service|rentals|cake,wedding_day,,compound(exact+exact+exact+exact)
caterer and tableware,1,catering,catering|rentals,wedding_day,,compound(exact+exact)
caterer reception,1,catering,catering,reception,,exact.ctx
caterer spotlight at canvas venue,1,venue,venue,wedding_day,,h.venue
catering & beverages,1,catering,catering|bar_service,wedding_day,,compound(exact+exact)
catering & breakfast,1,catering,catering,wedding_day,,compound(exact)
catering & dessert,1,cake,catering|desserts,wedding_day,,compound(exact+exact)
catering & desserts,1,cake,catering|desserts,wedding_day,,compound(exact+exact)
catering & planning,1,planner,catering|planner,wedding_day,,compound(exact+exact)
catering & production,1,catering,catering|lighting_production,wedding_day,,compound(exact+exact)
catering & sweets,1,catering,catering|desserts,wedding_day,,compound(exact+exact)
catering & venue,1,venue,catering|venue,wedding_day,,compound(exact+exact)
catering + bar,1,catering,catering|bar_service,wedding_day,,compound(exact+exact)
catering + cake,1,cake,catering|cake,wedding_day,,compound(exact+exact)
catering + dessert,1,cake,catering|desserts,wedding_day,,compound(exact+exact)
catering + florals,1,florist,catering|florist,wedding_day,,compound(exact+exact)
catering and coordinator,1,planner,catering|coordinator,wedding_day,,compound(exact+exact)
catering and floral,1,florist,catering|florist,wedding_day,,compound(exact+exact)
catering and table rentals,1,catering,catering|rentals,wedding_day,,compound(exact+h.rentals)
catering coordination,1,planner,coordinator,wedding_day,,h.coordinator
catering lexi miller,1,catering,other,wedding_day,,unmatched
catering spotlight,1,catering,other,wedding_day,,unmatched
catering staff,1,catering,staffing,wedding_day,,h.staffing
catering team,1,catering,other,wedding_day,,unmatched
catering& bar,1,catering,catering|bar_service,wedding_day,,compound(exact+exact)
caterings,1,catering,other,wedding_day,,unmatched
caviar + vodka tasting,1,other,other,wedding_day,,unmatched
caviar hors d’oeuvre,1,other,other,wedding_day,,unmatched
cc,1,other,other,wedding_day,,unmatched
ceiling & entrance sign,1,other,signage,wedding_day,,compound(h.signage)
ceiling decor,1,rentals,decor_other,wedding_day,,h.decor
celebrado por,1,other,other,wedding_day,,unmatched
celebrate event planning & design,1,planner,planner|event_design,wedding_day,,compound(h.planner+exact)
ceo,1,other,other,wedding_day,,unmatched
ceremony & cocktail entertainment,1,dj,dj,cocktail_hour,,h.dj.ctx
ceremony & reception music,1,musician,live_music,ceremony,,h.live_music.ctx
ceremony + cocktail hour music,1,musician,live_music,cocktail_hour,,h.live_music.ctx
ceremony + cocktail hour musician,1,musician,live_music,cocktail_hour,,h.live_music.ctx
ceremony + cocktail music,1,musician,live_music,cocktail_hour,,h.live_music.ctx
ceremony + cocktail string,1,jeweler,live_music,cocktail_hour,,h.live_music.ctx
ceremony + reception entertainment,1,dj,dj,ceremony,,h.dj.ctx
ceremony a,1,other,other,ceremony,,unmatched
ceremony and reception,1,venue,venue,wedding_day,,phase_venue
ceremony and reception entertainment,1,dj,dj,ceremony,,exact.stripped.ctx
ceremony arches,1,other,other,ceremony,,unmatched
ceremony backdrop & table lighting,1,other,decor_other|lighting_production,ceremony,,compound(exact+h.lighting).ctx
ceremony cellist & violinist,1,other,live_music,ceremony,,compound(exact+exact).ctx
ceremony chairs,1,hair,rentals,ceremony,,exact.ctx
ceremony chapel,1,other,venue,ceremony,,h.venue.ctx
ceremony content creator,1,content_creator,content_creator,ceremony,,exact.ctx
ceremony decor,1,rentals,decor_other,ceremony,,exact.ctx
ceremony drapping,1,other,other,ceremony,,unmatched
ceremony florist,1,florist,florist,ceremony,,exact.ctx
ceremony live painter,1,other,live_painter,ceremony,,exact.ctx
ceremony makeup,1,makeup,makeup,ceremony,,exact.ctx
ceremony music & dj,1,dj,live_music|dj,ceremony,,compound(exact+exact).ctx
ceremony quartet,1,other,live_music,ceremony,,exact.ctx
ceremony signs & calligraphy,1,other,signage|calligraphy,ceremony,,compound(h.signage+exact).ctx
ceremony site,1,other,venue,ceremony,,phase_venue.modifier
ceremony stage,1,other,lighting_production,ceremony,,exact.ctx
ceremony stationary,1,stationery,stationery,ceremony,,exact.ctx
ceremony storyteller,1,other,other,ceremony,,unmatched
ceremony took place in,1,other,other,ceremony,,unmatched
ceremony venue the honeycomb,1,venue,other,ceremony,,unmatched
ceremony& cocktail hour,1,other,other,cocktail_hour,,unmatched
chaat cart,1,other,other,wedding_day,,unmatched
chai + coffee,1,other,desserts,wedding_day,,compound(exact)
chair & linen rentals,1,hair,rentals,wedding_day,,compound(exact+exact)
chair covers,1,hair,other,wedding_day,,unmatched
chairs & tabletop,1,hair,rentals,wedding_day,,compound(exact+exact)
chairs and linens,1,hair,rentals,wedding_day,,compound(exact+exact)
chalk artist,1,other,live_painter,wedding_day,,h.live_painter
chalkboard,1,other,other,wedding_day,,unmatched
challah,1,other,other,wedding_day,,unmatched
champagne bar,1,other,bar_service,wedding_day,,h.bar
champagne cart,1,other,other,wedding_day,,unmatched
champagne passers,1,other,staffing,wedding_day,,exact
champagne wall rental,1,rentals,rentals,wedding_day,,h.rentals
chandelier floral installation,1,florist,decor_other,wedding_day,,h.decor
chandeliers and draping,1,other,lighting_production,wedding_day,,compound(exact)
charcuterie cart,1,other,other,wedding_day,,unmatched
chargers & linen,1,rentals,rentals,wedding_day,,compound(exact+exact)
chargers & linens,1,rentals,rentals,wedding_day,,compound(exact+exact)
charis,1,other,other,wedding_day,,unmatched
check off a bucket,1,other,other,wedding_day,,unmatched
cheers to summertime chi,1,other,other,wedding_day,,unmatched
cheers to this gorgeous girl,1,other,other,wedding_day,,unmatched
chef casey doody hair,1,hair,hair,wedding_day,,h.hair
chef catering,1,catering,catering,wedding_day,,h.catering
cheriseeventrentals,1,rentals,other,wedding_day,,unmatched
chicago,1,other,other,wedding_day,,unmatched
chicago bridal makeup artist,1,makeup,live_painter,wedding_day,,h.live_painter
chicago catz band,1,band,band,wedding_day,,h.band
chicago cover shoot,1,other,other,wedding_day,,unmatched
chicago cultural center,1,other,other,wedding_day,,unmatched
chicago girls night,1,other,other,wedding_day,,unmatched
chicago just got tastier,1,other,other,wedding_day,,unmatched
chicago union station,1,other,other,wedding_day,,unmatched
chidi,1,other,other,wedding_day,,unmatched
child care,1,other,other,wedding_day,,unmatched
childcare,1,other,childcare,wedding_day,,exact
chinoiserie,1,other,other,wedding_day,,unmatched
chitheewed,1,other,other,wedding_day,,unmatched
chocolate artist,1,other,desserts,wedding_day,,exact
chocolate station,1,other,other,wedding_day,,unmatched
chocolate tasting,1,other,other,wedding_day,,unmatched
chocolatier,1,other,other,wedding_day,,unmatched
choreography,1,other,dancers_choreography,wedding_day,,h.dance
choreography first dance,1,other,other,wedding_day,,unmatched
church ceremony,1,other,venue,ceremony,,h.venue.ctx
cigar & bourbon bar,1,other,entertainment_other|bar_service,wedding_day,,compound(h.entertainment_other+h.bar)
cigar bar,1,other,bar_service,wedding_day,,h.bar
city,1,other,other,wedding_day,,unmatched
claire's dress,1,attire,attire,wedding_day,,h.attire
claw machine,1,other,other,wedding_day,,unmatched
click through to see one of my all,1,other,other,wedding_day,,unmatched
client credits,1,other,noise,wedding_day,,noise
clothes,1,other,other,wedding_day,,unmatched
clowning around,1,other,other,wedding_day,,unmatched
cmo,1,other,other,wedding_day,,unmatched
cocktail boat cruise,1,other,other,cocktail_hour,,unmatched
cocktail dress,1,attire,attire,cocktail_hour,,exact.ctx
cocktail hour,1,other,venue,cocktail_hour,,phase_venue.modifier
cocktail hour bar,1,other,bar_service,cocktail_hour,,exact.ctx
cocktail hour entertainment,1,dj,dj,cocktail_hour,,exact.ctx
cocktail hour icecubes,1,other,other,cocktail_hour,,unmatched
cocktail hour sponsor,1,other,other,cocktail_hour,,unmatched
cocktail hour venue,1,venue,venue,cocktail_hour,,phase_venue.modifier
cocktail poet,1,other,other,cocktail_hour,,unmatched
cocktail shaker by,1,other,other,cocktail_hour,,unmatched
coffee and cookies,1,other,desserts,wedding_day,,compound(exact+exact)
coffee cart & mocktails,1,other,desserts|bar_service,wedding_day,,compound(exact+exact)
coffee catering,1,catering,catering,wedding_day,,h.catering
cold sparks,1,other,other,wedding_day,,unmatched
collaboration with,1,other,other,wedding_day,,unmatched
color,1,other,other,wedding_day,,unmatched
colorful gown,1,attire,attire,wedding_day,,h.attire
colorist,1,other,other,wedding_day,,unmatched
comedian,1,other,other,wedding_day,,unmatched
concept & design,1,other,event_design,wedding_day,,compound(exact+exact)
concrete bar & entryway,1,other,bar_service,wedding_day,,compound(h.bar)
confectionery,1,other,other,wedding_day,,unmatched
conference emcee,1,other,mc,wedding_day,,h.mc
connor’s attire,1,attire,attire,wedding_day,,h.attire
conservatory,1,other,other,wedding_day,,unmatched
conservatory tent,1,other,tent,wedding_day,,h.tent
consultant,1,other,planner,wedding_day,,h.planner
contact us at sales,1,other,other,wedding_day,,unmatched
contact yoni ellous at ellous,1,other,other,wedding_day,,unmatched
conten,1,other,other,wedding_day,,unmatched
content captured by,1,videographer,other,wedding_day,,unmatched
content creating,1,videographer,other,wedding_day,,unmatched
content creation + signage,1,videographer,content_creator|signage,wedding_day,,compound(exact+exact)
content creation by,1,videographer,content_creator,wedding_day,,exact.stripped
content team,1,videographer,other,wedding_day,,unmatched
cookie cart,1,other,other,wedding_day,,unmatched
cookies + macaron tower,1,other,desserts,wedding_day,,compound(exact)
cookies and cake pops,1,cake,desserts,wedding_day,,compound(exact)
cookies by,1,other,desserts,wedding_day,,exact.stripped
coordinated by,1,planner,other,wedding_day,,unmatched
coordinating,1,planner,other,wedding_day,,unmatched
coordinating & catering,1,planner,catering,wedding_day,,compound(exact)
coordination & design,1,planner,coordinator|event_design,wedding_day,,compound(exact+exact)
coordination + floral,1,planner,coordinator|florist,wedding_day,,compound(exact+exact)
coordination + stationery,1,planner,coordinator|stationery,wedding_day,,compound(exact+exact)
coordination assistant,1,planner,other,wedding_day,,unmatched
coordination by,1,planner,coordinator,wedding_day,,exact.stripped
coordinator and designer,1,planner,coordinator|event_design,wedding_day,,compound(exact+exact)
cooridnation,1,other,other,wedding_day,,unmatched
cooridnator,1,other,other,wedding_day,,unmatched
copy,1,other,other,wedding_day,,unmatched
corben’s suit,1,attire,attire,wedding_day,,h.attire
corset gown,1,attire,attire,wedding_day,,h.attire
cotton candy glitter bombs,1,other,other,wedding_day,,unmatched
cotton candy vendor,1,other,other,wedding_day,,unmatched
couple model,1,other,other,wedding_day,,unmatched
couple transportation,1,transportation,transportation,wedding_day,,h.transportation
courtesy to,1,other,other,wedding_day,,unmatched
couture,1,other,other,wedding_day,,unmatched
cover image and photography,1,photographer,photographer,wedding_day,,compound(exact)
cover photo & photography,1,photographer,photographer,wedding_day,,compound(exact+exact)
cover photo by the lovely,1,photographer,photographer,wedding_day,,exact.stripped
cover photo by the one and only,1,photographer,photographer,wedding_day,,exact.stripped
cover photo by the talented,1,photographer,photographer,wedding_day,,exact.stripped
cover photo florals by,1,photographer,florist,wedding_day,,h.florist.stripped
cover photo florist,1,photographer,florist,wedding_day,,h.florist
cover photo venue,1,venue,venue,wedding_day,,h.venue
cover shot by,1,other,photographer,wedding_day,,exact
cream bronzer,1,other,other,wedding_day,,unmatched
cream puff tower,1,other,other,wedding_day,,unmatched
creamery,1,other,other,wedding_day,,unmatched
created by our queen designer,1,other,event_design,wedding_day,,h.event_design
created by our super star,1,other,other,wedding_day,,unmatched
creative assistant,1,other,other,wedding_day,,unmatched
creative consulting,1,other,other,wedding_day,,unmatched
creative content,1,videographer,content_creator,wedding_day,,h.content
creative direction & photography,1,photographer,event_design|photographer,wedding_day,,compound(exact+exact)
creative director & host,1,other,event_design,wedding_day,,compound(exact)
creative director by,1,other,event_design,wedding_day,,exact.stripped
credits,1,other,noise,wedding_day,,noise
crest artwork,1,other,other,wedding_day,,unmatched
cruise,1,other,other,wedding_day,,unmatched
cruise planner,1,planner,planner,wedding_day,,h.planner
culinary,1,other,catering,wedding_day,,exact
culled on my favorite,1,other,other,wedding_day,,unmatched
culled with,1,other,other,wedding_day,,unmatched
curated decor,1,rentals,decor_other,wedding_day,,h.decor
curated makeup & skincare,1,makeup,makeup,wedding_day,,compound(h.makeup)
currently featured in,1,other,other,wedding_day,,unmatched
curtains,1,other,other,wedding_day,,unmatched
custom bar + banquettes,1,other,bar_service,wedding_day,,compound(exact.stripped)
custom bears,1,other,other,wedding_day,,unmatched
custom calligraphy,1,other,calligraphy,wedding_day,,exact.stripped
custom cups + stirrers,1,other,other,wedding_day,,unmatched
custom dinner napkins,1,catering,rentals,wedding_day,,h.rentals.stripped
custom disco ball,1,other,other,wedding_day,,unmatched
custom engraving,1,other,other,wedding_day,,unmatched
custom ethiopian clothing,1,other,attire,wedding_day,,h.attire.stripped
custom flooring,1,jeweler,other,wedding_day,,unmatched
custom gifts,1,other,favors_gifts,wedding_day,,exact.stripped
custom gowns,1,attire,attire,wedding_day,,exact.stripped
custom groom suit,1,attire,attire,wedding_day,,exact.stripped
custom hat bar,1,other,bar_service,wedding_day,,h.bar.stripped
custom ice,1,other,other,wedding_day,,unmatched
custom keychains,1,other,other,wedding_day,,unmatched
custom light box,1,other,other,wedding_day,,unmatched
custom linen,1,rentals,rentals,wedding_day,,exact.stripped
custom linen napkins,1,rentals,rentals,wedding_day,,h.rentals.stripped
custom napkins,1,other,rentals,wedding_day,,exact.stripped
custom passport covers,1,other,other,wedding_day,,unmatched
custom perfume,1,other,other,wedding_day,,unmatched
custom perfume bar,1,other,bar_service,wedding_day,,h.bar.stripped
custom perfume experience,1,other,other,wedding_day,,unmatched
custom rugs,1,other,other,wedding_day,,unmatched
custom stationery and details,1,stationery,stationery,wedding_day,,compound(exact.stripped)
custom tuxedo,1,attire,attire,wedding_day,,exact.stripped
custom veil & sleeves,1,other,accessories,wedding_day,,compound(exact)
custom veil + gloves,1,other,accessories,wedding_day,,compound(exact+exact)
customization of robe,1,other,other,wedding_day,,unmatched
cut and color by,1,other,other,wedding_day,,unmatched
cutlery,1,other,other,wedding_day,,unmatched
cutout used,1,other,other,wedding_day,,unmatched
d + j,1,other,other,wedding_day,,unmatched
d/o coordinator,1,planner,coordinator,wedding_day,,compound(h.coordinator)
daily brunch,1,other,other,brunch,,unmatched
dance choregraphers,1,other,other,wedding_day,,unmatched
dance floor & decor,1,rentals,lighting_production|decor_other,wedding_day,,compound(exact+exact)
dance floor & draping,1,other,lighting_production,wedding_day,,compound(exact+exact)
dance floor overlay,1,other,other,wedding_day,,unmatched
dance floor rental,1,rentals,rentals,wedding_day,,h.rentals
dance floral vinyl,1,florist,other,wedding_day,,unmatched
dance performance,1,other,other,wedding_day,,unmatched
dance team,1,other,other,wedding_day,,unmatched
dance troop,1,other,other,wedding_day,,unmatched
dancefloor & disco themed lighting,1,other,lighting_production,wedding_day,,compound(exact+h.lighting)
dancing,1,other,other,wedding_day,,unmatched
danielle + collin,1,other,other,wedding_day,,unmatched
danny’s jumpsuit,1,attire,other,wedding_day,,unmatched
danny’s suit,1,attire,attire,wedding_day,,h.attire
david chiriboga,1,other,other,wedding_day,,unmatched
david kindler,1,other,other,wedding_day,,unmatched
day after brunch,1,other,other,brunch,,unmatched
day for dogs,1,other,other,wedding_day,,unmatched
day of,1,other,other,wedding_day,,unmatched
day of hair stylist,1,hair,hair,wedding_day,,exact.stripped
day of planner,1,planner,planner,wedding_day,,exact.stripped
day to night,1,other,other,wedding_day,,unmatched
december,1,other,other,wedding_day,,unmatched
decir,1,other,other,wedding_day,,unmatched
deco,1,other,other,wedding_day,,unmatched
decor & bouqet,1,rentals,decor_other,wedding_day,,compound(exact)
decor & dance floor,1,rentals,decor_other|lighting_production,wedding_day,,compound(exact+exact)
decor & planner,1,planner,decor_other|planner,wedding_day,,compound(exact+exact)
decor & retnals,1,rentals,decor_other,wedding_day,,compound(exact)
decor + design,1,rentals,decor_other|event_design,wedding_day,,compound(exact+exact)
decor + drapery,1,rentals,decor_other|lighting_production,wedding_day,,compound(exact+exact)
decor + rentals,1,rentals,decor_other|rentals,wedding_day,,compound(exact+exact)
decor and florals,1,florist,decor_other|florist,wedding_day,,compound(exact+exact)
decor and rentals,1,rentals,decor_other|rentals,wedding_day,,compound(exact+exact)
decor by the amazing,1,rentals,decor_other,wedding_day,,exact.stripped
decor firm,1,rentals,other,wedding_day,,unmatched
decor mehndi,1,rentals,decor_other,sangeet_mehndi,,exact.ctx
decor photos,1,photographer,photographer,wedding_day,,h.photographer
decor shaadi,1,rentals,other,wedding_day,,unmatched
decorations,1,rentals,decor_other,wedding_day,,h.decor
decorations and set,1,rentals,decor_other,wedding_day,,compound(h.decor)
decorator & videographer,1,videographer,decor_other|videographer,wedding_day,,compound(exact+exact)
decors and florals,1,florist,florist,wedding_day,,compound(exact)
delivered via,1,other,other,wedding_day,,unmatched
derby inspired tie by,1,other,other,wedding_day,,unmatched
desert,1,other,other,wedding_day,,unmatched
desi outfits,1,attire,attire,wedding_day,,h.attire
design & coordination,1,planner,event_design|coordinator,wedding_day,,compound(exact+exact)
design & creative direction,1,other,event_design,wedding_day,,compound(exact+exact)
design & rentals,1,rentals,event_design|rentals,wedding_day,,compound(exact+exact)
design & stationery,1,stationery,event_design|stationery,wedding_day,,compound(exact+exact)
design & styling,1,other,event_design,wedding_day,,compound(exact+exact)
design + florals,1,florist,event_design|florist,wedding_day,,compound(exact+exact)
design + styling,1,other,event_design,wedding_day,,compound(exact+exact)
design and floral,1,florist,event_design|florist,wedding_day,,compound(exact+exact)
design and florals by us,1,florist,event_design|florist,wedding_day,,compound(exact+exact.stripped)
design and planning by,1,planner,planner|event_design,wedding_day,,exact.stripped
design and styling,1,other,event_design,wedding_day,,compound(exact+exact)
design by,1,other,event_design,wedding_day,,exact.stripped
design production assistant,1,other,other,wedding_day,,unmatched
designed by,1,other,other,wedding_day,,unmatched
designed toppers & crown,1,other,other,wedding_day,,unmatched
designer & floral,1,florist,event_design|florist,wedding_day,,compound(exact+exact)
designer and planner,1,planner,event_design|planner,wedding_day,,compound(exact+exact)
designer decorator,1,rentals,decor_other,wedding_day,,h.decor
designers,1,other,event_design,wedding_day,,h.event_design
designs,1,other,other,wedding_day,,unmatched
desing,1,other,other,wedding_day,,unmatched
dessert & cake,1,cake,desserts|cake,wedding_day,,compound(exact+exact)
dessert assortment,1,cake,other,wedding_day,,unmatched
dessert staging,1,cake,lighting_production,wedding_day,,h.lighting
destination event,1,other,other,wedding_day,,unmatched
detailer,1,other,other,wedding_day,,unmatched
developing,1,other,other,wedding_day,,unmatched
developing by,1,other,other,wedding_day,,unmatched
dhol drummers,1,other,other,wedding_day,,unmatched
digital content & projection,1,videographer,content_creator,wedding_day,,compound(h.content)
dining space rental partner,1,rentals,other,wedding_day,,unmatched
dinner dress,1,attire,attire,wedding_day,,h.attire
dinner venue,1,venue,venue,wedding_day,,h.venue
dinner vibes w,1,catering,other,wedding_day,,unmatched
dip’s haldi,1,other,other,sangeet_mehndi,,unmatched
dipsy desserts,1,cake,desserts,wedding_day,,h.desserts
director + editor,1,other,album_editing,wedding_day,,compound(exact)
director of photography,1,photographer,photographer,wedding_day,,h.photographer
director of programs,1,other,stationery,wedding_day,,h.stationery
disco ball,1,other,other,wedding_day,,unmatched
disco chuppah,1,other,other,wedding_day,,unmatched
discover it at,1,other,other,wedding_day,,unmatched
discover the perfect pair at,1,other,other,wedding_day,,unmatched
display cake,1,cake,cake,wedding_day,,h.cake
displays for desserts,1,cake,desserts,wedding_day,,h.desserts
distillery,1,other,other,wedding_day,,unmatched
dit,1,other,other,wedding_day,,unmatched
dj & booth,1,dj,dj|photo_booth,wedding_day,,compound(exact+h.photo_booth)
dj & dance floor lighting,1,dj,dj|lighting_production,wedding_day,,compound(exact+h.lighting)
dj & event production,1,dj,dj|lighting_production,wedding_day,,compound(exact+h.lighting)
dj & live saxophone,1,dj,dj|live_music,wedding_day,,compound(exact+h.live_music)
dj & saxophone,1,dj,dj|live_music,wedding_day,,compound(exact+exact)
dj & saxophonist,1,dj,dj|live_music,wedding_day,,compound(exact+exact)
dj & sparklers,1,dj,dj|entertainment_other,wedding_day,,compound(exact+h.entertainment_other)
dj & video,1,videographer,dj|videographer,wedding_day,,compound(exact+exact)
dj + musician,1,dj,dj|live_music,wedding_day,,compound(exact+exact)
dj + production + dance floor,1,dj,dj|lighting_production,wedding_day,,compound(exact+exact+exact)
dj + string trio,1,dj,dj|live_music,wedding_day,,compound(exact+exact)
dj + vocals,1,dj,dj,wedding_day,,compound(exact)
dj adam,1,dj,other,wedding_day,,unmatched
dj and entertainment,1,dj,dj,wedding_day,,compound(exact+exact)
dj and saxophone,1,dj,dj|live_music,wedding_day,,compound(exact+exact)
dj and sound production,1,dj,dj|lighting_production,wedding_day,,compound(exact+h.lighting)
dj firm,1,dj,other,wedding_day,,unmatched
dj frank smith,1,dj,other,wedding_day,,unmatched
dj music,1,dj,live_music,wedding_day,,h.live_music
dj nick with,1,dj,other,wedding_day,,unmatched
dj’ing for,1,dj,other,wedding_day,,unmatched
djcosmochicago,1,dj,other,wedding_day,,unmatched
djil,1,dj,other,wedding_day,,unmatched
dm,1,other,other,wedding_day,,unmatched
dm on facebook,1,other,other,wedding_day,,unmatched
dm to inquire,1,other,noise,wedding_day,,noise
do not miss this west loop italian,1,other,other,wedding_day,,unmatched
dog cake,1,cake,cake,wedding_day,,h.cake
dog care,1,other,pet_attendant,wedding_day,,h.pet
dog concierge,1,other,other,wedding_day,,unmatched
dog extraordinaire,1,other,other,wedding_day,,unmatched
dog walker,1,other,other,wedding_day,,unmatched
dogs of honor,1,other,other,wedding_day,,unmatched
dogsitters,1,other,other,wedding_day,,unmatched
donuts from,1,other,desserts,wedding_day,,exact.stripped
dove la storia respira,1,other,other,wedding_day,,unmatched
drape and decor,1,rentals,decor_other,wedding_day,,compound(exact)
draper,1,other,other,wedding_day,,unmatched
drapery & production,1,other,lighting_production,wedding_day,,compound(exact+exact)
drapery & rentals,1,rentals,lighting_production|rentals,wedding_day,,compound(exact+exact)
drapery + lighting + shelves,1,other,lighting_production,wedding_day,,compound(exact+exact)
draping & dance floor,1,other,lighting_production,wedding_day,,compound(exact+exact)
draping & decor,1,rentals,lighting_production|decor_other,wedding_day,,compound(exact+exact)
draping & stage,1,other,lighting_production,wedding_day,,compound(exact+exact)
draping + lighting,1,other,lighting_production,wedding_day,,compound(exact+exact)
draping and arch,1,other,lighting_production|decor_other,wedding_day,,compound(exact+exact)
draping and lighting,1,other,lighting_production,wedding_day,,compound(exact+exact)
dream girl,1,other,other,wedding_day,,unmatched
dreamy photos by,1,photographer,photographer,wedding_day,,h.photographer.stripped
dress & veil,1,attire,attire|accessories,wedding_day,,compound(exact+exact)
dress alteration,1,attire,alterations,wedding_day,,h.alterations
dress and bridesmaids dresses,1,attire,attire,wedding_day,,compound(exact+exact)
dress attire,1,attire,attire,wedding_day,,h.attire
dress design,1,attire,event_design,wedding_day,,h.event_design
dress from,1,attire,attire,wedding_day,,exact.stripped
dress shop where you bought dress,1,attire,attire,wedding_day,,h.attire
dress tailor,1,attire,alterations,wedding_day,,h.alterations
dresses by,1,attire,attire,wedding_day,,exact.stripped
dressing gowns,1,attire,attire,wedding_day,,h.attire
dressing team,1,attire,other,wedding_day,,unmatched
drew’s wedding ring,1,jeweler,jewelry,wedding_day,,h.jewelry
dried florals,1,florist,florist,wedding_day,,h.florist
drink,1,other,other,wedding_day,,unmatched
drink sponsor,1,other,other,wedding_day,,unmatched
drink truck,1,other,other,wedding_day,,unmatched
drinks cart,1,catering,other,wedding_day,,unmatched
drone footage,1,other,other,wedding_day,,unmatched
drone photographer,1,photographer,photographer,wedding_day,,h.photographer
drone show,1,other,other,wedding_day,,unmatched
drone video,1,videographer,videographer,wedding_day,,h.videographer
drumline,1,other,other,wedding_day,,unmatched
dual shooter,1,other,other,wedding_day,,unmatched
dueling pianos,1,other,entertainment_other,wedding_day,,exact
dul,1,other,other,wedding_day,,unmatched
e + j,1,other,other,wedding_day,,unmatched
e r i k a,1,other,other,wedding_day,,unmatched
early spring for,1,jeweler,other,wedding_day,,unmatched
earrings rented from,1,jeweler,other,wedding_day,,unmatched
easton events & hmr photographer,1,photographer,photographer,wedding_day,,compound(h.photographer)
eats,1,other,other,wedding_day,,unmatched
ed & aileen photography,1,photographer,photographer,wedding_day,,compound(h.photographer)
edited in,1,other,other,wedding_day,,unmatched
edited on,1,other,other,wedding_day,,unmatched
edited with,1,other,other,wedding_day,,unmatched
editing by,1,other,album_editing,wedding_day,,exact.stripped
editorial director,1,other,other,wedding_day,,unmatched
edits by,1,other,other,wedding_day,,unmatched
edits inspired by,1,other,other,wedding_day,,unmatched
education,1,other,other,wedding_day,,unmatched
edward,1,other,other,wedding_day,,unmatched
effortless waves for our bride,1,other,other,wedding_day,,unmatched
electric violin,1,other,live_music,wedding_day,,h.live_music
electric violist,1,other,other,wedding_day,,unmatched
electrician,1,other,other,wedding_day,,unmatched
eleni,1,other,other,wedding_day,,unmatched
elizabeth dixon,1,other,other,wedding_day,,unmatched
elopement photographed by,1,photographer,other,wedding_day,,unmatched
elotes cart,1,other,other,wedding_day,,unmatched
elyssa,1,other,other,wedding_day,,unmatched
embroiderer,1,other,other,wedding_day,,unmatched
emilio’s suit,1,attire,attire,wedding_day,,h.attire
emilios suite,1,attire,stationery,wedding_day,,h.stationery
emily,1,other,other,wedding_day,,unmatched
emily & danny,1,other,other,wedding_day,,unmatched
end of the night portraits at,1,other,other,wedding_day,,unmatched
energy drinks by,1,catering,bar_service,wedding_day,,h.bar.stripped
engagement ring & band,1,band,jewelry|band,engagement,,compound(exact+exact).ctx
engagement ring and wedding bands,1,band,jewelry|band,engagement,,compound(exact+exact).ctx
engagement shoot,1,other,venue,engagement,,phase_venue.modifier
engagement shoot dress,1,attire,attire,engagement,,exact.ctx
engagement venue,1,venue,venue,engagement,,phase_venue.modifier
engraving,1,other,other,wedding_day,,unmatched
entertaiment,1,other,other,wedding_day,,unmatched
entertainment band and dj,1,band,band|dj,wedding_day,,compound(h.band+exact)
entertainment ceremony,1,dj,dj,ceremony,,exact.ctx
entertainment company,1,dj,other,wedding_day,,unmatched
entertainment director,1,dj,dj,wedding_day,,exact
entertainment management,1,dj,other,wedding_day,,unmatched
entertainment partner,1,dj,other,wedding_day,,unmatched
entertainment services,1,dj,other,wedding_day,,unmatched
entertainment time chicago,1,dj,other,wedding_day,,unmatched
entry,1,other,other,wedding_day,,unmatched
enzo custom,1,other,other,wedding_day,,unmatched
erika dufour,1,other,other,wedding_day,,unmatched
erika’s dress,1,attire,attire,wedding_day,,h.attire
erin & zach,1,other,other,wedding_day,,unmatched
erin hill,1,other,other,wedding_day,,unmatched
erin kilmurray,1,other,other,wedding_day,,unmatched
escort display chocolates,1,other,other,wedding_day,,unmatched
escorts & select signage,1,other,signage,wedding_day,,compound(h.signage)
espresso bar,1,other,bar_service,wedding_day,,h.bar
estate jewelry,1,jeweler,jewelry,wedding_day,,h.jewelry
esthetician,1,other,other,wedding_day,,unmatched
etageres,1,other,other,wedding_day,,unmatched
event and styling,1,other,event_design,wedding_day,,compound(exact)
event branding & stationery,1,stationery,stationery,wedding_day,,compound(exact)
event calligraphy,1,other,calligraphy,wedding_day,,h.calligraphy
event cinematographer,1,other,videographer,wedding_day,,h.videographer
event design & coordination,1,planner,event_design|coordinator,wedding_day,,compound(exact+exact)
event design & planning,1,planner,event_design|planner,wedding_day,,compound(exact+exact)
event design & styling,1,other,event_design,wedding_day,,compound(exact+exact)
event director,1,other,other,wedding_day,,unmatched
event draping,1,other,lighting_production,wedding_day,,h.lighting
event experience,1,other,other,wedding_day,,unmatched
event management,1,other,other,wedding_day,,unmatched
event painter,1,other,live_painter,wedding_day,,h.live_painter
event photos,1,photographer,photographer,wedding_day,,h.photographer
event planner & design,1,planner,planner|event_design,wedding_day,,compound(exact+exact)
event production + planning + design,1,planner,lighting_production|planner|event_design,wedding_day,,compound(h.lighting+exact+exact)
event staff,1,other,staffing,wedding_day,,h.staffing
event styling,1,other,event_design,wedding_day,,h.event_design
event styling + planning,1,planner,event_design|planner,wedding_day,,compound(h.event_design+exact)
event styling and planning,1,planner,event_design|planner,wedding_day,,compound(h.event_design+exact)
eventplanner,1,planner,other,wedding_day,,unmatched
ever wondered what a set,1,other,other,wedding_day,,unmatched
exceptional gastronomy,1,other,other,wedding_day,,unmatched
exciting news this week,1,other,other,wedding_day,,unmatched
exciting news today,1,other,other,wedding_day,,unmatched
exclusive styled shoot for,1,other,other,wedding_day,,unmatched
executive producer,1,other,other,wedding_day,,unmatched
exit car,1,other,transportation,wedding_day,,h.transportation
experience a menu of jewelry,1,jeweler,jewelry,wedding_day,,h.jewelry
experience downtown decadence at,1,other,other,wedding_day,,unmatched
experience paradise in chicago,1,other,other,wedding_day,,unmatched
explore the first,1,other,other,wedding_day,,unmatched
extensions cut,1,other,other,wedding_day,,unmatched
eye patches,1,other,other,wedding_day,,unmatched
eyes & base,1,other,other,wedding_day,,unmatched
eyes shadows,1,other,other,wedding_day,,unmatched
eyeshadow,1,other,other,wedding_day,,unmatched
fabric and furniture,1,other,rentals,wedding_day,,compound(exact)
fabrication & rentals,1,rentals,rentals,wedding_day,,compound(exact)
face painting,1,other,live_painter,wedding_day,,h.live_painter
family hmua,1,beauty_other,hair|makeup,wedding_day,,h.hair_makeup
family memorial tribute sign from,1,other,signage,wedding_day,,h.signage.stripped
fancy pack,1,other,other,wedding_day,,unmatched
fashion & styling,1,other,attire|event_design,wedding_day,,compound(exact+exact)
fashion editorial for,1,other,other,wedding_day,,unmatched
fashion show,1,other,other,wedding_day,,unmatched
fashion sketch illustrator,1,other,live_painter,wedding_day,,h.live_painter
favor box,1,other,other,wedding_day,,unmatched
favorite summer rooftop,1,other,other,wedding_day,,unmatched
featured model,1,other,other,wedding_day,,unmatched
featured photo,1,photographer,photographer,wedding_day,,h.photographer
featured table linens,1,rentals,rentals,wedding_day,,h.rentals
features editor,1,other,other,wedding_day,,unmatched
featuring,1,jeweler,press_feature,wedding_day,,press
featuring gowns by,1,attire,attire,wedding_day,,h.attire.stripped
female model,1,other,other,wedding_day,,unmatched
film assistant & second photographer,1,photographer,second_shooter,wedding_day,,compound(exact)
film develop & scanning,1,videographer,other,wedding_day,,unmatched
film develop + scans,1,videographer,other,wedding_day,,unmatched
film developed at,1,videographer,other,wedding_day,,unmatched
film development,1,videographer,other,wedding_day,,unmatched
film photos,1,photographer,photographer,wedding_day,,h.photographer
film photos taken by my bestie,1,photographer,other,wedding_day,,unmatched
film scanned and developed by,1,videographer,other,wedding_day,,unmatched
film scanning,1,videographer,album_editing,wedding_day,,exact
film scans by,1,videographer,other,wedding_day,,unmatched
final impressions,1,other,other,wedding_day,,unmatched
fintech founder,1,other,other,wedding_day,,unmatched
fire entertainers,1,other,entertainment_other,wedding_day,,h.entertainment_other
first look location,1,other,venue,wedding_day,,h.venue
first looks,1,other,other,wedding_day,,unmatched
first photo by,1,photographer,photographer,wedding_day,,h.photographer.stripped
first up in our vendor love series,1,other,other,wedding_day,,unmatched
five,1,other,noise,wedding_day,,noise
fixing spray,1,other,other,wedding_day,,unmatched
flash,1,other,other,wedding_day,,unmatched
flash mob,1,other,other,wedding_day,,unmatched
flat lay magic by,1,other,other,wedding_day,,unmatched
flatlay,1,other,other,wedding_day,,unmatched
flatlay art direction & styling,1,other,event_design,wedding_day,,compound(exact)
flatlay mats,1,other,other,wedding_day,,unmatched
flawless,1,other,other,wedding_day,,unmatched
flim,1,other,other,wedding_day,,unmatched
floor wrap,1,other,other,wedding_day,,unmatched
floor wrap & seating chart,1,other,signage,wedding_day,,compound(exact)
flooring,1,jeweler,other,wedding_day,,unmatched
flooring & custom stage,1,jeweler,lighting_production,wedding_day,,compound(exact.stripped)
flooring + tent,1,jeweler,tent,wedding_day,,compound(exact)
floral & cake,1,florist,florist|cake,wedding_day,,compound(exact+exact)
floral & decor by,1,florist,florist|decor_other,wedding_day,,exact.stripped
floral & decore,1,florist,florist,wedding_day,,compound(exact)
floral &decor,1,florist,florist|decor_other,wedding_day,,compound(exact+exact)
floral + champagne wall,1,florist,florist,wedding_day,,compound(exact)
floral arch,1,florist,other,wedding_day,,unmatched
floral arrangements,1,florist,other,wedding_day,,unmatched
floral decor,1,florist,decor_other,wedding_day,,h.decor
floral design & decor,1,florist,florist|decor_other,wedding_day,,compound(exact+exact)
floral design & decor by,1,florist,florist|decor_other,wedding_day,,compound(exact+exact)
floral design & tabletop,1,florist,florist|rentals,wedding_day,,compound(exact+exact)
floral design by,1,florist,florist,wedding_day,,exact.stripped
floral desing by,1,florist,other,wedding_day,,unmatched
floral donation,1,florist,other,wedding_day,,unmatched
floral donations,1,florist,other,wedding_day,,unmatched
floral meadows,1,florist,other,wedding_day,,unmatched
floral wall,1,florist,other,wedding_day,,unmatched
floral wholesalers,1,florist,other,wedding_day,,unmatched
floral& decor,1,florist,florist|decor_other,wedding_day,,compound(exact+exact)
floral&decor,1,florist,florist|decor_other,wedding_day,,compound(exact+exact)
florals & concept,1,florist,florist|event_design,wedding_day,,compound(exact+exact)
florals & rentals,1,florist,florist|rentals,wedding_day,,compound(exact+exact)
florals & tablescapes,1,florist,florist|event_design,wedding_day,,compound(exact+exact)
florals + lighting,1,florist,florist|lighting_production,wedding_day,,compound(exact+exact)
florals + planning,1,planner,florist|planner,wedding_day,,compound(exact+exact)
florals + production,1,florist,florist|lighting_production,wedding_day,,compound(exact+exact)
florals and production,1,florist,florist|lighting_production,wedding_day,,compound(exact+exact)
florals by the lovely,1,florist,florist,wedding_day,,exact.stripped
florist & coordinator,1,planner,florist|coordinator,wedding_day,,compound(exact+exact)
florist and cake,1,florist,florist|cake,wedding_day,,compound(exact+exact)
florist and decor,1,florist,florist|decor_other,wedding_day,,compound(exact+exact)
florist designer,1,florist,event_design,wedding_day,,h.event_design
florists & decor,1,florist,florist|decor_other,wedding_day,,compound(exact+exact)
flourist,1,other,other,wedding_day,,unmatched
flower and decor,1,florist,florist|decor_other,wedding_day,,compound(h.florist+exact)
flower bar,1,florist,bar_service,wedding_day,,h.bar
flower bar & entrance,1,florist,bar_service,wedding_day,,compound(h.bar)
flower bouquet,1,florist,florist,wedding_day,,h.florist
flower decor by,1,florist,decor_other,wedding_day,,h.decor.stripped
flower preservation,1,florist,other,wedding_day,,unmatched
flower recycling,1,florist,other,wedding_day,,unmatched
flower stand,1,florist,other,wedding_day,,unmatched
flowers & design,1,florist,florist|event_design,wedding_day,,compound(exact+exact)
flowers & draping,1,florist,florist|lighting_production,wedding_day,,compound(exact+exact)
flowers and lighting,1,florist,florist|lighting_production,wedding_day,,compound(exact+exact)
flowers and production,1,florist,florist|lighting_production,wedding_day,,compound(exact+exact)
flowers by fave,1,florist,florist,wedding_day,,exact.stripped
flowers from,1,florist,florist,wedding_day,,exact.stripped
flyer by,1,other,other,wedding_day,,unmatched
focaccia bread,1,other,other,wedding_day,,unmatched
follow our venue,1,venue,venue,wedding_day,,h.venue
follow the journey,1,other,other,wedding_day,,unmatched
follow this account,1,other,other,wedding_day,,unmatched
following a week,1,other,other,wedding_day,,unmatched
food & bar,1,catering,catering|bar_service,wedding_day,,compound(exact+exact)
food & beverage,1,catering,catering|bar_service,wedding_day,,compound(exact+exact)
food & dessert,1,cake,catering|desserts,wedding_day,,compound(exact+exact)
food & drink,1,catering,catering,wedding_day,,compound(exact)
food by,1,catering,catering,wedding_day,,exact.stripped
food catering,1,catering,catering,wedding_day,,h.catering
food display,1,catering,other,wedding_day,,unmatched
for abby & henry’s wedding,1,other,other,wedding_day,,unmatched
for bookings,1,other,other,wedding_day,,unmatched
for his current retrospective on,1,other,other,wedding_day,,unmatched
for jess & josh two weeks ago at,1,other,other,wedding_day,,unmatched
for our dance fans,1,other,other,wedding_day,,unmatched
forals,1,other,other,wedding_day,,unmatched
formalwear,1,other,other,wedding_day,,unmatched
fotografia,1,other,other,wedding_day,,unmatched
founder of,1,other,other,wedding_day,,unmatched
fountain,1,other,other,wedding_day,,unmatched
fox and ivory,1,other,other,wedding_day,,unmatched
fresh florals,1,florist,florist,wedding_day,,h.florist
fresh flowers,1,florist,florist,wedding_day,,h.florist
friday bar,1,other,bar_service,wedding_day,,h.bar
friday catering,1,catering,catering,wedding_day,,h.catering
friday night,1,other,other,wedding_day,,unmatched
friday night event,1,other,other,wedding_day,,unmatched
friday rehearsal dinner,1,catering,catering,rehearsal_dinner,,h.catering
friday venue & catering,1,venue,venue|catering,wedding_day,,compound(h.venue+exact)
friday w,1,other,other,wedding_day,,unmatched
friday we are at,1,other,other,wedding_day,,unmatched
from,1,other,noise,wedding_day,,noise
from deli,1,other,other,wedding_day,,unmatched
from earlier this year with,1,other,other,wedding_day,,unmatched
from green sours to gin,1,other,other,wedding_day,,unmatched
from the beginning to the end,1,other,other,wedding_day,,unmatched
from the custom envelope liner,1,other,other,wedding_day,,unmatched
from the first pour to the late,1,other,other,wedding_day,,unmatched
from the fruit centerpieces,1,other,other,wedding_day,,unmatched
from the venue to the food,1,venue,catering,wedding_day,,h.catering
frost lighting,1,other,lighting_production,wedding_day,,h.lighting
frozen drinks,1,catering,bar_service,wedding_day,,h.bar
full day touch up moment,1,other,other,wedding_day,,unmatched
full disclosure,1,other,other,wedding_day,,unmatched
full glam,1,other,hair|makeup,wedding_day,,h.hair_makeup
full service planning,1,planner,planner,wedding_day,,exact.stripped
full tutorial on my tiktok,1,other,other,wedding_day,,unmatched
furniture & decor,1,rentals,rentals|decor_other,wedding_day,,compound(exact+exact)
furniture decor,1,rentals,decor_other,wedding_day,,h.decor
future bride,1,other,other,wedding_day,,unmatched
gajre,1,other,other,wedding_day,,unmatched
gajrey,1,other,other,wedding_day,,unmatched
gallery via,1,other,other,wedding_day,,unmatched
game rental,1,rentals,rentals,wedding_day,,h.rentals
gatsby penthouse,1,other,other,wedding_day,,unmatched
gelato truck,1,other,other,wedding_day,,unmatched
gele & okuku,1,other,other,wedding_day,,unmatched
gele tying,1,other,other,wedding_day,,unmatched
general equipment,1,other,other,wedding_day,,unmatched
geoffrey’s ring,1,jeweler,jewelry,wedding_day,,h.jewelry
geoffrey’s suit,1,attire,attire,wedding_day,,h.attire
geometric poetry for the,1,other,other,wedding_day,,unmatched
gerber scarpelli photo,1,photographer,photographer,wedding_day,,h.photographer
get in touch with us at sales,1,other,other,wedding_day,,unmatched
getting ready attire,1,attire,attire,getting_ready,,exact.ctx
getting ready inn,1,other,other,getting_ready,,unmatched
ghost chairs,1,hair,rentals,wedding_day,,h.rentals
ginger krebs,1,other,other,wedding_day,,unmatched
glam on my fav,1,other,other,wedding_day,,unmatched
glambooth,1,other,other,wedding_day,,unmatched
glass engraver,1,other,other,wedding_day,,unmatched
glass house,1,other,other,wedding_day,,unmatched
glassware & rentals,1,rentals,rentals,wedding_day,,compound(exact+exact)
glassware + flatware,1,other,rentals,wedding_day,,compound(exact+h.rentals)
gloss lids,1,other,other,wedding_day,,unmatched
glow,1,other,other,wedding_day,,unmatched
glowy natural makeup & half up,1,makeup,makeup,wedding_day,,compound(h.makeup)
gluten free cupcakes,1,cake,cake,wedding_day,,h.cake
gm suits,1,attire,attire,wedding_day,,h.attire
going,1,other,other,wedding_day,,unmatched
gold stamping,1,other,other,wedding_day,,unmatched
golden hour photography,1,photographer,photographer,wedding_day,,h.photographer
golf car rentals,1,rentals,rentals,wedding_day,,h.rentals
good,1,other,other,wedding_day,,unmatched
gorgeous flowers by,1,florist,florist,wedding_day,,h.florist.stripped
gorgeous model,1,other,other,wedding_day,,unmatched
gorgeous photos by,1,photographer,photographer,wedding_day,,h.photographer.stripped
gown & bridesmaids,1,attire,attire,wedding_day,,compound(exact+exact)
gown + veil,1,attire,attire|accessories,wedding_day,,compound(exact+exact)
gown boutique,1,attire,attire,wedding_day,,h.attire
gowns & accessories,1,attire,attire|accessories,wedding_day,,compound(exact+exact)
gowns by,1,attire,attire,wedding_day,,exact.stripped
grab your ticket today,1,other,other,wedding_day,,unmatched
grace + dom at,1,other,other,wedding_day,,unmatched
graduation dj,1,dj,dj,wedding_day,,h.dj
grammy award,1,other,other,wedding_day,,unmatched
graphic design & show director,1,other,stationery,wedding_day,,compound(exact)
graphicdesigner,1,other,other,wedding_day,,unmatched
grazie di cuore,1,other,other,wedding_day,,unmatched
grazing board,1,other,other,wedding_day,,unmatched
great polish,1,other,other,wedding_day,,unmatched
great shot by,1,other,other,wedding_day,,unmatched
green canopy & hanging florals,1,florist,florist,wedding_day,,compound(h.florist)
greenery,1,other,florist,wedding_day,,h.florist
greenery wall,1,other,other,wedding_day,,unmatched
greenhouse,1,other,other,wedding_day,,unmatched
greenhouse loft,1,other,other,wedding_day,,unmatched
greeted with talented,1,other,other,wedding_day,,unmatched
greg ward alto saxophone,1,musician,live_music,wedding_day,,h.live_music
grit photo credit,1,photographer,photographer,wedding_day,,h.photographer.stripped
groom & groomsmen,1,other,attire,wedding_day,,compound(exact)
groom & groomsmens’s tuxes,1,attire,attire,wedding_day,,compound(h.attire)
groom formalwear,1,other,other,wedding_day,,unmatched
groom hair stylist,1,hair,hair,wedding_day,,exact.stripped
groom hotel,1,hotel,accommodations,wedding_day,,exact.stripped
groom kurta,1,other,other,wedding_day,,unmatched
groom nikkah outfit,1,attire,attire,sangeet_mehndi,,exact.stripped.ctx
groom shoes,1,attire,accessories,wedding_day,,exact.stripped
groom valima outfit,1,attire,attire,wedding_day,,h.attire.stripped
groom’s & groomsmen’s suits,1,attire,attire,wedding_day,,compound(h.attire)
groom’s rings,1,jeweler,jewelry,wedding_day,,exact.stripped
groom's shoes,1,attire,accessories,wedding_day,,exact
groom's suit,1,attire,attire,wedding_day,,exact
groom’s suit and accessories,1,attire,attire|accessories,wedding_day,,compound(exact+exact)
groom’s suit custom,1,attire,other,wedding_day,,unmatched
grooms attire designer,1,attire,event_design,wedding_day,,h.event_design.stripped
grooms custom suite,1,attire,stationery,wedding_day,,h.stationery.stripped
grooms tuxedo,1,attire,attire,wedding_day,,exact.stripped
groomsmen rentals,1,rentals,rentals,wedding_day,,h.rentals
groomsmen suit,1,attire,attire,wedding_day,,h.attire
groomsmen tux,1,attire,attire,wedding_day,,h.attire
groomsmen tux rentals,1,attire,rentals,wedding_day,,h.rentals
groomsmen tuxes,1,attire,attire,wedding_day,,h.attire
groomsmen's suits,1,attire,attire,wedding_day,,h.attire
groomswear,1,other,other,wedding_day,,unmatched
ground & logistics team,1,other,other,wedding_day,,unmatched
group,1,other,other,wedding_day,,unmatched
group publisher,1,other,other,wedding_day,,unmatched
gucci,1,other,other,wedding_day,,unmatched
guest experience,1,other,other,wedding_day,,unmatched
guest host & creative director,1,other,event_design,wedding_day,,compound(exact)
guest of honor,1,other,other,wedding_day,,unmatched
guest phone book,1,other,other,wedding_day,,unmatched
guest planner,1,planner,planner,wedding_day,,h.planner
guest portrait artist,1,other,live_painter,wedding_day,,h.live_painter
guest portraits,1,other,other,wedding_day,,unmatched
guest shuttle,1,other,transportation,wedding_day,,h.transportation
guest shuttle & vintage car,1,other,transportation,wedding_day,,compound(h.transportation+exact)
guest stays,1,other,other,wedding_day,,unmatched
guest table linen,1,rentals,rentals,wedding_day,,h.rentals
gus the dog,1,other,other,wedding_day,,unmatched
guys getting ready hotel,1,hotel,accommodations,getting_ready,,h.accommodations.ctx
h/mu,1,other,makeup,wedding_day,,compound(exact)
h&mua,1,beauty_other,makeup,wedding_day,,compound(exact)
h+mua,1,beauty_other,makeup,wedding_day,,compound(exact)
haars,1,other,other,wedding_day,,unmatched
hair & makeup for bridal party,1,hair,hair|makeup,wedding_day,,exact.stripped
hair & makeup styling by,1,hair,hair|event_design,wedding_day,,compound(exact+h.event_design.stripped)
hair & mu,1,hair,hair|makeup,wedding_day,,compound(exact+exact)
hair accessories,1,hair,accessories,wedding_day,,h.accessories
hair always,1,hair,other,wedding_day,,unmatched
hair and makeup artists,1,hair,hair|makeup,wedding_day,,compound(exact+exact)
hair and makeup for,1,hair,hair|makeup,wedding_day,,exact.stripped
hair and makeup styling,1,hair,hair|event_design,wedding_day,,compound(exact+h.event_design)
hair and makeup team,1,hair,hair,wedding_day,,compound(exact)
hair and makuep,1,hair,hair,wedding_day,,compound(exact)
hair and perfect party pony,1,hair,hair,wedding_day,,compound(exact)
hair by kim,1,hair,hair,wedding_day,,exact.stripped
hair by nina makeup by romelia decor,1,hair,hair,wedding_day,,exact.stripped
hair by pamela with,1,hair,hair,wedding_day,,exact.stripped
hair by tiffany,1,hair,hair,wedding_day,,exact.stripped
hair cut and color,1,hair,other,wedding_day,,unmatched
hair extensions,1,hair,hair,wedding_day,,exact
hair for bride and bridal party,1,hair,hair,wedding_day,,exact.stripped
hair jackie,1,hair,other,wedding_day,,unmatched
hair lina,1,hair,other,wedding_day,,unmatched
hair maintenance,1,hair,other,wedding_day,,unmatched
hair stylist + makeup artist,1,hair,hair|makeup,wedding_day,,compound(exact+exact)
hair&make up,1,hair,hair|makeup,wedding_day,,compound(exact+exact)
hair&mua,1,hair,hair|makeup,wedding_day,,compound(exact+exact)
haircolor + style by,1,hair,other,wedding_day,,unmatched
hairstyling,1,hair,other,wedding_day,,unmatched
haldi & sangeet catering,1,catering,catering,sangeet_mehndi,,h.catering.ctx
haldi venue,1,other,venue,sangeet_mehndi,,phase_venue.modifier
halls rental,1,rentals,rentals,wedding_day,,h.rentals
halls rentals,1,rentals,rentals,wedding_day,,h.rentals
hand calligraphy,1,other,calligraphy,wedding_day,,h.calligraphy
hand painted maracas,1,other,other,wedding_day,,unmatched
hanging instillation,1,other,other,wedding_day,,unmatched
hannah & rowan featured on,1,other,other,wedding_day,,unmatched
hannah + andy,1,other,other,wedding_day,,unmatched
hannah debok,1,other,other,wedding_day,,unmatched
hannah’s dress,1,attire,attire,wedding_day,,h.attire
hannah’s suit,1,attire,attire,wedding_day,,h.attire
happy first,1,other,noise,wedding_day,,noise
happy venue day,1,venue,other,wedding_day,,unmatched
harpist & string quartet,1,jeweler,live_music,wedding_day,,compound(exact+exact)
harpists,1,other,other,wedding_day,,unmatched
hasan’s nikkah outfit,1,attire,attire,sangeet_mehndi,,h.attire.ctx
hasan’s outfit,1,attire,attire,wedding_day,,h.attire
hasan’s shaadi outfit,1,attire,attire,wedding_day,,h.attire
hasan’s valima outfit,1,attire,attire,wedding_day,,h.attire
hat,1,other,other,wedding_day,,unmatched
hbic weddings,1,other,other,wedding_day,,unmatched
head of social,1,other,other,wedding_day,,unmatched
head planner,1,planner,planner,wedding_day,,h.planner
head table rentals,1,rentals,rentals,wedding_day,,h.rentals
heading back to lga after a jam,1,other,other,wedding_day,,unmatched
headliners procurement & production,1,other,lighting_production,wedding_day,,compound(exact)
headshot photographer,1,photographer,photographer,wedding_day,,h.photographer
headshots,1,other,other,wedding_day,,unmatched
heated vinyasa,1,other,other,wedding_day,,unmatched
heather’s dress,1,attire,attire,wedding_day,,h.attire
heena artist,1,other,live_painter,wedding_day,,h.live_painter
helping me out on photo,1,photographer,photographer,wedding_day,,h.photographer
her shoes,1,attire,accessories,wedding_day,,exact.stripped
here are some father,1,other,other,wedding_day,,unmatched
highlight,1,other,noise,wedding_day,,noise
hina artist,1,other,live_painter,wedding_day,,h.live_painter
his,1,other,other,wedding_day,,unmatched
his shoes,1,attire,accessories,wedding_day,,exact.stripped
history of finance montage,1,other,other,wedding_day,,unmatched
hma,1,other,other,wedding_day,,unmatched
hmau,1,other,other,wedding_day,,unmatched
holi celebration,1,other,other,wedding_day,,unmatched
home staging,1,other,lighting_production,wedding_day,,h.lighting
honeymoon dress,1,attire,attire,wedding_day,,h.attire
honorable mentions,1,other,other,wedding_day,,unmatched
hookah,1,other,other,wedding_day,,unmatched
hors d'oeuvres and desserts,1,cake,desserts,wedding_day,,compound(exact)
host & design,1,other,event_design,wedding_day,,compound(exact)
host & photo,1,photographer,photographer,wedding_day,,compound(exact)
host + dress,1,attire,attire,wedding_day,,compound(exact)
host partner,1,other,other,wedding_day,,unmatched
host your next event with us,1,other,other,wedding_day,,unmatched
hotel + room blocks,1,hotel,accommodations,wedding_day,,compound(exact)
hotel partner,1,hotel,other,wedding_day,,unmatched
hotel room block,1,hotel,accommodations,wedding_day,,h.accommodations
house florals & decor,1,florist,florist|decor_other,wedding_day,,compound(h.florist+exact)
hunter flyod films,1,videographer,videographer,wedding_day,,h.videographer
husband,1,band,other,wedding_day,,unmatched
hype productions,1,other,other,wedding_day,,unmatched
i am the dj,1,dj,dj,wedding_day,,h.dj
i cant wait to see the images of,1,other,other,wedding_day,,unmatched
i don’t know how she did it,1,other,other,wedding_day,,unmatched
i run a chicago,1,other,other,wedding_day,,unmatched
i’d worked in this building before,1,other,other,wedding_day,,unmatched
ice,1,other,other,wedding_day,,unmatched
ice blocks,1,other,other,wedding_day,,unmatched
icre cream,1,other,other,wedding_day,,unmatched
idea,1,other,other,wedding_day,,unmatched
if anyone’s wondering,1,jeweler,other,wedding_day,,unmatched
if viewing follow,1,other,other,wedding_day,,unmatched
if you are planning a wedding,1,planner,other,wedding_day,,unmatched
if your wedding had a theme,1,other,other,wedding_day,,unmatched
ig,1,other,other,wedding_day,,unmatched
ig photos,1,photographer,photographer,wedding_day,,h.photographer
ig reel by,1,other,other,wedding_day,,unmatched
image by,1,other,other,wedding_day,,unmatched
images captured by,1,other,other,wedding_day,,unmatched
incredible second photographer,1,photographer,second_shooter,wedding_day,,h.second_shooter
indian catering,1,catering,catering,wedding_day,,exact.stripped
indigo lace,1,other,other,wedding_day,,unmatched
industry collaborations,1,other,other,wedding_day,,unmatched
infinity hospitality event planning,1,planner,planner,wedding_day,,h.planner
inquiries & bookings,1,other,other,wedding_day,,unmatched
inspiration credit,1,other,other,wedding_day,,unmatched
instagram photos,1,photographer,photographer,wedding_day,,h.photographer
install,1,other,other,wedding_day,,unmatched
installation & backdrop,1,other,decor_other,wedding_day,,compound(h.decor+exact)
instrumentals,1,other,other,wedding_day,,unmatched
insurance,1,other,other,wedding_day,,unmatched
intaglios,1,other,other,wedding_day,,unmatched
interstellar radiance,1,other,other,wedding_day,,unmatched
interview,1,other,other,wedding_day,,unmatched
interviews by,1,other,other,wedding_day,,unmatched
introducing the rainbow fish,1,other,other,wedding_day,,unmatched
intuitive readings by,1,other,other,wedding_day,,unmatched
invitation and paper goods,1,stationery,stationery,wedding_day,,compound(exact+exact)
invitation stationery,1,stationery,stationery,wedding_day,,h.stationery
invitations & custom logo design,1,stationery,stationery|event_design,wedding_day,,compound(exact+h.event_design.stripped)
invitations & design,1,stationery,stationery|event_design,wedding_day,,compound(exact+exact)
invitations & paper,1,stationery,stationery,wedding_day,,compound(exact+exact)
invitations & printables,1,stationery,stationery,wedding_day,,compound(exact+exact)
invitations & stationary design,1,stationery,stationery,wedding_day,,compound(exact+exact)
invitations + day of signage,1,stationery,stationery|signage,wedding_day,,compound(exact+exact.stripped)
invitations + menus + placecards,1,stationery,stationery,wedding_day,,compound(exact+exact+exact)
invitations + paper goods,1,stationery,stationery,wedding_day,,compound(exact+exact)
invitations + programs,1,stationery,stationery,wedding_day,,compound(exact+h.stationery)
invitations + stationery,1,stationery,stationery,wedding_day,,compound(exact+exact)
invitations by,1,stationery,stationery,wedding_day,,exact.stripped
invitations or other stationery,1,stationery,stationery,wedding_day,,h.stationery
invitations signage,1,stationery,signage,wedding_day,,h.signage
invites & stationery,1,stationery,stationery,wedding_day,,compound(exact+exact)
irish pipe band,1,band,band,wedding_day,,h.band
isabella & brendan part ii,1,other,other,wedding_day,,unmatched
ishti collective,1,other,other,wedding_day,,unmatched
isiah’s glasses,1,other,other,wedding_day,,unmatched
it inspired new ways of seeing,1,other,other,wedding_day,,unmatched
it’s all about the details,1,other,other,wedding_day,,unmatched
italian,1,other,other,wedding_day,,unmatched
italian ice,1,other,other,wedding_day,,unmatched
itc is creating something special,1,other,other,wedding_day,,unmatched
j+l catering,1,catering,catering,wedding_day,,compound(h.catering)
jack,1,other,other,wedding_day,,unmatched
jalbelly guzman,1,other,other,wedding_day,,unmatched
january,1,other,other,wedding_day,,unmatched
jazz band,1,band,band,wedding_day,,h.band
jazz quartet,1,other,live_music,wedding_day,,h.live_music
jazz trio,1,other,live_music,wedding_day,,h.live_music
jazzpop w,1,other,other,wedding_day,,unmatched
jean,1,other,other,wedding_day,,unmatched
jeremy bustos,1,other,other,wedding_day,,unmatched
jess & andy,1,other,other,wedding_day,,unmatched
jess & katie’s italian garden,1,other,other,wedding_day,,unmatched
jessica + jake,1,other,other,wedding_day,,unmatched
jewelry and accessories,1,jeweler,jewelry|accessories,wedding_day,,compound(exact+exact)
jewelry by,1,jeweler,jewelry,wedding_day,,exact.stripped
jim’s tux,1,attire,attire,wedding_day,,h.attire
john wick,1,other,other,wedding_day,,unmatched
join us for the next stop,1,other,other,wedding_day,,unmatched
join us for the sfs fundraiser,1,other,other,wedding_day,,unmatched
jonathan + tara at,1,other,other,wedding_day,,unmatched
jordan’s tux,1,attire,attire,wedding_day,,h.attire
jpp studios,1,other,other,wedding_day,,unmatched
julie mikos,1,other,other,wedding_day,,unmatched
jumpsuit,1,attire,other,wedding_day,,unmatched
june,1,other,other,wedding_day,,unmatched
june at bar pendry,1,other,other,wedding_day,,unmatched
just another day of errands,1,other,other,wedding_day,,unmatched
kaityln’s dress,1,attire,attire,wedding_day,,h.attire
karaoke,1,other,other,wedding_day,,unmatched
kathryn & david,1,other,other,wedding_day,,unmatched
katie & ben,1,other,other,wedding_day,,unmatched
katie kett photography,1,photographer,photographer,wedding_day,,h.photographer
kehoe designs,1,other,other,wedding_day,,unmatched
kelly’s jewelry,1,jeweler,jewelry,wedding_day,,h.jewelry
kent drake,1,other,other,wedding_day,,unmatched
kettle corn cart,1,other,other,wedding_day,,unmatched
key grip,1,other,other,wedding_day,,unmatched
key production assistant,1,other,other,wedding_day,,unmatched
khmer outfits,1,attire,attire,wedding_day,,h.attire
kick,1,other,other,wedding_day,,unmatched
kick off the night with our large,1,other,other,wedding_day,,unmatched
kids crafts,1,other,other,wedding_day,,unmatched
kiki & kevin's bridal portraits at,1,attire,other,wedding_day,,unmatched
kirby’s hair,1,hair,hair,wedding_day,,h.hair
klezmer band,1,band,band,wedding_day,,h.band
knafeh,1,other,other,wedding_day,,unmatched
kunafeh & arabic coffee,1,other,desserts,wedding_day,,compound(h.desserts)
l photographer,1,photographer,photographer,wedding_day,,h.photographer
la novia creations,1,other,other,wedding_day,,unmatched
lace signs,1,other,signage,wedding_day,,h.signage
ladies getting ready hotel,1,hotel,accommodations,getting_ready,,h.accommodations.ctx
laine too,1,other,other,wedding_day,,unmatched
lana delmar photography,1,photographer,photographer,wedding_day,,h.photographer
lapiel laser center,1,other,other,wedding_day,,unmatched
lashes courtesy of,1,other,beauty_services,wedding_day,,exact.stripped
last,1,other,other,wedding_day,,unmatched
last night’s epic dance floor by,1,other,lighting_production,wedding_day,,h.lighting.stripped
last photo by,1,photographer,photographer,wedding_day,,h.photographer.stripped
last saturday’s dreamy decor by,1,rentals,decor_other,wedding_day,,h.decor.stripped
last two photos,1,photographer,photographer,wedding_day,,h.photographer
late night catering,1,catering,catering,wedding_day,,h.catering
late night dj,1,dj,dj,wedding_day,,h.dj
late night eats,1,other,other,wedding_day,,unmatched
late night hawaiian food,1,catering,catering,wedding_day,,h.catering
late night polish meat hut,1,other,other,wedding_day,,unmatched
late night venue,1,venue,venue,wedding_day,,h.venue
late snack,1,other,desserts,wedding_day,,h.desserts
le village coworking,1,other,other,wedding_day,,unmatched
lead associate for,1,other,other,wedding_day,,unmatched
lead cinematographer,1,other,videographer,wedding_day,,exact.stripped
lead planner,1,planner,planner,wedding_day,,exact.stripped
lead shoot photographer,1,photographer,photographer,wedding_day,,h.photographer.stripped
leah + aaron,1,other,other,wedding_day,,unmatched
led by,1,other,other,wedding_day,,unmatched
led marquee,1,other,other,wedding_day,,unmatched
lehengas,1,other,other,wedding_day,,unmatched
lemon wine,1,other,bar_service,wedding_day,,h.bar
let the plant,1,other,other,wedding_day,,unmatched
let’s party at,1,other,other,wedding_day,,unmatched
let’s talk about mockups,1,other,other,wedding_day,,unmatched
lettering,1,jeweler,other,wedding_day,,unmatched
letters,1,other,other,wedding_day,,unmatched
libations,1,other,other,wedding_day,,unmatched
life in bloom,1,florist,florist,wedding_day,,h.florist
light and sound,1,other,lighting_production,wedding_day,,compound(exact)
lighting & bar rental,1,rentals,lighting_production|rentals,wedding_day,,compound(exact+exact)
lighting & chandeliers,1,other,lighting_production,wedding_day,,compound(exact)
lighting & design,1,other,lighting_production|event_design,wedding_day,,compound(exact+exact)
lighting & linens,1,rentals,lighting_production|rentals,wedding_day,,compound(exact+exact)
lighting & stage,1,other,lighting_production,wedding_day,,compound(exact+exact)
lighting + dance floor,1,other,lighting_production,wedding_day,,compound(exact+exact)
lighting + dancefloor,1,other,lighting_production,wedding_day,,compound(exact+exact)
lighting + decor,1,rentals,lighting_production|decor_other,wedding_day,,compound(exact+exact)
lighting + technical production,1,other,lighting_production,wedding_day,,compound(exact+h.lighting)
lighting and dance floor,1,other,lighting_production,wedding_day,,compound(exact+exact)
lighting and rigging,1,other,lighting_production,wedding_day,,compound(exact)
lighting and sound,1,other,lighting_production,wedding_day,,compound(exact+exact)
lighting by,1,other,lighting_production,wedding_day,,exact.stripped
lighting designer,1,other,event_design,wedding_day,,h.event_design
lighting draping,1,other,lighting_production,wedding_day,,h.lighting
lighting production + design,1,other,lighting_production|event_design,wedding_day,,compound(h.lighting+exact)
lighting productions & design,1,other,event_design,wedding_day,,compound(exact)
lighting tech,1,other,other,wedding_day,,unmatched
lights and drapery,1,other,lighting_production,wedding_day,,compound(exact+exact)
ligjting,1,other,other,wedding_day,,unmatched
limelight catering,1,catering,catering,wedding_day,,h.catering
limo bus,1,transportation,transportation,wedding_day,,h.transportation
limo or transportation,1,transportation,transportation,wedding_day,,h.transportation
limosine,1,transportation,other,wedding_day,,unmatched
linen & chargers,1,rentals,rentals,wedding_day,,compound(exact+exact)
linen & tableware,1,rentals,rentals,wedding_day,,compound(exact+exact)
linen and light rentals,1,rentals,rentals,wedding_day,,compound(exact+h.rentals)
linen banners + table numbers,1,rentals,signage,wedding_day,,exact
linen guest sign,1,rentals,signage,wedding_day,,h.signage
linen pants,1,rentals,other,wedding_day,,unmatched
linen rental,1,rentals,rentals,wedding_day,,h.rentals
linen signage,1,rentals,signage,wedding_day,,h.signage
linens & placemats,1,rentals,rentals,wedding_day,,compound(exact)
linens + charger rentals,1,rentals,rentals,wedding_day,,compound(exact+h.rentals)
linens + dishware rentals,1,rentals,rentals,wedding_day,,compound(exact+h.rentals)
linens and charger,1,rentals,rentals,wedding_day,,compound(exact)
linens and linen drapery,1,rentals,rentals|lighting_production,wedding_day,,compound(exact+h.lighting)
link in below or drop us a note,1,other,other,wedding_day,,unmatched
lip combo on,1,other,other,wedding_day,,unmatched
lip gloss,1,other,other,wedding_day,,unmatched
lip liner,1,other,other,wedding_day,,unmatched
lip mask,1,other,other,wedding_day,,unmatched
liquid lipstick,1,other,other,wedding_day,,unmatched
lisa + nate,1,other,other,wedding_day,,unmatched
little black book linens,1,rentals,rentals,wedding_day,,h.rentals
little white dresses,1,attire,attire,wedding_day,,h.attire
liv’s engagement + wedding rings,1,jeweler,jewelry,engagement,,compound(exact).ctx
live art,1,other,other,wedding_day,,unmatched
live art international,1,other,other,wedding_day,,unmatched
live banda,1,band,other,wedding_day,,unmatched
live ceremony,1,other,other,ceremony,,unmatched
live coffee,1,other,desserts,wedding_day,,h.desserts
live desserts,1,cake,desserts,wedding_day,,h.desserts
live event painter,1,other,live_painter,wedding_day,,h.live_painter
live guest illustrations,1,other,other,wedding_day,,unmatched
live guest sketches,1,other,other,wedding_day,,unmatched
live kebab,1,other,other,wedding_day,,unmatched
live painter & calligraphy,1,other,live_painter|calligraphy,wedding_day,,compound(exact+exact)
live plants,1,other,other,wedding_day,,unmatched
live portrait atelier,1,other,other,wedding_day,,unmatched
live sketch,1,other,other,wedding_day,,unmatched
live sketch artists,1,other,live_painter,wedding_day,,h.live_painter
live stream,1,other,other,wedding_day,,unmatched
live strings,1,musician,live_music,wedding_day,,h.live_music
live watercolor artist,1,other,live_painter,wedding_day,,h.live_painter
living statues,1,other,other,wedding_day,,unmatched
location & catering,1,catering,venue|catering,wedding_day,,compound(exact+exact)
logo + stationary + signage,1,stationery,stationery|signage,wedding_day,,compound(exact+exact)
lollypalooza at pendry,1,other,other,wedding_day,,unmatched
long,1,other,other,wedding_day,,unmatched
looking for an eco,1,other,other,wedding_day,,unmatched
loose powder,1,other,other,wedding_day,,unmatched
lounge + bar rentals,1,rentals,rentals,wedding_day,,compound(exact+h.rentals)
lounge and bar rentals,1,rentals,rentals,wedding_day,,compound(exact+h.rentals)
lounge rental,1,rentals,rentals,wedding_day,,h.rentals
lounge setup,1,other,other,wedding_day,,unmatched
love is in the air,1,other,other,wedding_day,,unmatched
love these behind,1,other,other,wedding_day,,unmatched
loved how this came together,1,other,other,wedding_day,,unmatched
lovely day for a wedding,1,other,other,wedding_day,,unmatched
loving my new shirts by,1,other,other,wedding_day,,unmatched
lu y pedro,1,other,other,wedding_day,,unmatched
lueur beauti,1,other,other,wedding_day,,unmatched
lunch and sangeet,1,other,catering,sangeet_mehndi,,compound(h.catering)
luniks entertainment,1,dj,dj,wedding_day,,h.dj
luscious pre,1,other,other,wedding_day,,unmatched
luxe photobooth,1,photobooth,photo_booth,wedding_day,,h.photo_booth
luxury photo booth,1,photobooth,photo_booth,wedding_day,,h.photo_booth
luxury restroom trailer,1,other,other,wedding_day,,unmatched
luxury travel concierge,1,other,other,wedding_day,,unmatched
lynn’s dress,1,attire,attire,wedding_day,,h.attire
m&h,1,other,other,wedding_day,,unmatched
macaron tower,1,other,other,wedding_day,,unmatched
maddie’s wedding ring,1,jeweler,jewelry,wedding_day,,h.jewelry
made with,1,other,other,wedding_day,,unmatched
mahjong with,1,other,other,wedding_day,,unmatched
main videography,1,videographer,videographer,wedding_day,,exact.stripped
major shoutout to,1,other,other,wedding_day,,unmatched
major throwback alert,1,other,other,wedding_day,,unmatched
make this your next purchase tonight,1,other,other,wedding_day,,unmatched
make up by,1,other,makeup,wedding_day,,exact.stripped
make up for,1,other,makeup,wedding_day,,exact.stripped
make up with,1,other,other,wedding_day,,unmatched
make your own pancake station by,1,cake,other,wedding_day,,unmatched
make your wedding day perfect,1,other,other,wedding_day,,unmatched
makeup & hair by,1,hair,hair|makeup,wedding_day,,exact.stripped
makeup & hair by me,1,hair,hair|makeup,wedding_day,,exact.stripped
makeup & hairstyle,1,hair,makeup|hair,wedding_day,,compound(exact+exact)
makeup & video,1,videographer,makeup|videographer,wedding_day,,compound(exact+exact)
makeup + photo,1,photographer,makeup|photographer,wedding_day,,compound(exact+exact)
makeup arte,1,makeup,other,wedding_day,,unmatched
makeup by alisa,1,makeup,makeup,wedding_day,,exact.stripped
makeup by kat,1,makeup,makeup,wedding_day,,exact.stripped
makeup by the lovely,1,makeup,makeup,wedding_day,,exact.stripped
makeup done by yours truly,1,makeup,other,wedding_day,,unmatched
makeup for,1,makeup,makeup,wedding_day,,exact.stripped
makeup hair,1,hair,hair,wedding_day,,h.hair
makeup lexi,1,makeup,other,wedding_day,,unmatched
makeup stylist,1,makeup,event_design,wedding_day,,h.event_design
makeup touch up bar,1,makeup,bar_service,wedding_day,,h.bar
makeupartist,1,makeup,makeup,wedding_day,,exact
male model,1,other,other,wedding_day,,unmatched
managing production,1,other,lighting_production,wedding_day,,h.lighting
mandap furniture,1,other,rentals,wedding_day,,h.rentals
manicure,1,other,other,wedding_day,,unmatched
maps,1,other,other,wedding_day,,unmatched
maria & greg's beautiful wedding at,1,other,other,wedding_day,,unmatched
marina + david,1,other,other,wedding_day,,unmatched
marketing director,1,other,other,wedding_day,,unmatched
marquee,1,other,tent,wedding_day,,exact
marquee lighting,1,other,lighting_production,wedding_day,,h.lighting
marquee rental,1,rentals,rentals,wedding_day,,h.rentals
marrier attire,1,attire,attire,wedding_day,,h.attire
mary,1,other,other,wedding_day,,unmatched
mascara,1,other,other,wedding_day,,unmatched
mason’s suit,1,attire,attire,wedding_day,,h.attire
massages,1,other,other,wedding_day,,unmatched
matchbooks,1,other,other,wedding_day,,unmatched
matron's dress,1,attire,attire,wedding_day,,h.attire
mau,1,other,other,wedding_day,,unmatched
mdm entertainment,1,dj,dj,wedding_day,,h.dj
meaningful captures courtesy of,1,other,other,wedding_day,,unmatched
meat hut,1,other,other,wedding_day,,unmatched
media wall art,1,other,other,wedding_day,,unmatched
mediterranean sweets,1,other,desserts,wedding_day,,exact.stripped
medspa services,1,other,other,wedding_day,,unmatched
meet ovation,1,other,other,wedding_day,,unmatched
meeting planners int’l event,1,planner,other,wedding_day,,unmatched
megan + sarah,1,other,other,wedding_day,,unmatched
mehndi bar,1,other,bar_service,sangeet_mehndi,,exact.ctx
mehndi catering,1,catering,catering,sangeet_mehndi,,exact.ctx
mehndi day mua,1,beauty_other,makeup,sangeet_mehndi,,h.makeup.ctx
mehndi dj,1,dj,dj,sangeet_mehndi,,exact.ctx
mehndi emcee,1,other,mc,sangeet_mehndi,,exact.ctx
mehndi henna,1,other,beauty_services,sangeet_mehndi,,exact.ctx
mehndi makeup,1,makeup,makeup,sangeet_mehndi,,exact.ctx
mehndi mc,1,other,mc,sangeet_mehndi,,exact.ctx
mehndi outfit,1,attire,attire,sangeet_mehndi,,exact.ctx
mehndi sangeet welcome party,1,other,other,welcome_party,,unmatched
mehndi venue,1,other,venue,sangeet_mehndi,,phase_venue.modifier
member feature,1,other,other,wedding_day,,unmatched
membership chair,1,hair,rentals,wedding_day,,h.rentals
men's attire,1,attire,attire,wedding_day,,exact
men’s tux,1,attire,attire,wedding_day,,h.attire
mendhi artist,1,other,beauty_services,wedding_day,,exact
mensweare,1,attire,other,wedding_day,,unmatched
mentalist,1,other,other,wedding_day,,unmatched
mentalist entertainer,1,other,entertainment_other,wedding_day,,h.entertainment_other
menu printing,1,other,stationery,wedding_day,,h.stationery
menus & stationery,1,stationery,stationery,wedding_day,,compound(exact+exact)
meredith’s dress,1,attire,attire,wedding_day,,h.attire
message me directly,1,other,other,wedding_day,,unmatched
meteorologist,1,other,other,wedding_day,,unmatched
mia &,1,other,other,wedding_day,,unmatched
micellar water,1,other,other,wedding_day,,unmatched
michael’s suit,1,attire,attire,wedding_day,,h.attire
michelle dupretti events,1,other,other,wedding_day,,unmatched
mike d chicago,1,other,other,wedding_day,,unmatched
mini,1,other,noise,wedding_day,,noise
mini charcuterie,1,other,other,wedding_day,,unmatched
mini pancakes,1,cake,other,wedding_day,,unmatched
mini wedding cakes,1,cake,cake,wedding_day,,h.cake
mira couture,1,other,other,wedding_day,,unmatched
miriam’s stunning bouquet by,1,other,florist,wedding_day,,h.florist.stripped
mise en place & table rental,1,rentals,rentals,wedding_day,,compound(h.rentals)
mixing + mastering,1,jeweler,other,wedding_day,,unmatched
mixologists,1,other,other,wedding_day,,unmatched
mob dress,1,attire,attire,wedding_day,,h.attire
mobile beverage cart,1,other,other,wedding_day,,unmatched
mobile beverage service,1,other,other,wedding_day,,unmatched
mocktail mixology,1,other,bar_service,wedding_day,,h.bar
mocktails & coffee bar,1,other,bar_service,wedding_day,,compound(exact+h.bar)
mocktails provided by,1,other,other,wedding_day,,unmatched
model and creative director,1,other,event_design,wedding_day,,compound(exact)
model dog,1,other,other,wedding_day,,unmatched
model is,1,other,other,wedding_day,,unmatched
model makeup & hair,1,hair,makeup|hair,wedding_day,,compound(h.makeup+exact)
modern & clean,1,other,other,wedding_day,,unmatched
modern bridal minimalism,1,attire,other,wedding_day,,unmatched
modern luxury,1,other,other,wedding_day,,unmatched
modern luxury weddings chicago fall,1,other,other,wedding_day,,unmatched
modern south asian bridal beauty,1,beauty_other,other,wedding_day,,unmatched
moira + andrew,1,other,other,wedding_day,,unmatched
molly,1,other,other,wedding_day,,unmatched
mom and moh hair & makeup,1,hair,hair|makeup,wedding_day,,compound(h.hair+exact)
moments from becky + ryan,1,other,other,wedding_day,,unmatched
moments made softer with,1,other,other,wedding_day,,unmatched
momentum,1,other,other,wedding_day,,unmatched
moody engagement photos,1,photographer,photographer,engagement,,h.photographer.ctx
moonhouse productions,1,other,other,wedding_day,,unmatched
moose nanny,1,other,childcare,wedding_day,,h.childcare
morning catering,1,catering,catering,wedding_day,,h.catering
mostly film all scanned by,1,videographer,other,wedding_day,,unmatched
mother of bride dress,1,attire,attire,wedding_day,,h.attire
mother of the wedding gown,1,attire,attire,wedding_day,,h.attire
mother’s day minis at le loft,1,other,other,wedding_day,,unmatched
motion picture process + scan,1,other,other,wedding_day,,unmatched
mua kasha with,1,beauty_other,other,wedding_day,,unmatched
muah guest couples,1,beauty_other,other,wedding_day,,unmatched
muh,1,other,other,wedding_day,,unmatched
muha,1,other,other,wedding_day,,unmatched
museum,1,other,other,wedding_day,,unmatched
music & av,1,musician,live_music|lighting_production,wedding_day,,compound(exact+exact)
music & immersive entertainment,1,dj,live_music|dj,wedding_day,,compound(exact+h.dj)
music + lighting,1,musician,live_music|lighting_production,wedding_day,,compound(exact+exact)
music and light,1,musician,live_music,wedding_day,,compound(exact)
music band,1,band,band,wedding_day,,h.band
musical talent with,1,musician,other,wedding_day,,unmatched
my amazing second photographer,1,photographer,second_shooter,wedding_day,,h.second_shooter.stripped
my blushing bride makeup for,1,makeup,makeup,wedding_day,,h.makeup.stripped
my fast,1,other,other,wedding_day,,unmatched
my first ever nybfw,1,other,other,wedding_day,,unmatched
my new fave palette,1,other,other,wedding_day,,unmatched
nail design,1,other,event_design,wedding_day,,h.event_design
nails & model,1,other,beauty_services,wedding_day,,compound(exact)
napkin rentals,1,rentals,rentals,wedding_day,,h.rentals
napkin ring rentals,1,rentals,rentals,wedding_day,,h.rentals
natalie probst photography,1,photographer,photographer,wedding_day,,h.photographer
nate tux,1,attire,attire,wedding_day,,h.attire
nate's shoes,1,attire,accessories,wedding_day,,h.accessories
nearly one,1,other,other,wedding_day,,unmatched
negroni week,1,other,other,wedding_day,,unmatched
neon,1,other,other,wedding_day,,unmatched
neon sign,1,other,signage,wedding_day,,h.signage
newspaper,1,stationery,other,wedding_day,,unmatched
next up in newlywed news,1,other,other,wedding_day,,unmatched
nfp,1,other,other,wedding_day,,unmatched
nicole bijou,1,other,other,wedding_day,,unmatched
nicole mitchell flute,1,other,other,wedding_day,,unmatched
night before catering,1,catering,catering,wedding_day,,h.catering
night before cigar bar,1,other,bar_service,wedding_day,,h.bar
night before dinner bar,1,catering,bar_service,wedding_day,,h.bar
night snacks,1,other,desserts,wedding_day,,h.desserts
night time espresso service,1,other,other,wedding_day,,unmatched
nikkah day signage,1,other,signage,sangeet_mehndi,,h.signage.ctx
nikkah makeup,1,makeup,makeup,sangeet_mehndi,,exact.ctx
nikkah mua,1,beauty_other,makeup,sangeet_mehndi,,exact.ctx
nikkah outfit,1,attire,attire,sangeet_mehndi,,exact.ctx
nikkah venue,1,venue,venue,sangeet_mehndi,,phase_venue.modifier
nikosflowerdesigns,1,florist,other,wedding_day,,unmatched
no one sets the mood like,1,other,other,wedding_day,,unmatched
non profit organization,1,other,other,wedding_day,,unmatched
nora’s dress,1,attire,attire,wedding_day,,h.attire
not pictured,1,other,other,wedding_day,,unmatched
not surprised to see it featured in,1,other,other,wedding_day,,unmatched
note,1,other,other,wedding_day,,unmatched
nothing better then golden hour,1,other,other,wedding_day,,unmatched
notification of decisions,1,other,other,wedding_day,,unmatched
nouvelle events,1,other,other,wedding_day,,unmatched
nuage linens,1,rentals,rentals,wedding_day,,h.rentals
nuptial mass,1,other,other,wedding_day,,unmatched
off to date night,1,other,other,wedding_day,,unmatched
officiants,1,officiant,other,wedding_day,,unmatched
oh and also,1,other,other,wedding_day,,unmatched
oh my,1,other,other,wedding_day,,unmatched
ohana events inc,1,other,other,wedding_day,,unmatched
ok wait,1,other,other,wedding_day,,unmatched
old north film co,1,videographer,other,wedding_day,,unmatched
olive you nanny agency,1,other,other,wedding_day,,unmatched
one way paris is like chicago,1,other,other,wedding_day,,unmatched
one word to describe this,1,other,other,wedding_day,,unmatched
online,1,other,other,wedding_day,,unmatched
onsite artist,1,other,live_painter,wedding_day,,h.live_painter
opera pumps,1,other,other,wedding_day,,unmatched
operator,1,other,other,wedding_day,,unmatched
or contact us at sales,1,other,other,wedding_day,,unmatched
orchestra,1,other,other,wedding_day,,unmatched
other rentals,1,rentals,rentals,wedding_day,,h.rentals
our ann arbor,1,other,other,wedding_day,,unmatched
our beautiful,1,other,other,wedding_day,,unmatched
our favorite cookies gifted by,1,other,other,wedding_day,,unmatched
our favorite kind of delivery,1,other,other,wedding_day,,unmatched
our hotel's award,1,hotel,other,wedding_day,,unmatched
our modern mexican,1,other,other,wedding_day,,unmatched
our on,1,other,other,wedding_day,,unmatched
our second,1,other,other,wedding_day,,unmatched
our smoked salmon mille,1,other,other,wedding_day,,unmatched
our team was honored to co,1,other,other,wedding_day,,unmatched
ovation,1,other,other,wedding_day,,unmatched
overflow stay,1,florist,accommodations,wedding_day,,h.accommodations
oysters,1,other,other,wedding_day,,unmatched
pa,1,other,other,wedding_day,,unmatched
paan,1,other,other,wedding_day,,unmatched
paan station,1,other,other,wedding_day,,unmatched
packed dance floor by,1,other,lighting_production,wedding_day,,h.lighting.stripped
padma shankar violin and vocals,1,other,live_music,wedding_day,,compound(h.live_music)
paebaek set up by,1,other,other,wedding_day,,unmatched
painted backdrop,1,other,decor_other,wedding_day,,h.decor
painting,1,other,live_painter,wedding_day,,h.live_painter
paletas,1,other,other,wedding_day,,unmatched
pancakes,1,cake,other,wedding_day,,unmatched
panning,1,other,other,wedding_day,,unmatched
pants,1,other,other,wedding_day,,unmatched
paper & invitation design,1,stationery,stationery,wedding_day,,compound(exact+exact)
paper butterflies,1,stationery,other,wedding_day,,unmatched
paper design,1,stationery,event_design,wedding_day,,h.event_design
paper goods by,1,stationery,stationery,wedding_day,,exact.stripped
paperie & illustrations,1,stationery,stationery,wedding_day,,compound(h.stationery)
papers and details styling,1,stationery,event_design,wedding_day,,compound(h.event_design)
paramount events,1,other,other,wedding_day,,unmatched
parent transportation,1,transportation,transportation,wedding_day,,h.transportation
party,1,other,other,wedding_day,,unmatched
party dress & accessories,1,attire,attire|accessories,wedding_day,,compound(h.attire+exact)
party dress designer,1,attire,event_design,wedding_day,,h.event_design
party makeup by,1,makeup,makeup,wedding_day,,h.makeup.stripped
party planner,1,planner,planner,wedding_day,,h.planner
party setup &av,1,other,lighting_production,wedding_day,,compound(exact)
party supplies,1,other,other,wedding_day,,unmatched
party supplies & rentals l,1,rentals,other,wedding_day,,unmatched
party transportation,1,transportation,transportation,wedding_day,,h.transportation
passed catering,1,catering,catering,wedding_day,,h.catering
pastry,1,other,desserts,wedding_day,,h.desserts
patisserie,1,other,other,wedding_day,,unmatched
patisserie bar,1,other,bar_service,wedding_day,,h.bar
patrice’s dress,1,attire,attire,wedding_day,,h.attire
paws x pendry,1,other,other,wedding_day,,unmatched
payment partner,1,other,other,wedding_day,,unmatched
pearl hair pins,1,hair,other,wedding_day,,unmatched
pennie & greg’s elegant wedding at,1,other,other,wedding_day,,unmatched
percussion,1,other,other,wedding_day,,unmatched
percussionist,1,other,other,wedding_day,,unmatched
perfect setting made by,1,other,other,wedding_day,,unmatched
performance residency,1,other,other,wedding_day,,unmatched
performance sanati,1,other,other,wedding_day,,unmatched
perfume,1,other,other,wedding_day,,unmatched
permanent bracelets,1,other,other,wedding_day,,unmatched
persian ceremony,1,other,other,ceremony,,unmatched
persian ceremony decor and photowall,1,photographer,decor_other,ceremony,,compound(h.decor).ctx
personal florals & installation,1,florist,florist|decor_other,wedding_day,,compound(h.florist+h.decor)
personal vows before ceremony,1,other,other,ceremony,,unmatched
pet service,1,other,pet_attendant,wedding_day,,h.pet
pet services,1,other,other,wedding_day,,unmatched
pet sitter,1,other,pet_attendant,wedding_day,,h.pet
phone book,1,other,other,wedding_day,,unmatched
phone both,1,other,other,wedding_day,,unmatched
phone case,1,other,other,wedding_day,,unmatched
phone guest book,1,other,guest_book,wedding_day,,exact
phot,1,other,other,wedding_day,,unmatched
photo & content,1,photographer,photographer|content_creator,wedding_day,,compound(exact+exact)
photo & video by,1,photographer,photographer|videographer,wedding_day,,exact.stripped
photo + photobooth,1,photobooth,photographer|photo_booth,wedding_day,,compound(exact+exact)
photo + video + content,1,photographer,photographer|videographer|content_creator,wedding_day,,compound(exact+exact+exact)
photo assistant + content,1,photographer,second_shooter|content_creator,wedding_day,,compound(exact+exact)
photo booth experience,1,photobooth,other,wedding_day,,unmatched
photo booth rental,1,photobooth,rentals,wedding_day,,h.rentals
photo booth time,1,photobooth,other,wedding_day,,unmatched
photo by eva ho photography,1,photographer,photographer,wedding_day,,exact.stripped
photo by my incredible mother,1,photographer,photographer,wedding_day,,exact.stripped
photo credit to,1,photographer,photographer,wedding_day,,exact.stripped
photo credits to,1,photographer,photographer,wedding_day,,exact.stripped
photo creds,1,photographer,other,wedding_day,,unmatched
photo l,1,photographer,other,wedding_day,,unmatched
photo nikkah,1,photographer,photographer,sangeet_mehndi,,exact.ctx
photo of drinks,1,photographer,bar_service,wedding_day,,h.bar
photo shaadi,1,photographer,other,wedding_day,,unmatched
photo shoot place,1,photographer,other,wedding_day,,unmatched
photo studio,1,photographer,other,wedding_day,,unmatched
photo styling,1,photographer,event_design,wedding_day,,h.event_design
photo valima,1,photographer,other,wedding_day,,unmatched
photo video & photo booth,1,photobooth,videographer|photo_booth,wedding_day,,compound(h.videographer+exact)
photo&video,1,photographer,photographer|videographer,wedding_day,,compound(exact+exact)
photo+vid,1,photographer,photographer,wedding_day,,compound(exact)
photoagrapher,1,photographer,other,wedding_day,,unmatched
photobooth & glambot,1,photobooth,photo_booth,wedding_day,,compound(exact)
photobooth + catering,1,photobooth,photo_booth|catering,wedding_day,,compound(exact+exact)
photobooth saturday,1,photobooth,other,wedding_day,,unmatched
photogragraphy,1,photographer,other,wedding_day,,unmatched
photograher,1,photographer,other,wedding_day,,unmatched
photograoher,1,photographer,other,wedding_day,,unmatched
photographed,1,photographer,other,wedding_day,,unmatched
photographed as an associate for,1,photographer,other,wedding_day,,unmatched
photographed at,1,photographer,other,wedding_day,,unmatched
photographer & cinema,1,photographer,photographer|videographer,wedding_day,,compound(exact+exact)
photographer & content,1,photographer,photographer|content_creator,wedding_day,,compound(exact+exact)
photographer & cover photo,1,photographer,photographer,wedding_day,,compound(exact+exact)
photographer & photobooth,1,photobooth,photographer|photo_booth,wedding_day,,compound(exact+exact)
photographer & photobooth services,1,photobooth,photographer,wedding_day,,compound(exact)
photographer &videographer,1,photographer,photographer|videographer,wedding_day,,compound(exact+exact)
photographer + cover image,1,photographer,photographer,wedding_day,,compound(exact)
photographer + video,1,photographer,photographer|videographer,wedding_day,,compound(exact+exact)
photographer anna bye,1,photographer,other,wedding_day,,unmatched
photographer credits,1,photographer,noise,wedding_day,,noise
photographer jasmine oliver,1,photographer,other,wedding_day,,unmatched
photographer jeremy bustos,1,photographer,other,wedding_day,,unmatched
photographer tyler for,1,photographer,other,wedding_day,,unmatched
photographer videographer,1,photographer,videographer,wedding_day,,h.videographer
photographer x filmmaker,1,photographer,videographer,wedding_day,,h.videographer
photographer yours truly,1,photographer,other,wedding_day,,unmatched
photography & content,1,photographer,photographer|content_creator,wedding_day,,compound(exact+exact)
photography & cover photo,1,photographer,photographer,wedding_day,,compound(exact+exact)
photography & drone image,1,photographer,photographer,wedding_day,,compound(exact)
photography & film,1,photographer,photographer|videographer,wedding_day,,compound(exact+exact)
photography & photo booth,1,photobooth,photographer|photo_booth,wedding_day,,compound(exact+exact)
photography & planning,1,planner,photographer|planner,wedding_day,,compound(exact+exact)
photography + content creation,1,photographer,photographer|content_creator,wedding_day,,compound(exact+exact)
photography + cover photo,1,photographer,photographer,wedding_day,,compound(exact+exact)
photography + drone,1,photographer,photographer|drone,wedding_day,,compound(exact+exact)
photography by cage and aquarium,1,photographer,photographer,wedding_day,,exact.stripped
photography credit,1,photographer,photographer,wedding_day,,exact.stripped
photography director,1,photographer,other,wedding_day,,unmatched
photography for,1,photographer,photographer,wedding_day,,exact.stripped
photography keila,1,photographer,other,wedding_day,,unmatched
photography mehndi,1,photographer,photographer,sangeet_mehndi,,exact.ctx
photography second shooter,1,photographer,second_shooter,wedding_day,,h.second_shooter
photograpy,1,photographer,other,wedding_day,,unmatched
photogropher,1,photographer,other,wedding_day,,unmatched
photogrpahy,1,photographer,other,wedding_day,,unmatched
photogrphy,1,photographer,other,wedding_day,,unmatched
photogs,1,photographer,other,wedding_day,,unmatched
photos and videos,1,photographer,photographer,wedding_day,,compound(exact)
photos by gwa member,1,photographer,photographer,wedding_day,,exact.stripped
photos by talented,1,photographer,photographer,wedding_day,,exact.stripped
photos by the super talented,1,photographer,photographer,wedding_day,,exact.stripped
photos by yours truly,1,photographer,photographer,wedding_day,,exact.stripped
photos captured & edited by,1,photographer,album_editing,wedding_day,,compound(exact)
photos captured by,1,photographer,other,wedding_day,,unmatched
photos courtesy of,1,photographer,photographer,wedding_day,,exact.stripped
photos edited by,1,photographer,other,wedding_day,,unmatched
photos from the talented,1,photographer,photographer,wedding_day,,exact.stripped
photos from work in team with,1,photographer,photographer,wedding_day,,exact.stripped
photos of erin & marian by,1,photographer,other,wedding_day,,unmatched
photos of isabella & trae by,1,photographer,other,wedding_day,,unmatched
photos of rachel & ghengis by,1,photographer,other,wedding_day,,unmatched
photos posted,1,photographer,other,wedding_day,,unmatched
photos shown here captured by,1,photographer,other,wedding_day,,unmatched
photos taken by the fabulous,1,photographer,other,wedding_day,,unmatched
photos taken while assisting,1,photographer,other,wedding_day,,unmatched
photos taken while working for,1,photographer,other,wedding_day,,unmatched
photoshoot done by,1,photographer,other,wedding_day,,unmatched
photoshoot location,1,photographer,venue,wedding_day,,h.venue
photoshoot place,1,photographer,other,wedding_day,,unmatched
phototgrapher,1,photographer,other,wedding_day,,unmatched
phototography,1,photographer,other,wedding_day,,unmatched
photpgraphy,1,other,other,wedding_day,,unmatched
pictures,1,other,other,wedding_day,,unmatched
pictures by the talented,1,other,other,wedding_day,,unmatched
pieces,1,other,other,wedding_day,,unmatched
pilates & pour,1,other,other,wedding_day,,unmatched
pillars design inspired by,1,other,other,wedding_day,,unmatched
pin spotting,1,other,other,wedding_day,,unmatched
pipe & drape,1,other,other,wedding_day,,unmatched
pizza,1,other,other,wedding_day,,unmatched
pizza & vibes,1,other,other,wedding_day,,unmatched
pjs,1,other,other,wedding_day,,unmatched
placemats,1,other,other,wedding_day,,unmatched
placesetting,1,other,other,wedding_day,,unmatched
planet chambo is sponsored by,1,other,other,wedding_day,,unmatched
planing,1,other,other,wedding_day,,unmatched
planned and by stephanie,1,planner,other,wedding_day,,unmatched
planned and executed by,1,planner,other,wedding_day,,unmatched
planner & bride,1,planner,planner,wedding_day,,compound(exact)
planner & designer & stationery,1,planner,planner|event_design|stationery,wedding_day,,compound(exact+exact+exact)
planner & floral,1,planner,planner|florist,wedding_day,,compound(exact+exact)
planner & photobooth,1,photobooth,planner|photo_booth,wedding_day,,compound(exact+exact)
planner & stylist,1,planner,planner|event_design,wedding_day,,compound(exact+exact)
planner + floral + designer,1,planner,planner|florist|event_design,wedding_day,,compound(exact+exact+exact)
planner + florals,1,planner,planner|florist,wedding_day,,compound(exact+exact)
planner + styling,1,planner,planner|event_design,wedding_day,,compound(exact+exact)
planner alyssa,1,planner,other,wedding_day,,unmatched
planner chrissy magliano,1,planner,other,wedding_day,,unmatched
planner frank andonoplas,1,planner,other,wedding_day,,unmatched
planner giovanna danno,1,planner,other,wedding_day,,unmatched
planner incredible,1,planner,other,wedding_day,,unmatched
planner jenny bartkus,1,planner,other,wedding_day,,unmatched
planner jesse deckard,1,planner,other,wedding_day,,unmatched
planner johnna neilson,1,planner,other,wedding_day,,unmatched
planner katie goggin,1,planner,other,wedding_day,,unmatched
planner lauren knuepfer rozum,1,planner,other,wedding_day,,unmatched
planner rupal patel,1,planner,other,wedding_day,,unmatched
planner shaun rajah,1,planner,other,wedding_day,,unmatched
planner support,1,planner,other,wedding_day,,unmatched
planning & coordinating,1,planner,planner,wedding_day,,compound(exact)
planning & event design,1,planner,planner|event_design,wedding_day,,compound(exact+exact)
planning & event management,1,planner,planner,wedding_day,,compound(exact)
planning & execution,1,planner,planner,wedding_day,,compound(exact)
planning & mobile bar,1,planner,planner|bar_service,wedding_day,,compound(exact+exact)
planning & photo,1,planner,planner|photographer,wedding_day,,compound(exact+exact)
planning & styling,1,planner,planner|event_design,wedding_day,,compound(exact+exact)
planning + design + styling,1,planner,planner|event_design,wedding_day,,compound(exact+exact+exact)
planning + floral,1,planner,planner|florist,wedding_day,,compound(exact+exact)
planning ahead has its perks at,1,planner,other,wedding_day,,unmatched
planning and catering,1,planner,planner|catering,wedding_day,,compound(exact+exact)
planning and floral,1,planner,planner|florist,wedding_day,,compound(exact+exact)
planning and signage,1,planner,planner|signage,wedding_day,,compound(exact+exact)
planning by the incredible,1,planner,planner,wedding_day,,exact.stripped
planning emma with,1,planner,other,wedding_day,,unmatched
planning from,1,planner,planner,wedding_day,,exact.stripped
planning guidance,1,planner,other,wedding_day,,unmatched
planning services,1,planner,other,wedding_day,,unmatched
plant nursery,1,other,other,wedding_day,,unmatched
plant rentals,1,rentals,rentals,wedding_day,,h.rentals
plants,1,other,other,wedding_day,,unmatched
podcast host,1,other,other,wedding_day,,unmatched
polish charcuterie,1,other,other,wedding_day,,unmatched
popsicles,1,other,other,wedding_day,,unmatched
portrait bar,1,other,bar_service,wedding_day,,h.bar
portrait by my friend,1,other,other,wedding_day,,unmatched
portrait experience,1,other,other,wedding_day,,unmatched
portrait studio,1,other,other,wedding_day,,unmatched
portrait venue,1,venue,venue,wedding_day,,h.venue
portraits of your personal palace,1,other,other,wedding_day,,unmatched
post inspo,1,other,other,wedding_day,,unmatched
post wedding session hotel,1,hotel,accommodations,wedding_day,,h.accommodations
pots,1,other,other,wedding_day,,unmatched
powder blush,1,other,other,wedding_day,,unmatched
power,1,other,other,wedding_day,,unmatched
pr agency,1,other,other,wedding_day,,unmatched
pre wedding services,1,other,other,wedding_day,,unmatched
pre wedding venue,1,venue,venue,wedding_day,,h.venue
prep location,1,other,venue,getting_ready,,phase_venue.modifier
prep venue,1,venue,venue,getting_ready,,phase_venue.modifier
preparation and portraits,1,other,photographer,wedding_day,,compound(exact)
presented in collaboration with,1,other,other,wedding_day,,unmatched
presenting sponsor,1,other,other,wedding_day,,unmatched
presenting the gilberts,1,other,other,wedding_day,,unmatched
presenting the larsons,1,other,other,wedding_day,,unmatched
presenting the lonetrees,1,other,other,wedding_day,,unmatched
presenting the mccalebs,1,other,other,wedding_day,,unmatched
presenting the mcgraths,1,other,other,wedding_day,,unmatched
preservation of bouquet,1,other,florist,wedding_day,,h.florist
pressed powder,1,other,other,wedding_day,,unmatched
pretty paper design,1,stationery,event_design,wedding_day,,h.event_design
prewedding venue,1,venue,venue,wedding_day,,h.venue
priest,1,other,officiant,wedding_day,,exact
princess,1,other,other,wedding_day,,unmatched
printed items & invitations,1,stationery,stationery,wedding_day,,compound(exact+exact)
printed material and signs,1,other,signage,wedding_day,,compound(h.signage)
private car service,1,other,other,wedding_day,,unmatched
private residence,1,other,other,wedding_day,,unmatched
production & dj,1,dj,lighting_production|dj,wedding_day,,compound(exact+exact)
production & florals,1,florist,lighting_production|florist,wedding_day,,compound(exact+exact)
production and decor,1,rentals,lighting_production|decor_other,wedding_day,,compound(exact+exact)
production and fabrication support,1,other,lighting_production,wedding_day,,compound(exact)
production and lighting,1,other,lighting_production,wedding_day,,compound(exact+exact)
production and vogue photobooth,1,photobooth,lighting_production|photo_booth,wedding_day,,compound(exact+h.photo_booth)
production by,1,other,lighting_production,wedding_day,,exact.stripped
production company,1,other,other,wedding_day,,unmatched
production design,1,other,event_design,wedding_day,,h.event_design
production designer,1,other,event_design,wedding_day,,h.event_design
production rentals,1,rentals,rentals,wedding_day,,h.rentals
production sound & lighting,1,other,lighting_production,wedding_day,,compound(h.lighting+exact)
professional trader,1,other,other,wedding_day,,unmatched
program,1,other,stationery,wedding_day,,h.stationery
programs chair,1,hair,rentals,wedding_day,,h.rentals
projectors & screens,1,other,other,wedding_day,,unmatched
promoter,1,other,other,wedding_day,,unmatched
pronovias,1,other,other,wedding_day,,unmatched
prosecco provided by,1,other,other,wedding_day,,unmatched
proud of this one featured in,1,other,other,wedding_day,,unmatched
public relations,1,other,other,wedding_day,,unmatched
publicist,1,other,other,wedding_day,,unmatched
published by,1,other,other,wedding_day,,unmatched
published in,1,other,press_feature,wedding_day,,press
publisher & concept,1,other,event_design,wedding_day,,compound(exact)
pull tabs,1,other,other,wedding_day,,unmatched
pups,1,other,other,wedding_day,,unmatched
pups caretakers,1,other,other,wedding_day,,unmatched
purse & shoes,1,attire,accessories,wedding_day,,compound(exact)
pushpachitra by,1,other,other,wedding_day,,unmatched
r&r logo,1,other,other,wedding_day,,unmatched
rachael + billy,1,other,other,wedding_day,,unmatched
rachel + austin,1,other,other,wedding_day,,unmatched
rachel + david wedding,1,other,other,wedding_day,,unmatched
rankings per,1,other,other,wedding_day,,unmatched
ravichandra kulur flute,1,other,other,wedding_day,,unmatched
raw bar ice,1,other,other,wedding_day,,unmatched
reach out for details at info,1,other,other,wedding_day,,unmatched
rebecca & kathryn stylist,1,other,event_design,wedding_day,,compound(h.event_design)
rebekah,1,other,other,wedding_day,,unmatched
recent work for,1,other,other,wedding_day,,unmatched
reception & accomodations,1,other,accommodations,reception,,h.accommodations.ctx
reception attire,1,attire,attire,reception,,exact.ctx
reception caterer,1,catering,catering,reception,,exact.ctx
reception day mua,1,beauty_other,makeup,reception,,h.makeup.ctx
reception florals,1,florist,florist,reception,,exact.ctx
reception florist,1,florist,florist,reception,,exact.ctx
reception food,1,catering,catering,reception,,exact.ctx
reception lighting,1,other,lighting_production,reception,,exact.ctx
reception live painter,1,other,live_painter,reception,,exact.ctx
reception lwd,1,other,other,reception,,unmatched
reception makeup,1,makeup,makeup,reception,,exact.ctx
reception outfit,1,attire,attire,reception,,exact.ctx
reception portrait studio,1,other,other,reception,,unmatched
reception shoes,1,attire,accessories,reception,,exact.ctx
reception signage,1,other,signage,reception,,exact.ctx
reception singer,1,other,live_music,reception,,exact.ctx
reception site,1,other,venue,reception,,phase_venue.modifier
reel by,1,other,videographer,wedding_day,,exact
reel creator,1,other,other,wedding_day,,unmatched
reel song,1,other,other,wedding_day,,unmatched
refining the industrial,1,other,other,wedding_day,,unmatched
rehearsal dinner + welcome event,1,catering,catering,rehearsal_dinner,,compound(h.catering)
rehearsal dinner + welcome reception,1,catering,catering,rehearsal_dinner,,compound(h.catering)
rehearsal dress,1,attire,attire,rehearsal_dinner,,exact.ctx
rehearsal makeup,1,makeup,makeup,rehearsal_dinner,,exact.ctx
removals + clean ups,1,other,other,wedding_day,,unmatched
rental decor,1,rentals,decor_other,wedding_day,,h.decor
rentals & catering,1,catering,rentals|catering,wedding_day,,compound(exact+exact)
rentals & chairs,1,hair,rentals,wedding_day,,compound(exact+exact)
rentals & custom designs,1,rentals,rentals,wedding_day,,compound(exact)
rentals & design,1,rentals,rentals|event_design,wedding_day,,compound(exact+exact)
rentals & furnishings,1,rentals,rentals,wedding_day,,compound(exact)
rentals & lighting,1,rentals,rentals|lighting_production,wedding_day,,compound(exact+exact)
rentals & production,1,rentals,rentals|lighting_production,wedding_day,,compound(exact+exact)
rentals + draping,1,rentals,rentals|lighting_production,wedding_day,,compound(exact+exact)
rentals + photobooth,1,photobooth,rentals|photo_booth,wedding_day,,compound(exact+exact)
rentals and linen,1,rentals,rentals,wedding_day,,compound(exact+exact)
rentals by,1,rentals,rentals,wedding_day,,exact.stripped
rentals from,1,rentals,rentals,wedding_day,,exact.stripped
reposting from,1,other,other,wedding_day,,unmatched
reserve your spot via,1,other,other,wedding_day,,unmatched
restroom trailer,1,other,other,wedding_day,,unmatched
retailer,1,other,other,wedding_day,,unmatched
retouch,1,other,other,wedding_day,,unmatched
retro boat,1,other,other,wedding_day,,unmatched
retro car,1,other,transportation,wedding_day,,h.transportation
revel global events,1,other,other,wedding_day,,unmatched
reverend,1,other,other,wedding_day,,unmatched
ribbon,1,other,other,wedding_day,,unmatched
rico mash,1,other,other,wedding_day,,unmatched
ridge country club,1,other,other,wedding_day,,unmatched
ring & jewelry,1,jeweler,jewelry,wedding_day,,compound(exact+exact)
ring box,1,jeweler,other,wedding_day,,unmatched
ring designer,1,jeweler,event_design,wedding_day,,h.event_design
rings & bridal jewelry,1,attire,jewelry,wedding_day,,compound(exact+exact.stripped)
rings custom by john rowe,1,jeweler,other,wedding_day,,unmatched
rings from,1,jeweler,jewelry,wedding_day,,exact.stripped
rings made by,1,jeweler,other,wedding_day,,unmatched
river room,1,other,other,wedding_day,,unmatched
roaming cannolis,1,other,other,wedding_day,,unmatched
roaring twenties fashion,1,jeweler,attire,wedding_day,,h.attire
roast night outfit,1,attire,attire,wedding_day,,h.attire
robe and pjs,1,other,other,wedding_day,,unmatched
robert,1,other,other,wedding_day,,unmatched
roberto mantica,1,other,other,wedding_day,,unmatched
robot,1,other,other,wedding_day,,unmatched
romance & reverie,1,other,other,wedding_day,,unmatched
roof presents,1,other,other,wedding_day,,unmatched
rooftop,1,other,other,wedding_day,,unmatched
rooftop drinks,1,catering,bar_service,wedding_day,,h.bar
rooftop party,1,other,other,wedding_day,,unmatched
rooftop season is in full swing at,1,other,other,wedding_day,,unmatched
rooftop venue,1,venue,venue,wedding_day,,h.venue
rooted dental,1,other,other,wedding_day,,unmatched
royal sonesta river north,1,other,other,wedding_day,,unmatched
runway prodction,1,other,other,wedding_day,,unmatched
sacred heart school,1,other,other,wedding_day,,unmatched
sailboat,1,other,other,wedding_day,,unmatched
sally traxler,1,other,other,wedding_day,,unmatched
salvadoran pastries,1,other,desserts,wedding_day,,h.desserts
samantha elizabeth photography,1,photographer,photographer,wedding_day,,h.photographer
samba dance crew,1,other,other,wedding_day,,unmatched
sangeet,1,other,venue,sangeet_mehndi,,phase_venue.modifier
sangeet caterer,1,catering,catering,sangeet_mehndi,,exact.ctx
sangeet decor,1,rentals,decor_other,sangeet_mehndi,,exact.ctx
sangeet dj,1,dj,dj,sangeet_mehndi,,exact.ctx
sangeet service,1,other,other,sangeet_mehndi,,unmatched
sarah’s house,1,other,other,wedding_day,,unmatched
saree,1,other,other,wedding_day,,unmatched
saturday brunch,1,other,other,brunch,,unmatched
saturday may tenth with matt + mia,1,other,other,wedding_day,,unmatched
saturday night,1,other,other,wedding_day,,unmatched
saturday venue,1,venue,venue,wedding_day,,h.venue
saturday w,1,other,other,wedding_day,,unmatched
saturday we wrap up at,1,other,other,wedding_day,,unmatched
save the date & invitation liner,1,stationery,other,wedding_day,,unmatched
save the date liner,1,other,other,wedding_day,,unmatched
saxaphone,1,musician,other,wedding_day,,unmatched
saxaphonist,1,musician,other,wedding_day,,unmatched
saxophonist with,1,musician,other,wedding_day,,unmatched
scanned and processed by,1,other,other,wedding_day,,unmatched
scarf,1,other,other,wedding_day,,unmatched
scene set,1,other,other,wedding_day,,unmatched
scenic production,1,other,lighting_production,wedding_day,,h.lighting
scent,1,other,other,wedding_day,,unmatched
scenting,1,other,other,wedding_day,,unmatched
scotch lodge x pendry chicago,1,other,other,wedding_day,,unmatched
scott’s tux,1,attire,attire,wedding_day,,h.attire
sculpture by,1,other,other,wedding_day,,unmatched
seating chart & draping,1,other,signage|lighting_production,wedding_day,,compound(exact+exact)
seating chart wall,1,other,other,wedding_day,,unmatched
seating chart wood buffet,1,other,signage,wedding_day,,exact
second camera,1,other,other,wedding_day,,unmatched
second line,1,other,other,wedding_day,,unmatched
second look dress,1,attire,attire,wedding_day,,h.attire
second shooter for,1,other,second_shooter,wedding_day,,exact.stripped
second shooter video,1,videographer,videographer,wedding_day,,h.videographer
second shot,1,other,other,wedding_day,,unmatched
second shot for my gal,1,other,other,wedding_day,,unmatched
second shot for my girl,1,other,other,wedding_day,,unmatched
second shot for the talented,1,other,other,wedding_day,,unmatched
second shot for the wonderful,1,other,other,wedding_day,,unmatched
second shot with,1,other,other,wedding_day,,unmatched
second shot with the lovely,1,other,other,wedding_day,,unmatched
second slide,1,other,other,wedding_day,,unmatched
second videography,1,videographer,videographer,wedding_day,,h.videographer
see our skilled on,1,other,other,wedding_day,,unmatched
selfie booth,1,other,photo_booth,wedding_day,,h.photo_booth
senior planner,1,planner,planner,wedding_day,,h.planner
september,1,other,other,wedding_day,,unmatched
servers,1,other,staffing,wedding_day,,h.staffing
servers & staffing,1,other,staffing,wedding_day,,compound(h.staffing+exact)
set days with,1,other,other,wedding_day,,unmatched
set dresser,1,attire,other,wedding_day,,unmatched
set production & lightning,1,other,lighting_production,wedding_day,,compound(h.lighting)
set up,1,other,other,wedding_day,,unmatched
sfx,1,other,other,wedding_day,,unmatched
shaadi & valima decor,1,rentals,decor_other,wedding_day,,compound(h.decor)
shaadi dj,1,dj,dj,wedding_day,,h.dj
shaadi outfit,1,attire,attire,wedding_day,,h.attire
shaadi photographer,1,photographer,photographer,wedding_day,,h.photographer
shadow palette,1,other,other,wedding_day,,unmatched
shalimah dj,1,dj,dj,wedding_day,,h.dj
shalimah makeup,1,makeup,makeup,wedding_day,,h.makeup
shalimah photographer,1,photographer,photographer,wedding_day,,h.photographer
shalimah venue,1,venue,venue,wedding_day,,h.venue
shamrocks on state,1,other,other,wedding_day,,unmatched
sherwani,1,other,other,wedding_day,,unmatched
shirt design,1,other,event_design,wedding_day,,h.event_design
shoe,1,attire,other,wedding_day,,unmatched
shoes & jacket,1,attire,accessories,wedding_day,,compound(exact)
shoes designer,1,attire,event_design,wedding_day,,h.event_design
shoot concept & execution,1,other,event_design,wedding_day,,compound(h.event_design)
shoot host & stylist,1,other,event_design,wedding_day,,compound(exact)
shoot location,1,other,venue,wedding_day,,h.venue
shoot planning + design,1,planner,planner|event_design,wedding_day,,compound(h.planner+exact)
shooting film for,1,videographer,videographer,wedding_day,,h.videographer.stripped
shoreline sightseeing,1,other,other,wedding_day,,unmatched
short,1,other,other,wedding_day,,unmatched
shorts,1,other,other,wedding_day,,unmatched
shot alongside,1,other,other,wedding_day,,unmatched
shot as an associate for,1,other,other,wedding_day,,unmatched
shot at,1,other,other,wedding_day,,unmatched
shot by the incredible,1,other,other,wedding_day,,unmatched
shot for the queen herself,1,other,other,wedding_day,,unmatched
shot with creative vision by,1,other,other,wedding_day,,unmatched
shoutout to the women behind it all,1,other,other,wedding_day,,unmatched
shubhendra rao sitar,1,other,other,wedding_day,,unmatched
shuttle bus,1,other,transportation,wedding_day,,h.transportation
shuttle transportation,1,transportation,transportation,wedding_day,,h.transportation
shuttles,1,other,other,wedding_day,,unmatched
sicilian band,1,band,band,wedding_day,,h.band
signage & games,1,other,signage,wedding_day,,compound(exact)
signage + stationery,1,stationery,signage|stationery,wedding_day,,compound(exact+exact)
signage and printed items,1,other,signage|stationery,wedding_day,,compound(exact+exact)
signage design,1,other,event_design,wedding_day,,h.event_design
signature cocktails,1,other,bar_service,wedding_day,,h.bar
silent disco,1,other,other,wedding_day,,unmatched
silent disco dj,1,dj,dj,wedding_day,,h.dj
silks,1,other,other,wedding_day,,unmatched
silver platter,1,other,other,wedding_day,,unmatched
silverware,1,other,other,wedding_day,,unmatched
simone wears,1,other,other,wedding_day,,unmatched
sip and rnb social,1,other,other,wedding_day,,unmatched
sitar & tabla,1,other,other,wedding_day,,unmatched
siv's dress,1,attire,attire,wedding_day,,h.attire
siv's shoes,1,attire,accessories,wedding_day,,h.accessories
sleeve & train,1,other,other,wedding_day,,unmatched
slushy machine + golf green,1,other,other,wedding_day,,unmatched
small chops,1,other,other,wedding_day,,unmatched
smokey eyes on,1,other,other,wedding_day,,unmatched
snack bar,1,other,bar_service,wedding_day,,h.bar
snackbar,1,other,other,wedding_day,,unmatched
so easy to fall in love with,1,other,other,wedding_day,,unmatched
social content creators,1,content_creator,content_creator,wedding_day,,h.content
social video producer,1,videographer,other,wedding_day,,unmatched
soft seating,1,other,other,wedding_day,,unmatched
softness at the joinery,1,other,other,wedding_day,,unmatched
solo bride,1,other,other,wedding_day,,unmatched
some sights from,1,other,other,wedding_day,,unmatched
sometimes you need an evening pick,1,other,other,wedding_day,,unmatched
sophie cazottes photography,1,photographer,photographer,wedding_day,,h.photographer
soumaya’s mua,1,beauty_other,makeup,wedding_day,,h.makeup
sound investment,1,other,other,wedding_day,,unmatched
sound lights,1,other,lighting_production,wedding_day,,h.lighting
sounds & lighting,1,other,lighting_production,wedding_day,,compound(exact)
sounds & lights,1,other,lighting_production,wedding_day,,compound(exact)
sp wedding,1,other,other,wedding_day,,unmatched
space,1,other,other,wedding_day,,unmatched
sparklers by,1,other,entertainment_other,wedding_day,,h.entertainment_other.stripped
sparkling wine,1,other,bar_service,wedding_day,,h.bar
sparks flew,1,other,noise,wedding_day,,noise
speaker hair and makeup,1,hair,hair|makeup,wedding_day,,compound(exact+exact)
special effects,1,other,other,wedding_day,,unmatched
special performance,1,other,other,wedding_day,,unmatched
special performance by,1,other,other,wedding_day,,unmatched
special rentals,1,rentals,rentals,wedding_day,,h.rentals
special s,1,other,other,wedding_day,,unmatched
speciality linens,1,rentals,rentals,wedding_day,,h.rentals
specialty and tabletop rentals,1,rentals,rentals,wedding_day,,compound(exact)
specialty chocolates,1,other,other,wedding_day,,unmatched
specialty coffee,1,other,desserts,wedding_day,,exact.stripped
specialty entertainment,1,dj,dj,wedding_day,,exact.stripped
specialty heaters,1,other,other,wedding_day,,unmatched
specialty rentals & lighting,1,rentals,rentals|lighting_production,wedding_day,,compound(exact+exact)
specialty sweetheart & cake tables,1,cake,rentals,wedding_day,,compound(h.rentals)
spray and brows by,1,other,beauty_services,wedding_day,,exact
spray tan by,1,other,beauty_services,wedding_day,,exact.stripped
spring mornings in paris,1,jeweler,other,wedding_day,,unmatched
ss shot for,1,other,other,wedding_day,,unmatched
stage facade,1,other,other,wedding_day,,unmatched
stained glass,1,other,other,wedding_day,,unmatched
starring,1,jeweler,other,wedding_day,,unmatched
start your thanksgiving right,1,other,other,wedding_day,,unmatched
stationaries,1,other,other,wedding_day,,unmatched
stationary & drink wall,1,stationery,stationery,wedding_day,,compound(exact)
stationary & signage by,1,stationery,stationery|signage,wedding_day,,compound(exact+exact.stripped)
stationary for on site items,1,stationery,stationery,wedding_day,,exact.stripped
stationery & calligraphy,1,stationery,stationery|calligraphy,wedding_day,,compound(exact+exact)
stationery & graphics,1,stationery,stationery,wedding_day,,compound(exact)
stationery + day of goods,1,stationery,stationery,wedding_day,,compound(exact)
stationery + day of paper,1,stationery,stationery,wedding_day,,compound(exact+exact.stripped)
stationery + invites,1,stationery,stationery,wedding_day,,compound(exact+exact)
stationery and decor,1,stationery,stationery|decor_other,wedding_day,,compound(exact+exact)
stationery printing,1,stationery,stationery,wedding_day,,h.stationery
stationery suite,1,attire,stationery,wedding_day,,h.stationery
stay & stroll,1,other,accommodations,wedding_day,,compound(h.accommodations)
steadicam,1,other,other,wedding_day,,unmatched
stella + jared featured on,1,other,other,wedding_day,,unmatched
stella + noah at,1,other,other,wedding_day,,unmatched
step onto the green,1,other,other,wedding_day,,unmatched
steph’s dress,1,attire,attire,wedding_day,,h.attire
stephanie & nick,1,other,other,wedding_day,,unmatched
steve’s flower market,1,florist,other,wedding_day,,unmatched
sticker vending machine,1,other,other,wedding_day,,unmatched
still photos by,1,photographer,photographer,wedding_day,,h.photographer.stripped
stilt walkers,1,other,other,wedding_day,,unmatched
stockist,1,other,other,wedding_day,,unmatched
string duet,1,jeweler,other,wedding_day,,unmatched
string quarter,1,jeweler,other,wedding_day,,unmatched
stringlights and lighting,1,jeweler,lighting_production,wedding_day,,compound(exact)
strings + horns,1,musician,live_music,wedding_day,,compound(exact)
strings duo,1,musician,live_music,wedding_day,,exact
strolling champagne dress,1,attire,attire,wedding_day,,h.attire
studbooks aren't a dating app,1,other,other,wedding_day,,unmatched
studio associate,1,other,other,wedding_day,,unmatched
studio chere,1,other,other,wedding_day,,unmatched
studio photography by,1,photographer,photographer,wedding_day,,h.photographer.stripped
stunning photos by,1,photographer,photographer,wedding_day,,h.photographer.stripped
stunning shots courtesy of,1,other,other,wedding_day,,unmatched
stunning white and blue wedding,1,other,other,wedding_day,,unmatched
style & muah,1,beauty_other,hair|makeup,wedding_day,,compound(exact)
style guide,1,other,other,wedding_day,,unmatched
style team,1,other,other,wedding_day,,unmatched
styled and planned,1,planner,event_design,wedding_day,,compound(h.event_design)
styling & design,1,other,event_design,wedding_day,,compound(exact+exact)
styling and design,1,other,event_design,wedding_day,,compound(exact+exact)
styling and planning,1,planner,event_design|planner,wedding_day,,compound(exact+exact)
styling assistance,1,other,other,wedding_day,,unmatched
styling direction,1,other,other,wedding_day,,unmatched
suit & tuxedo rentals,1,attire,attire|rentals,wedding_day,,compound(exact+h.rentals)
suit and dress tailor,1,attire,attire|alterations,wedding_day,,compound(exact+h.alterations)
suit by,1,attire,attire,wedding_day,,exact.stripped
suit rental,1,attire,rentals,wedding_day,,h.rentals
suit shop,1,attire,attire,wedding_day,,h.attire
summer never ends at,1,other,other,wedding_day,,unmatched
summer weddings on twenty,1,other,other,wedding_day,,unmatched
sun,1,other,other,wedding_day,,unmatched
sunday & monday photography,1,photographer,photographer,wedding_day,,compound(h.photographer)
sunless tan,1,other,beauty_services,wedding_day,,h.beauty_services
sunnah table setting,1,other,other,wedding_day,,unmatched
surprise entertainment,1,dj,dj,wedding_day,,h.dj
sushi,1,other,catering,wedding_day,,exact
sustainability is a long,1,other,other,wedding_day,,unmatched
swag bag curation,1,other,other,wedding_day,,unmatched
swag items,1,other,other,wedding_day,,unmatched
sweater,1,other,other,wedding_day,,unmatched
sweet mandybs,1,other,other,wedding_day,,unmatched
sweet treats,1,other,desserts,wedding_day,,h.desserts
sweetheart table linen,1,rentals,rentals,wedding_day,,h.rentals
sweets display,1,other,other,wedding_day,,unmatched
sweets for sweethearts by,1,other,desserts,wedding_day,,exact.stripped
sweets table,1,other,rentals,wedding_day,,h.rentals
t r u n k s h o w,1,other,other,wedding_day,,unmatched
table & chairs,1,hair,rentals,wedding_day,,compound(h.rentals+exact)
table + chair rentals,1,hair,rentals,wedding_day,,compound(h.rentals+exact)
table + chairs,1,hair,rentals,wedding_day,,compound(h.rentals+exact)
table decor & main hall furniture,1,rentals,decor_other|rentals,wedding_day,,compound(h.decor+h.rentals.stripped)
table details,1,other,other,wedding_day,,unmatched
table number and seating chart,1,other,signage,wedding_day,,compound(exact)
table scape decor,1,rentals,decor_other,wedding_day,,h.decor
table settings + rentals,1,rentals,rentals,wedding_day,,compound(exact)
table top,1,other,other,wedding_day,,unmatched
table top rentals & lounge,1,rentals,rentals,wedding_day,,compound(exact+exact)
tables and chairs,1,hair,rentals,wedding_day,,compound(exact+exact)
tablescape flowers,1,florist,florist,wedding_day,,h.florist
tablescapes rental,1,rentals,rentals,wedding_day,,h.rentals
tabletop & rentals,1,rentals,rentals,wedding_day,,compound(exact+exact)
tabletop and chairs,1,hair,rentals,wedding_day,,compound(exact+exact)
tabletop and linens,1,rentals,rentals,wedding_day,,compound(exact+exact)
tablewares,1,other,other,wedding_day,,unmatched
taco fiesta at,1,other,other,wedding_day,,unmatched
taken while second shooting for,1,other,other,wedding_day,,unmatched
talented videographer,1,videographer,videographer,wedding_day,,h.videographer
talia & kyle,1,other,other,wedding_day,,unmatched
tamara & rakesh,1,other,other,wedding_day,,unmatched
tamborazo,1,other,other,wedding_day,,unmatched
tara + chris,1,other,other,wedding_day,,unmatched
tarot reader,1,other,other,wedding_day,,unmatched
tasting + cover photo caterer,1,photographer,catering,wedding_day,,compound(h.catering)
tasting at,1,other,other,wedding_day,,unmatched
tattoo station,1,other,beauty_services,wedding_day,,exact
tax rules are changing,1,other,other,wedding_day,,unmatched
taylor & ryan,1,other,other,wedding_day,,unmatched
taylor make up,1,other,makeup,wedding_day,,h.makeup
tdf events,1,other,other,wedding_day,,unmatched
tea bar,1,other,bar_service,wedding_day,,h.bar
tea ceremony design,1,other,event_design,ceremony,,h.event_design.ctx
technical design + production,1,other,event_design|lighting_production,wedding_day,,compound(h.event_design+exact)
technical production,1,other,lighting_production,wedding_day,,h.lighting
teeth whitening,1,other,beauty_services,wedding_day,,exact
telephone booth,1,other,photo_booth,wedding_day,,h.photo_booth
template from,1,other,other,wedding_day,,unmatched
tent + rentals,1,rentals,tent|rentals,wedding_day,,compound(exact+exact)
tent and flooring,1,jeweler,tent,wedding_day,,compound(exact)
tent and generator,1,other,tent,wedding_day,,compound(exact)
tent chandelier,1,other,other,wedding_day,,unmatched
textile art & draping,1,other,lighting_production,wedding_day,,compound(exact)
textile artist,1,other,live_painter,wedding_day,,h.live_painter
thank you for sharing,1,jeweler,other,wedding_day,,unmatched
thank you for sharing your gallery,1,jeweler,other,wedding_day,,unmatched
thank you for such a memorable wine,1,other,bar_service,wedding_day,,h.bar
thank you for the beautiful photos,1,photographer,photographer,wedding_day,,h.photographer
thank you for the love becky,1,other,other,wedding_day,,unmatched
thank you for these gorgeous lashes,1,other,beauty_services,wedding_day,,h.beauty_services
thank you mala and,1,other,other,wedding_day,,unmatched
thank you to the talented,1,other,other,wedding_day,,unmatched
thanks,1,other,other,wedding_day,,unmatched
thanks for sharing,1,jeweler,other,wedding_day,,unmatched
that’s exactly why we do what we do,1,other,other,wedding_day,,unmatched
that’s right,1,other,other,wedding_day,,unmatched
the altar bridal,1,attire,attire,wedding_day,,h.attire
the best party of your life,1,other,other,wedding_day,,unmatched
the booth bus,1,other,transportation,wedding_day,,h.transportation
the cmb pop,1,other,other,wedding_day,,unmatched
the creative planners,1,planner,planner,wedding_day,,h.planner
the cutest baby shower for,1,other,other,shower,,unmatched
the debut issue under new editor,1,other,other,wedding_day,,unmatched
the floral enchantment and table set,1,florist,other,wedding_day,,unmatched
the flower firm,1,florist,other,wedding_day,,unmatched
the gardner school,1,other,other,wedding_day,,unmatched
the glam,1,other,makeup,wedding_day,,exact
the heart behind dejanae events and,1,other,other,wedding_day,,unmatched
the host,1,other,,wedding_day,host_family,participant
the ilbgf power brunch,1,other,other,brunch,,unmatched
the joinery from above,1,other,other,wedding_day,,unmatched
the koch + dola wedding,1,other,other,wedding_day,,unmatched
the makings of a great event,1,other,other,wedding_day,,unmatched
the most concealer in peach,1,other,other,wedding_day,,unmatched
the most gorgeous celebration for,1,other,other,wedding_day,,unmatched
the news has developed,1,other,other,wedding_day,,unmatched
the party doesn’t stop,1,other,other,wedding_day,,unmatched
the place,1,other,other,wedding_day,,unmatched
the queen,1,other,other,wedding_day,,unmatched
the quest for the ultimate dinner,1,catering,catering,wedding_day,,h.catering
the stunning bride,1,other,,wedding_day,bride,participant
the sweetest engagement captured at,1,other,other,engagement,,unmatched
the tux,1,attire,attire,wedding_day,,exact
the two,1,other,other,wedding_day,,unmatched
the venue was the gorgeous,1,venue,other,wedding_day,,unmatched
the wait is over,1,other,other,wedding_day,,unmatched
theirs was an absolutely joy,1,other,other,wedding_day,,unmatched
then we have the av,1,other,lighting_production,wedding_day,,h.lighting
there are chicago venues,1,venue,venue,wedding_day,,h.venue
these florals tho,1,florist,other,wedding_day,,unmatched
things we love,1,other,other,wedding_day,,unmatched
third dress,1,attire,attire,wedding_day,,h.attire
third shooter,1,other,other,wedding_day,,unmatched
this cabo,1,other,other,wedding_day,,unmatched
this easter,1,other,other,wedding_day,,unmatched
this fun,1,other,other,wedding_day,,unmatched
this italian,1,other,other,wedding_day,,unmatched
this month’s lunch break,1,other,other,wedding_day,,unmatched
this morning’s bride,1,other,other,wedding_day,,unmatched
this one,1,other,other,wedding_day,,unmatched
this one was special,1,other,other,wedding_day,,unmatched
this thursday’s all,1,other,other,wedding_day,,unmatched
this wedding was a full,1,other,other,wedding_day,,unmatched
this weekend at,1,other,other,wedding_day,,unmatched
thistle and plume,1,other,other,wedding_day,,unmatched
thomas’s attire,1,attire,attire,wedding_day,,h.attire
three years with,1,other,other,wedding_day,,unmatched
thursday night,1,other,other,wedding_day,,unmatched
thursday nights start here with,1,other,other,wedding_day,,unmatched
thursday w,1,other,other,wedding_day,,unmatched
tickets include the full experience,1,other,other,wedding_day,,unmatched
tiny tini's,1,other,other,wedding_day,,unmatched
tip of the day,1,other,other,wedding_day,,unmatched
tiramisu,1,other,other,wedding_day,,unmatched
tiramisu cake,1,cake,cake,wedding_day,,h.cake
title sponsor,1,other,other,wedding_day,,unmatched
to schedule a tour or inquire,1,other,other,wedding_day,,unmatched
today’s final walk,1,other,other,wedding_day,,unmatched
tomeka reid cello,1,other,live_music,wedding_day,,h.live_music
tomorrow,1,other,other,wedding_day,,unmatched
tonight at,1,other,other,wedding_day,,unmatched
tooth gems,1,other,other,wedding_day,,unmatched
top hotel venue,1,venue,venue,wedding_day,,h.venue
topper by,1,other,other,wedding_day,,unmatched
tops,1,other,other,wedding_day,,unmatched
touch,1,other,other,wedding_day,,unmatched
transforming the start,1,other,other,wedding_day,,unmatched
transit,1,other,other,wedding_day,,unmatched
transportation for wedding party,1,transportation,transportation,wedding_day,,exact.stripped
travel advisor,1,other,other,wedding_day,,unmatched
treat,1,other,other,wedding_day,,unmatched
trolleys,1,other,other,wedding_day,,unmatched
tropical plants,1,other,other,wedding_day,,unmatched
trust,1,other,other,wedding_day,,unmatched
tuk tuk,1,other,other,wedding_day,,unmatched
tulle top,1,other,other,wedding_day,,unmatched
tunes by,1,other,dj,wedding_day,,exact.stripped
tuxedo designer,1,attire,event_design,wedding_day,,h.event_design
tuxes by,1,attire,attire,wedding_day,,exact.stripped
tvs,1,other,other,wedding_day,,unmatched
twenty,1,other,other,wedding_day,,unmatched
two complimentary pre,1,other,other,wedding_day,,unmatched
two of my new favorite things,1,other,other,wedding_day,,unmatched
two of our favorite things,1,other,other,wedding_day,,unmatched
two years today,1,other,other,wedding_day,,unmatched
typeface,1,other,other,wedding_day,,unmatched
umbrellas,1,other,other,wedding_day,,unmatched
university of notre dame,1,other,other,wedding_day,,unmatched
uod,1,other,other,wedding_day,,unmatched
up first is our award,1,other,other,wedding_day,,unmatched
up next,1,other,other,wedding_day,,unmatched
urban allure events,1,other,other,wedding_day,,unmatched
urban canvas events,1,other,other,wedding_day,,unmatched
valet & transportation,1,transportation,valet|transportation,wedding_day,,compound(exact+exact)
valima photographer,1,photographer,photographer,wedding_day,,h.photographer
vanue,1,other,other,wedding_day,,unmatched
veil + gloves,1,other,accessories,wedding_day,,compound(exact+exact)
veil designer,1,other,event_design,wedding_day,,h.event_design
velvet place cards,1,other,stationery,wedding_day,,h.stationery
vendor,1,other,noise,wedding_day,,noise
vendor feature,1,other,other,wedding_day,,unmatched
vendor highlight,1,other,other,wedding_day,,unmatched
vendor of the week highlight,1,other,other,wedding_day,,unmatched
vendor spotlight of the week,1,other,other,wedding_day,,unmatched
venue & accommodations,1,venue,venue|accommodations,wedding_day,,compound(exact+exact)
venue & coordinator,1,venue,venue|coordinator,wedding_day,,compound(exact+exact)
venue & designer,1,venue,venue|event_design,wedding_day,,compound(exact+exact)
venue & photo booth,1,photobooth,venue|photo_booth,wedding_day,,compound(exact+exact)
venue & planners,1,venue,venue|planner,wedding_day,,compound(exact+exact)
venue &linen,1,venue,venue|rentals,wedding_day,,compound(exact+exact)
venue + beverage,1,venue,venue|bar_service,wedding_day,,compound(exact+exact)
venue + catering + bar,1,venue,venue|catering|bar_service,wedding_day,,compound(exact+exact+exact)
venue + catering + cake,1,venue,venue|catering|cake,wedding_day,,compound(exact+exact+exact)
venue + coordinator,1,venue,venue|coordinator,wedding_day,,compound(exact+exact)
venue and caterer,1,venue,venue|catering,wedding_day,,compound(exact+exact)
venue and coordinators,1,venue,venue|coordinator,wedding_day,,compound(exact+exact)
venue and dinner,1,venue,venue|catering,wedding_day,,compound(exact+exact)
venue cocktail hour,1,venue,venue,cocktail_hour,,phase_venue.modifier
venue decor,1,venue,decor_other,wedding_day,,h.decor
venue here,1,venue,other,wedding_day,,unmatched
venue location,1,venue,venue,wedding_day,,h.venue
venue management and bar,1,venue,venue_management|bar_service,wedding_day,,compound(exact+exact)
venue photographer,1,venue,photographer,wedding_day,,h.photographer
venue setup & catering by,1,venue,catering,wedding_day,,compound(exact)
venue spotlight,1,venue,other,wedding_day,,unmatched
venues we love flowering,1,venue,other,wedding_day,,unmatched
vespa,1,other,other,wedding_day,,unmatched
vfx,1,other,other,wedding_day,,unmatched
videgrapher,1,other,other,wedding_day,,unmatched
video and dj,1,videographer,videographer|dj,wedding_day,,compound(exact+exact)
video content,1,videographer,content_creator,wedding_day,,h.content
video courtesy of,1,videographer,videographer,wedding_day,,exact
video credit,1,videographer,videographer,wedding_day,,exact.stripped
video credits,1,videographer,videographer,wedding_day,,exact.stripped
video editing,1,videographer,other,wedding_day,,unmatched
video film,1,videographer,videographer,wedding_day,,h.videographer
video for,1,videographer,videographer,wedding_day,,exact.stripped
video is by,1,videographer,other,wedding_day,,unmatched
video postcards from,1,videographer,other,wedding_day,,unmatched
videographer & drone,1,videographer,videographer|drone,wedding_day,,compound(exact+exact)
videography & content,1,videographer,videographer|content_creator,wedding_day,,compound(exact+exact)
videography & film photos,1,photographer,videographer|photographer,wedding_day,,compound(exact+h.photographer)
videography & tablescape drone still,1,videographer,videographer,wedding_day,,compound(exact)
videography and dj,1,videographer,videographer|dj,wedding_day,,compound(exact+exact)
videography from,1,videographer,videographer,wedding_day,,exact.stripped
videography host,1,videographer,other,wedding_day,,unmatched
videography team,1,videographer,other,wedding_day,,unmatched
videogtapher's assistant,1,videographer,other,wedding_day,,unmatched
videos,1,videographer,other,wedding_day,,unmatched
videos courtesy of,1,videographer,other,wedding_day,,unmatched
villa chef,1,other,catering,wedding_day,,exact.stripped
vintage dress,1,attire,attire,wedding_day,,h.attire
vintage glassware & cake stand,1,cake,rentals,wedding_day,,compound(h.rentals)
vintage ice cream cart,1,other,other,wedding_day,,unmatched
vintage phone,1,other,other,wedding_day,,unmatched
vinyl,1,other,other,wedding_day,,unmatched
vinyl + printing,1,other,stationery,wedding_day,,compound(exact)
vinyl dance floor,1,other,lighting_production,wedding_day,,h.lighting
vinyl installation,1,other,decor_other,wedding_day,,h.decor
violists,1,other,other,wedding_day,,unmatched
vip educator,1,other,other,wedding_day,,unmatched
vision and floral design,1,florist,florist,wedding_day,,compound(exact)
visit link in bio or drop us a note,1,other,other,wedding_day,,unmatched
visit venteux,1,other,other,wedding_day,,unmatched
visiting company,1,other,other,wedding_day,,unmatched
viva fridays at,1,other,other,wedding_day,,unmatched
vive dream design,1,other,event_design,wedding_day,,h.event_design
vodka,1,other,other,wedding_day,,unmatched
vote for us daily now,1,other,other,wedding_day,,unmatched
wardrobe & jewelry,1,jeweler,attire|jewelry,wedding_day,,compound(h.attire+exact)
water fountain,1,other,other,wedding_day,,unmatched
water ice,1,other,other,wedding_day,,unmatched
wcf events,1,other,other,wedding_day,,unmatched
we celebrated co,1,other,other,wedding_day,,unmatched
we love a good party at,1,other,other,wedding_day,,unmatched
we loved co,1,other,other,wedding_day,,unmatched
we might be well,1,other,other,wedding_day,,unmatched
we officially launched our micro,1,other,other,wedding_day,,unmatched
we re,1,other,other,wedding_day,,unmatched
we stopped by for a behind,1,other,other,wedding_day,,unmatched
we’re celebrating three of our own,1,other,other,wedding_day,,unmatched
we’re four,1,other,other,wedding_day,,unmatched
we’re so grateful to,1,other,other,wedding_day,,unmatched
wearing,1,jeweler,other,wedding_day,,unmatched
website,1,other,other,wedding_day,,unmatched
website designer,1,other,event_design,wedding_day,,h.event_design
wed,1,other,other,wedding_day,,unmatched
wedding & reception,1,other,other,reception,,unmatched
wedding & reception decor,1,rentals,decor_other,reception,,compound(exact).ctx
wedding & reception venue,1,venue,venue,reception,,compound(exact).ctx
wedding attire from,1,attire,attire,wedding_day,,exact.stripped
wedding band via,1,band,other,wedding_day,,unmatched
wedding bridal shop,1,attire,attire,wedding_day,,exact.stripped
wedding cake & desserts,1,cake,cake|desserts,wedding_day,,exact.stripped
wedding caterer,1,catering,catering,wedding_day,,exact.stripped
wedding catering,1,catering,catering,wedding_day,,exact.stripped
wedding consultant & designer,1,other,planner|event_design,wedding_day,,compound(exact+exact)
wedding content,1,videographer,content_creator,wedding_day,,exact.stripped
wedding context creator,1,other,other,wedding_day,,unmatched
wedding coordination and florals,1,planner,coordinator|florist,wedding_day,,compound(exact+exact)
wedding cordinator,1,other,other,wedding_day,,unmatched
wedding cupcakes sweet mandy b’s,1,cake,other,wedding_day,,unmatched
wedding dance choreographer,1,other,dancers_choreography,wedding_day,,h.dance.stripped
