post_url,stratum
https://www.instagram.com/p/DRpI54Wjbp2/,deterministic_excluded
https://www.instagram.com/p/DQ5m4jNDKgi/,deferred_to_llm
https://www.instagram.com/p/DOtEoWpE2WY/,deferred_to_llm
https://www.instagram.com/p/DKPhPPCx2_z/,deterministic_excluded
https://www.instagram.com/p/DXHfBarj-Xg/,deferred_to_llm
https://www.instagram.com/p/DOMx5LagXUo/,deferred_to_llm
https://www.instagram.com/p/DRe_-9JEZNV/,deterministic_excluded
https://www.instagram.com/p/DNllCJtvdgY/,deferred_to_llm
https://www.instagram.com/p/C2LHyw5sS6b/,deferred_to_llm
https://www.instagram.com/p/C5RUpsFLdSJ/,deferred_to_llm
https://www.instagram.com/p/DSnFBzNjZ_R/,deterministic_excluded
https://www.instagram.com/p/DaDf8w_xxsy/,deferred_to_llm
https://www.instagram.com/p/DUZHP4fgTj0/,deferred_to_llm
https://www.instagram.com/p/C-VZuuTN163/,deferred_to_llm
https://www.instagram.com/p/Da_Pn7JNvDN/,deferred_to_llm
https://www.instagram.com/p/DZIKwmbkg2u/,deferred_to_llm
https://www.instagram.com/p/DY2AYwwDZVf/,deterministic_excluded
https://www.instagram.com/p/DcOlUSwEdSv/,deferred_to_llm
https://www.instagram.com/p/C4A-mcstiJv/,deferred_to_llm
https://www.instagram.com/p/DZs9RdHDLsc/,deterministic_excluded
https://www.instagram.com/p/C9AU0wJgFYQ/,deterministic_excluded
https://www.instagram.com/p/DUYgtvyjYZX/,deterministic_excluded
https://www.instagram.com/p/DavB__XuLA0/,deferred_to_llm
https://www.instagram.com/p/DXjhHMHD9er/,deferred_to_llm
https://www.instagram.com/p/DOOhQcxjofG/,deferred_to_llm
https://www.instagram.com/p/DQweq2BDoKG/,deterministic_excluded
https://www.instagram.com/p/DCVpsXrxZYw/,deferred_to_llm
https://www.instagram.com/p/C75Bjz_vKmJ/,deferred_to_llm
https://www.instagram.com/p/C-0gUMFvpeO/,deferred_to_llm
https://www.instagram.com/p/DSTMmUtEjMZ/,deterministic_excluded
https://www.instagram.com/p/DUt8o0oDapO/,deterministic_excluded
https://www.instagram.com/p/DbJML7rFKZO/,deferred_to_llm
https://www.instagram.com/p/C9e_EvXxdt2/,deterministic_excluded
https://www.instagram.com/p/DO4jY3MAlVN/,deterministic_excluded
https://www.instagram.com/p/DYi1_e_DFVO/,deterministic_excluded
https://www.instagram.com/p/DPabMHbjBsJ/,deferred_to_llm
https://www.instagram.com/p/DZyB3IspAKH/,deferred_to_llm
https://www.instagram.com/p/DRX1ThYEVCu/,deterministic_excluded
https://www.instagram.com/p/DK-PR3GycJX/,deterministic_excluded
https://www.instagram.com/p/DbWpbzzmFNt/,deferred_to_llm
https://www.instagram.com/p/DOZRFZTEnAO/,deferred_to_llm
https://www.instagram.com/p/DVRQeqfEb7G/,deferred_to_llm
https://www.instagram.com/p/DOpmh32jE83/,deferred_to_llm
https://www.instagram.com/p/DbtGpukDaZ1/,deterministic_excluded
https://www.instagram.com/p/Cxaqm80ySa3/,deferred_to_llm
https://www.instagram.com/p/Cx6s-7YNZ-4/,deferred_to_llm
https://www.instagram.com/p/C-YdBMqzCzY/,deterministic_excluded
https://www.instagram.com/p/DOWY9U9Dlqc/,deferred_to_llm
https://www.instagram.com/p/DSVfZZ7j8F9/,deterministic_excluded
https://www.instagram.com/p/C7WUsOQOblx/,deferred_to_llm
https://www.instagram.com/p/C7Fj98Vg7Kr/,deferred_to_llm
https://www.instagram.com/p/DEtG8Rzx7Kh/,deferred_to_llm
https://www.instagram.com/p/DHWEhmxpHJ1/,deterministic_excluded
https://www.instagram.com/p/DYPoXSdAHXV/,deferred_to_llm
https://www.instagram.com/p/DZLK3ygSSEM/,deferred_to_llm
https://www.instagram.com/p/DZ5XItvEfx7/,deferred_to_llm
https://www.instagram.com/p/Dbgra3gmS6w/,deferred_to_llm
https://www.instagram.com/p/DCcCzSTosXX/,deterministic_excluded
https://www.instagram.com/p/DCO9PZbvAbI/,deferred_to_llm
https://www.instagram.com/p/DUJaYjagZrx/,deterministic_excluded
https://www.instagram.com/p/DWhy_rzDUdx/,deferred_to_llm
https://www.instagram.com/p/DVwHUnFDUPd/,deterministic_excluded
https://www.instagram.com/p/DOT6IHrgYNW/,deferred_to_llm
https://www.instagram.com/p/DboTcL8ibid/,deferred_to_llm
https://www.instagram.com/p/DOrYSpLEZs4/,deterministic_excluded
https://www.instagram.com/p/DP2c-pYDd-g/,deferred_to_llm
https://www.instagram.com/p/C7pMrEExHrq/,deferred_to_llm
https://www.instagram.com/p/DARZkDlTB6S/,deterministic_excluded
https://www.instagram.com/p/DMtiZmHM8OH/,deterministic_excluded
https://www.instagram.com/p/DVq9kRHEn3Z/,deferred_to_llm
https://www.instagram.com/p/DUV4nu1EoDd/,deterministic_excluded
https://www.instagram.com/p/DJ4TMRURuAe/,deferred_to_llm
https://www.instagram.com/p/DH3w6rlKTG9/,deterministic_excluded
https://www.instagram.com/p/CrgbCqeJoIy/,deterministic_excluded
https://www.instagram.com/p/DW8_fmDDms4/,deferred_to_llm
https://www.instagram.com/p/DXnjoBhjL0K/,deferred_to_llm
https://www.instagram.com/p/C9SlK7lxe5T/,deferred_to_llm
https://www.instagram.com/p/DUpPKNOkR6u/,deferred_to_llm
https://www.instagram.com/p/DRC-_RPE4o_/,deterministic_excluded
https://www.instagram.com/p/DVkDjhxEa7H/,deferred_to_llm
https://www.instagram.com/p/DM0eroIPSpi/,deterministic_excluded
https://www.instagram.com/p/C4OV6rIvemQ/,deferred_to_llm
https://www.instagram.com/p/DS9AO0fjI5y/,deterministic_excluded
https://www.instagram.com/p/DTvlKRskjC8/,deterministic_excluded
https://www.instagram.com/p/DZX-Mgapy8s/,deterministic_excluded
https://www.instagram.com/p/DaDoW0emeFy/,deferred_to_llm
https://www.instagram.com/p/DMRYHBBt1t0/,deferred_to_llm
https://www.instagram.com/p/DPUHjfaDg7Q/,deferred_to_llm
https://www.instagram.com/p/DUWblSDEYSS/,deferred_to_llm
https://www.instagram.com/p/C9X4nzxp88P/,deferred_to_llm
https://www.instagram.com/p/DQ5TDq8Eq7t/,deterministic_excluded
https://www.instagram.com/p/DPjmKIMgHJK/,deferred_to_llm
https://www.instagram.com/p/DN3s9egZpkT/,deterministic_excluded
https://www.instagram.com/p/DFGUbKOp_CR/,deferred_to_llm
https://www.instagram.com/p/DcJZdH9O8GQ/,deferred_to_llm
https://www.instagram.com/p/DO1Es1JEd7i/,deterministic_excluded
https://www.instagram.com/p/DDxVe_Au_ff/,deterministic_excluded
https://www.instagram.com/p/DbWzuPvFpjp/,deferred_to_llm
https://www.instagram.com/p/DZr8rawljtn/,deferred_to_llm
https://www.instagram.com/p/CryNyiQg_E-/,deferred_to_llm
https://www.instagram.com/p/C-v8dckvNZX/,deferred_to_llm
https://www.instagram.com/p/DTRHIBDj-qb/,deterministic_excluded
https://www.instagram.com/p/DOMpp8QDlNd/,deferred_to_llm
https://www.instagram.com/p/DY9lnAItn9K/,deterministic_excluded
https://www.instagram.com/p/DMF784cgdYy/,deferred_to_llm
https://www.instagram.com/p/DTQj0IKDtdE/,deterministic_excluded
https://www.instagram.com/p/DLVjLzxSR9D/,deterministic_excluded
https://www.instagram.com/p/DLSnhw1RTX2/,deterministic_excluded
https://www.instagram.com/p/DJcnbGwPVtR/,deferred_to_llm
https://www.instagram.com/p/DL8lSOVtltl/,deferred_to_llm
https://www.instagram.com/p/DJvDdphRzr4/,deferred_to_llm
https://www.instagram.com/p/DDSjD8JyBBV/,deferred_to_llm
https://www.instagram.com/p/DA_Nn5dR2l7/,deferred_to_llm
https://www.instagram.com/p/DcGz2THDfoX/,deterministic_excluded
https://www.instagram.com/p/DZLdM0vJfOr/,deferred_to_llm
https://www.instagram.com/p/DJsGnP-Ty6i/,deferred_to_llm
https://www.instagram.com/p/DXFOQCBkdJf/,deferred_to_llm
https://www.instagram.com/p/DQMxo-NkyIz/,deferred_to_llm
https://www.instagram.com/p/DSsv-I9D4tF/,deferred_to_llm
https://www.instagram.com/p/DDfyTQpR2jS/,deferred_to_llm
https://www.instagram.com/p/DNDk7ihoxCp/,deferred_to_llm
https://www.instagram.com/p/DSOMtQMjaiy/,deterministic_excluded
https://www.instagram.com/p/DarJ2jNuOVa/,deferred_to_llm
https://www.instagram.com/p/CoLTSrEOy-S/,deferred_to_llm
https://www.instagram.com/p/DY8EezDGz0o/,deferred_to_llm
https://www.instagram.com/p/DQ-Wb5GiLYt/,deterministic_excluded
https://www.instagram.com/p/DLH0hp9u5nj/,deterministic_excluded
https://www.instagram.com/p/DXzxm5mCeL8/,deferred_to_llm
https://www.instagram.com/p/DYmzrbKEaPn/,deferred_to_llm
https://www.instagram.com/p/DRcT6aKjerG/,deferred_to_llm
https://www.instagram.com/p/Daq6XpgOfZg/,deterministic_excluded
https://www.instagram.com/p/Db3EnYaDLjP/,deferred_to_llm
https://www.instagram.com/p/DU9Nwzckdmb/,deferred_to_llm
https://www.instagram.com/p/DVY8Ca8iig9/,deterministic_excluded
https://www.instagram.com/p/DWBpVGBjkFJ/,deterministic_excluded
https://www.instagram.com/p/DDdiXW7pJAe/,deferred_to_llm
https://www.instagram.com/p/DcSC_yfFMx_/,deferred_to_llm
https://www.instagram.com/p/C-u1Ap-xeIX/,deferred_to_llm
https://www.instagram.com/p/DTdGZerlJBq/,deterministic_excluded
https://www.instagram.com/p/C13XSGFulDI/,deferred_to_llm
https://www.instagram.com/p/DG3x2FZSyfF/,deferred_to_llm
https://www.instagram.com/p/DW-NSuVIDwo/,deferred_to_llm
https://www.instagram.com/p/DMPmYqQo-6q/,deterministic_excluded
https://www.instagram.com/p/DVuZMY3jGS8/,deterministic_excluded
https://www.instagram.com/p/DOFSJuyDdYg/,deferred_to_llm
https://www.instagram.com/p/C30Jj1GL6Gz/,deferred_to_llm
https://www.instagram.com/p/C_SBozRgIcz/,deferred_to_llm
https://www.instagram.com/p/DGleyEhMon0/,deferred_to_llm
https://www.instagram.com/p/Dbg3KJxtdXm/,deferred_to_llm
https://www.instagram.com/p/DA6CObzvEIY/,deferred_to_llm
https://www.instagram.com/p/DF3BQa2RX9q/,deterministic_excluded
https://www.instagram.com/p/C3X_QhPLCtA/,deterministic_excluded
https://www.instagram.com/p/DP7XoAekRS_/,deferred_to_llm
https://www.instagram.com/p/DT_l376ElKg/,deterministic_excluded
https://www.instagram.com/p/DC2mRIkSuo1/,deferred_to_llm
https://www.instagram.com/p/DL-cjX4RPY1/,deferred_to_llm
https://www.instagram.com/p/C1-fY_dgIFe/,deferred_to_llm
https://www.instagram.com/p/C9iv0J1Pdp0/,deferred_to_llm
https://www.instagram.com/p/DaMb48pCIL1/,deferred_to_llm
https://www.instagram.com/p/DK-NnMKSurS/,deterministic_excluded
https://www.instagram.com/p/CqlpbjFPCxT/,deferred_to_llm
https://www.instagram.com/p/DG4JL01tPXq/,deferred_to_llm
https://www.instagram.com/p/DWroiSNEREC/,deterministic_excluded
https://www.instagram.com/p/DbBZHlcDFYX/,deterministic_excluded
https://www.instagram.com/p/C6q2-kQgJ6w/,deterministic_excluded
https://www.instagram.com/p/Cuh8UGVsPjv/,deterministic_excluded
https://www.instagram.com/p/DCITDbpP2nS/,deterministic_excluded
https://www.instagram.com/p/DI8uIOIxqNZ/,deferred_to_llm
https://www.instagram.com/p/DR75ZfsEgL6/,deferred_to_llm
https://www.instagram.com/p/C6r71BQhy7A/,deferred_to_llm
https://www.instagram.com/p/Da0TfMWEbks/,deferred_to_llm
https://www.instagram.com/p/DFLaqSuvs-o/,deferred_to_llm
https://www.instagram.com/p/DTN_0n-Di44/,deterministic_excluded
https://www.instagram.com/p/DJXKx1WJiea/,deterministic_excluded
https://www.instagram.com/p/DRAxk5ciZlI/,deferred_to_llm
https://www.instagram.com/p/DN6Cv3iDWRT/,deferred_to_llm
https://www.instagram.com/p/DQezH5OE8x_/,deterministic_excluded
https://www.instagram.com/p/DZbLkUJEXHJ/,deferred_to_llm
https://www.instagram.com/p/Dbl57BgCbst/,deterministic_excluded
https://www.instagram.com/p/DYfqFiwxvfP/,deterministic_excluded
https://www.instagram.com/p/C6uxcxDLcxE/,deterministic_excluded
https://www.instagram.com/p/DbHAcAdlywN/,deferred_to_llm
https://www.instagram.com/p/DVWBrZ_AITa/,deferred_to_llm
https://www.instagram.com/p/DAd4Aulx0XH/,deferred_to_llm
https://www.instagram.com/p/DU10fQhDJ5d/,deterministic_excluded
https://www.instagram.com/p/DXRfigCAL_1/,deterministic_excluded
https://www.instagram.com/p/DMY-LF4xEGj/,deterministic_excluded
https://www.instagram.com/p/DQfENb_j1ub/,deterministic_excluded
https://www.instagram.com/p/DXZuc9zlluq/,deferred_to_llm
https://www.instagram.com/p/DaQRQeQEcAQ/,deferred_to_llm
https://www.instagram.com/p/DCGOjr5Rs1G/,deterministic_excluded
https://www.instagram.com/p/C0PxKidrwPP/,deferred_to_llm
https://www.instagram.com/p/DXlBbAyDYT-/,deferred_to_llm
https://www.instagram.com/p/DWz4EwcjERt/,deterministic_excluded
https://www.instagram.com/p/C9z96rKuYVM/,deferred_to_llm
https://www.instagram.com/p/DZ06De4EwJc/,deferred_to_llm
https://www.instagram.com/p/DavGf4dnLOp/,deferred_to_llm
https://www.instagram.com/p/DbuHGKLDaDD/,deferred_to_llm
https://www.instagram.com/p/CwfahMSOyXt/,deferred_to_llm
https://www.instagram.com/p/DLBTZxovKEf/,deferred_to_llm
https://www.instagram.com/p/DQ-r9M1jQ5a/,deferred_to_llm
https://www.instagram.com/p/DavunAWlAjl/,deterministic_excluded
https://www.instagram.com/p/DXXbj2Ljm1a/,deferred_to_llm
https://www.instagram.com/p/C2NVTTArBza/,deferred_to_llm
https://www.instagram.com/p/DPrCjrvDWaK/,deferred_to_llm
https://www.instagram.com/p/C5b_wFivgCv/,deferred_to_llm
https://www.instagram.com/p/DXSmftOgODU/,deferred_to_llm
https://www.instagram.com/p/DL2btOpxWU_/,deferred_to_llm
https://www.instagram.com/p/DQrkfxPEZfT/,deferred_to_llm
https://www.instagram.com/p/DUvpcfFESXj/,deterministic_excluded
https://www.instagram.com/p/DEP549Kg7nl/,deferred_to_llm
https://www.instagram.com/p/C3dTdZ7rW96/,deferred_to_llm
https://www.instagram.com/p/CrTVpl_O4bV/,deferred_to_llm
https://www.instagram.com/p/C5JV01dLRqI/,deferred_to_llm
https://www.instagram.com/p/C2xb_8fA-4g/,deferred_to_llm
https://www.instagram.com/p/DH9PZogv5Bj/,deterministic_excluded
https://www.instagram.com/p/DbVRnITFlJC/,deferred_to_llm
https://www.instagram.com/p/C2QKh5RqzF6/,deferred_to_llm
https://www.instagram.com/p/DE8Xz_QveV4/,deferred_to_llm
https://www.instagram.com/p/DXhMe24lalC/,deferred_to_llm
https://www.instagram.com/p/Db5rFiqhYJJ/,deferred_to_llm
https://www.instagram.com/p/DNJ7-x_MjBe/,deferred_to_llm
https://www.instagram.com/p/DaeWyJ1tldO/,deterministic_excluded
https://www.instagram.com/p/DbvnOmrgOQR/,deterministic_excluded
https://www.instagram.com/p/DJXFzPGRxLC/,deferred_to_llm
https://www.instagram.com/p/C84qlE3usQF/,deferred_to_llm
https://www.instagram.com/p/DcRsleXtHH-/,deferred_to_llm
https://www.instagram.com/p/DOzAz2LE-zZ/,deterministic_excluded
https://www.instagram.com/p/DGGxBDpPcez/,deferred_to_llm
https://www.instagram.com/p/DaES_sskWdE/,deferred_to_llm
https://www.instagram.com/p/DW4MZOSDrR0/,deferred_to_llm
https://www.instagram.com/p/C70QbSSyIvj/,deterministic_excluded
https://www.instagram.com/p/DaLU8mmFVmu/,deferred_to_llm
https://www.instagram.com/p/DOgPjA_isRy/,deterministic_excluded
https://www.instagram.com/p/DYNC8rUiSu0/,deterministic_excluded
https://www.instagram.com/p/Db4FSl9lgqy/,deferred_to_llm
https://www.instagram.com/p/DaLn5YCH7XK/,deterministic_excluded
https://www.instagram.com/p/DPfggJXDfXY/,deferred_to_llm
https://www.instagram.com/p/DRI0fjzjG1i/,deterministic_excluded
https://www.instagram.com/p/DNiZkkXsHkM/,deferred_to_llm
https://www.instagram.com/p/DExoJCkvrlM/,deferred_to_llm
https://www.instagram.com/p/C2sZRrqOilM/,deferred_to_llm
https://www.instagram.com/p/DVwHOQbjQgv/,deferred_to_llm
https://www.instagram.com/p/DU4PvRsEUsw/,deferred_to_llm
https://www.instagram.com/p/DSmljagjjQL/,deferred_to_llm
https://www.instagram.com/p/DWplrX4MzWx/,deterministic_excluded
https://www.instagram.com/p/C-JOMD1vk9W/,deterministic_excluded
https://www.instagram.com/p/DO06D44jGtw/,deterministic_excluded
https://www.instagram.com/p/DQX1Do9j3X5/,deferred_to_llm
https://www.instagram.com/p/CsY8KzsOjE6/,deterministic_excluded
https://www.instagram.com/p/DRvwNHADW_t/,deferred_to_llm
https://www.instagram.com/p/C713PEaRAHs/,deterministic_excluded
https://www.instagram.com/p/DU9UA6hDKOI/,deferred_to_llm
https://www.instagram.com/p/DWO2cuNFfig/,deterministic_excluded
https://www.instagram.com/p/DD8s7xDRcXE/,deterministic_excluded
https://www.instagram.com/p/C685kg4s-rH/,deterministic_excluded
https://www.instagram.com/p/C9Zt4aZuId6/,deferred_to_llm
https://www.instagram.com/p/DOuEm5LDZb3/,deferred_to_llm
https://www.instagram.com/p/DTgbidCjnzB/,deterministic_excluded
https://www.instagram.com/p/CyQ63gKO85B/,deferred_to_llm
https://www.instagram.com/p/DYUQ5FGkTHl/,deferred_to_llm
https://www.instagram.com/p/DYpwyqOm3P6/,deferred_to_llm
https://www.instagram.com/p/DaTjD6vHAN4/,deferred_to_llm
https://www.instagram.com/p/DTLlTeRjxnG/,deferred_to_llm
https://www.instagram.com/p/DVeWZfFESNP/,deferred_to_llm
https://www.instagram.com/p/C0JwnfMLRq5/,deferred_to_llm
https://www.instagram.com/p/DXzFmc4R_B1/,deterministic_excluded
https://www.instagram.com/p/DWzJgYGDs7J/,deferred_to_llm
https://www.instagram.com/p/DYsRjHOxVG0/,deferred_to_llm
https://www.instagram.com/p/C2fgLocrOSq/,deferred_to_llm
https://www.instagram.com/p/DE2RSzZxkO_/,deferred_to_llm
https://www.instagram.com/p/DZYWZQGxXUg/,deferred_to_llm
https://www.instagram.com/p/DQFh7MEAJSg/,deterministic_excluded
https://www.instagram.com/p/DTypEyFEcaR/,deferred_to_llm
https://www.instagram.com/p/DSLBYankdmr/,deterministic_excluded
https://www.instagram.com/p/DQKG8-iEaKp/,deterministic_excluded
https://www.instagram.com/p/DSK10WTDRbk/,deferred_to_llm
https://www.instagram.com/p/DXz87QfFMxJ/,deferred_to_llm
https://www.instagram.com/p/DYXgUpKCdwQ/,deterministic_excluded
https://www.instagram.com/p/DYfaS0wkXF7/,deferred_to_llm
https://www.instagram.com/p/DNghaBvREkH/,deterministic_excluded
https://www.instagram.com/p/DT3Vwknictm/,deferred_to_llm
https://www.instagram.com/p/DavJjeOlfqA/,deferred_to_llm
https://www.instagram.com/p/C8E-fR4u1s_/,deferred_to_llm
https://www.instagram.com/p/DNei2KfOUV9/,deterministic_excluded
https://www.instagram.com/p/Cp5qWtXA6Uv/,deferred_to_llm
https://www.instagram.com/p/C_xz5Ulxcur/,deferred_to_llm
https://www.instagram.com/p/DKPYnBnR76h/,deterministic_excluded
https://www.instagram.com/p/DDkTVXeTidw/,deferred_to_llm
https://www.instagram.com/p/DURhKRggJ2l/,deterministic_excluded
https://www.instagram.com/p/DblPobwCAb-/,deferred_to_llm
https://www.instagram.com/p/DOkD4u6DAlD/,deferred_to_llm
https://www.instagram.com/p/DajEuYrjumg/,deferred_to_llm
https://www.instagram.com/p/DTgkPXKjZuG/,deferred_to_llm
https://www.instagram.com/p/DZ74kwIuK8g/,deferred_to_llm
https://www.instagram.com/p/DTjWpJMDdNR/,deferred_to_llm
https://www.instagram.com/p/DPl0XxpkViB/,deferred_to_llm
https://www.instagram.com/p/DWg6pXAj0zt/,deterministic_excluded
https://www.instagram.com/p/DK9-yhIo0bk/,deterministic_excluded
https://www.instagram.com/p/DHmNqXlPgG3/,deterministic_excluded
https://www.instagram.com/p/DYX6VfHkcBL/,deferred_to_llm
https://www.instagram.com/p/C5GjdsMrb3Y/,deferred_to_llm
https://www.instagram.com/p/DUq3Ea0ge6Z/,deterministic_excluded
https://www.instagram.com/p/Dad6adGtWap/,deterministic_excluded
https://www.instagram.com/p/DN1bCK80jbL/,deferred_to_llm
https://www.instagram.com/p/DHoeR7ASoNo/,deferred_to_llm
https://www.instagram.com/p/Db_a3X7E7Fl/,deferred_to_llm
https://www.instagram.com/p/DAV8IlUNpah/,deterministic_excluded
https://www.instagram.com/p/DY654kDFWeE/,deferred_to_llm
https://www.instagram.com/p/DblPZlpDtRj/,deferred_to_llm
https://www.instagram.com/p/DR7ccL5EXbX/,deferred_to_llm
https://www.instagram.com/p/DSDN4iIkWCk/,deferred_to_llm
https://www.instagram.com/p/DOl8uwLAf5O/,deferred_to_llm
https://www.instagram.com/p/C--8cuBPkNe/,deferred_to_llm
https://www.instagram.com/p/DV4P0D7ljQN/,deterministic_excluded
https://www.instagram.com/p/DTYrQhviXG4/,deterministic_excluded
https://www.instagram.com/p/C9MK0jHNMby/,deferred_to_llm
https://www.instagram.com/p/DXnav_lCb7K/,deferred_to_llm
https://www.instagram.com/p/DObwU2rjkLq/,deterministic_excluded
https://www.instagram.com/p/DWUKf2sksM0/,deferred_to_llm
https://www.instagram.com/p/DIMYn5txHwh/,deferred_to_llm
https://www.instagram.com/p/C2u9jo0LmMC/,deterministic_excluded
https://www.instagram.com/p/DBDWT7SAVpf/,deterministic_excluded
https://www.instagram.com/p/DE0OYycvlsi/,deferred_to_llm
https://www.instagram.com/p/DNWaXssP0Wb/,deferred_to_llm
https://www.instagram.com/p/Dbv9_EIkTUI/,deterministic_excluded
https://www.instagram.com/p/DQIOGzgDxS8/,deterministic_excluded
https://www.instagram.com/p/DQmO22VjfkQ/,deferred_to_llm
https://www.instagram.com/p/DHeYLJTS16l/,deferred_to_llm
https://www.instagram.com/p/DTIrWn1DWzl/,deferred_to_llm
https://www.instagram.com/p/C3auIKvsB8R/,deferred_to_llm
https://www.instagram.com/p/DaO2ErxsFRZ/,deferred_to_llm
https://www.instagram.com/p/DRw6JcFkoQC/,deterministic_excluded
https://www.instagram.com/p/DNJSzDtvIlt/,deferred_to_llm
https://www.instagram.com/p/DcHZQfflhzS/,deferred_to_llm
https://www.instagram.com/p/DAbYjz-PzRG/,deferred_to_llm
https://www.instagram.com/p/DYPi5iLAMVN/,deterministic_excluded
https://www.instagram.com/p/DTtb6HWiZLu/,deferred_to_llm
https://www.instagram.com/p/DXaVT2JiaBn/,deferred_to_llm
https://www.instagram.com/p/DNn1VMBurWo/,deferred_to_llm
https://www.instagram.com/p/DEC1Ae5xe-C/,deferred_to_llm
https://www.instagram.com/p/DJCwyCuxr77/,deterministic_excluded
https://www.instagram.com/p/Da6APy0n8L1/,deterministic_excluded
https://www.instagram.com/p/DanIobYnOtT/,deferred_to_llm
https://www.instagram.com/p/C-TyV2qpGqa/,deferred_to_llm
https://www.instagram.com/p/DYFxwt_kRDb/,deferred_to_llm
https://www.instagram.com/p/DaxsFpKlgOs/,deferred_to_llm
https://www.instagram.com/p/DLlbXKwMpWs/,deferred_to_llm
https://www.instagram.com/p/DGWNgmgv5gv/,deterministic_excluded
https://www.instagram.com/p/DVgi2VsDpjS/,deterministic_excluded
https://www.instagram.com/p/DT0b-LTAeMZ/,deferred_to_llm
https://www.instagram.com/p/DZUvrTZDWCE/,deferred_to_llm
https://www.instagram.com/p/DMK6m6vg4fA/,deferred_to_llm
https://www.instagram.com/p/Da0tqJ2CQoI/,deferred_to_llm
https://www.instagram.com/p/DaOYZO3jAxg/,deferred_to_llm
https://www.instagram.com/p/C36phGGs66a/,deterministic_excluded
https://www.instagram.com/p/C5Q4Z21rOK4/,deferred_to_llm
https://www.instagram.com/p/DXjsOueEYIm/,deterministic_excluded
https://www.instagram.com/p/DM4_NyMh6UY/,deterministic_excluded
https://www.instagram.com/p/DFn5ZGKBA5o/,deferred_to_llm
https://www.instagram.com/p/DAZnnR8OVRD/,deferred_to_llm
https://www.instagram.com/p/Da1UWIcN_NL/,deferred_to_llm
https://www.instagram.com/p/DPFE30Cj4oS/,deferred_to_llm
https://www.instagram.com/p/DcCTAxICV52/,deferred_to_llm
https://www.instagram.com/p/C685NFKsoo9/,deferred_to_llm
https://www.instagram.com/p/C4-nb9Xu-qO/,deferred_to_llm
https://www.instagram.com/p/Db60RtDmDfe/,deferred_to_llm
https://www.instagram.com/p/DN3qOwPQga2/,deferred_to_llm
https://www.instagram.com/p/DSsym1_kbbX/,deferred_to_llm
https://www.instagram.com/p/C-lXIlsThgF/,deterministic_excluded
https://www.instagram.com/p/DDSXrfTPn_t/,deterministic_excluded
https://www.instagram.com/p/DQDEYDLjWhI/,deferred_to_llm
https://www.instagram.com/p/DNWKxnbJHjT/,deferred_to_llm
https://www.instagram.com/p/CygwTi3OnJG/,deferred_to_llm
https://www.instagram.com/p/DHbVn-eNwvw/,deferred_to_llm
https://www.instagram.com/p/DBRo7QBPfZr/,deferred_to_llm
https://www.instagram.com/p/DGyHXzMRppw/,deferred_to_llm
https://www.instagram.com/p/Db55bpGFbRQ/,deferred_to_llm
https://www.instagram.com/p/Db3u7EQlU2O/,deferred_to_llm
https://www.instagram.com/p/DT9wGiEDogH/,deferred_to_llm
https://www.instagram.com/p/DZxLVBxDKbT/,deterministic_excluded
https://www.instagram.com/p/DSXv8r3jQeM/,deferred_to_llm
https://www.instagram.com/p/DAjTQuOPZb4/,deferred_to_llm
https://www.instagram.com/p/DN22CtI3Afn/,deterministic_excluded
https://www.instagram.com/p/C1-L9mdPbg2/,deterministic_excluded
https://www.instagram.com/p/DHMNL6dvCnA/,deterministic_excluded
https://www.instagram.com/p/DXdf0OLjG8m/,deterministic_excluded
https://www.instagram.com/p/DB1EFxYOcky/,deferred_to_llm
https://www.instagram.com/p/CxlDL7fLYsj/,deterministic_excluded
https://www.instagram.com/p/DbLa4SEEQ15/,deferred_to_llm
https://www.instagram.com/p/DbbEZVGjXhW/,deferred_to_llm
https://www.instagram.com/p/DS3sSGRjN_s/,deterministic_excluded
https://www.instagram.com/p/DBCOsQ1v3tD/,deferred_to_llm
https://www.instagram.com/p/DGeB8MhvOvY/,deterministic_excluded
https://www.instagram.com/p/DYCMXdkjsgY/,deferred_to_llm
https://www.instagram.com/p/DObOF2bDURd/,deterministic_excluded
https://www.instagram.com/p/DDdbS-0RI-6/,deferred_to_llm
https://www.instagram.com/p/C2aPG1ALgce/,deferred_to_llm
https://www.instagram.com/p/DOEudQnCW0K/,deterministic_excluded
https://www.instagram.com/p/DNX3rZ0N_M0/,deferred_to_llm
https://www.instagram.com/p/DND0n8ezqfG/,deferred_to_llm
https://www.instagram.com/p/DULa9J6gT3n/,deterministic_excluded
https://www.instagram.com/p/C6rD5LFtqVw/,deferred_to_llm
https://www.instagram.com/p/DavL3YGkQe7/,deferred_to_llm
https://www.instagram.com/p/DVKV5r4DSjv/,deferred_to_llm
https://www.instagram.com/p/DcAcAsPt8G1/,deferred_to_llm
https://www.instagram.com/p/DbIxsepGmiq/,deferred_to_llm
https://www.instagram.com/p/DHgssgKTEj5/,deferred_to_llm
https://www.instagram.com/p/DXR1cnlkr8F/,deferred_to_llm
https://www.instagram.com/p/Cz_46n-Opx3/,deterministic_excluded
https://www.instagram.com/p/DTyKd3eATsi/,deferred_to_llm
https://www.instagram.com/p/C9K-4mSP_HX/,deferred_to_llm
https://www.instagram.com/p/C7shXH3gZFo/,deterministic_excluded
https://www.instagram.com/p/DWPHDcukaEE/,deferred_to_llm
https://www.instagram.com/p/DTss_0XDonP/,deferred_to_llm
https://www.instagram.com/p/Cw50qb_vLiR/,deferred_to_llm
https://www.instagram.com/p/DaGnk0iH7CQ/,deterministic_excluded
https://www.instagram.com/p/DY2TReoH4Yn/,deferred_to_llm
https://www.instagram.com/p/C3VZX81riVP/,deferred_to_llm
https://www.instagram.com/p/C0KHT2FLDaU/,deferred_to_llm
https://www.instagram.com/p/DOHuJJqjvrc/,deferred_to_llm
https://www.instagram.com/p/DHTl4GAxvJh/,deferred_to_llm
https://www.instagram.com/p/DE8b8NVPVRP/,deferred_to_llm
https://www.instagram.com/p/DJ2gixPvncY/,deferred_to_llm
https://www.instagram.com/p/C-xyU8WPPyE/,deferred_to_llm
https://www.instagram.com/p/DPUGLefERRq/,deferred_to_llm
https://www.instagram.com/p/DYkUipqFo3a/,deterministic_excluded
https://www.instagram.com/p/DPAOxRtjk9W/,deterministic_excluded
https://www.instagram.com/p/DS-RFV3kix3/,deterministic_excluded
https://www.instagram.com/p/DcH75g8HGJX/,deferred_to_llm
https://www.instagram.com/p/DbCbsTBAPeV/,deferred_to_llm
https://www.instagram.com/p/DYfO95ijqov/,deferred_to_llm
https://www.instagram.com/p/DcCHw9ggcQO/,deferred_to_llm
https://www.instagram.com/p/C8cYa9at87A/,deferred_to_llm
https://www.instagram.com/p/DZNh6eGDv9l/,deferred_to_llm
https://www.instagram.com/p/DLphu0qsWF9/,deterministic_excluded
https://www.instagram.com/p/DP7BQsMEbYF/,deterministic_excluded
https://www.instagram.com/p/DKNIV2cRfFi/,deterministic_excluded
https://www.instagram.com/p/DV9VxJ0kSLJ/,deferred_to_llm
https://www.instagram.com/p/DWfE_Mgje5c/,deterministic_excluded
https://www.instagram.com/p/Dak8rfokQAl/,deterministic_excluded
https://www.instagram.com/p/C44LQHesF_c/,deferred_to_llm
https://www.instagram.com/p/DINPqJJt3m1/,deferred_to_llm
https://www.instagram.com/p/DYFx49AiaLF/,deferred_to_llm
https://www.instagram.com/p/DPy7VE0DrAr/,deterministic_excluded
https://www.instagram.com/p/C-9Di71AQ_q/,deferred_to_llm
https://www.instagram.com/p/C-MIEP5AFg0/,deterministic_excluded
https://www.instagram.com/p/DOgaWANNRzF/,deferred_to_llm
https://www.instagram.com/p/DXrmmEmkhKo/,deterministic_excluded
https://www.instagram.com/p/Db3ZQbJIHG5/,deterministic_excluded
https://www.instagram.com/p/C-xcW5kgBJX/,deferred_to_llm
https://www.instagram.com/p/DKfaw6QRVpK/,deferred_to_llm
https://www.instagram.com/p/DZtSG0IMPLr/,deferred_to_llm
https://www.instagram.com/p/Cr_yHE2PHfY/,deterministic_excluded
https://www.instagram.com/p/DbB7SQYmwsI/,deferred_to_llm
https://www.instagram.com/p/DWICKdDluuE/,deferred_to_llm
https://www.instagram.com/p/DGCSBy8pOrS/,deferred_to_llm
https://www.instagram.com/p/DJeqIrgKb0S/,deterministic_excluded
https://www.instagram.com/p/DNV2z7qNGqC/,deferred_to_llm
https://www.instagram.com/p/C35JUWQLZQV/,deferred_to_llm
https://www.instagram.com/p/C5yNi8XL1kK/,deterministic_excluded
https://www.instagram.com/p/DH3eqSIvwTk/,deterministic_excluded
https://www.instagram.com/p/C3IfZTePr38/,deferred_to_llm
https://www.instagram.com/p/DVCbelqkbhv/,deferred_to_llm
https://www.instagram.com/p/DPKst28lDnm/,deferred_to_llm
https://www.instagram.com/p/DT0gsWEjgv9/,deferred_to_llm
https://www.instagram.com/p/DSGPM7ykWRr/,deferred_to_llm
https://www.instagram.com/p/DNTMyPrNZf6/,deferred_to_llm
https://www.instagram.com/p/DZtMiHKDeYC/,deterministic_excluded
https://www.instagram.com/p/DZm2BdQEXdB/,deferred_to_llm
https://www.instagram.com/p/DYhn4b2Sn18/,deterministic_excluded
https://www.instagram.com/p/DWyxteQDR3z/,deferred_to_llm
https://www.instagram.com/p/DBmzRH3P5M5/,deferred_to_llm
https://www.instagram.com/p/DO6KI9PjWn_/,deferred_to_llm
https://www.instagram.com/p/DWypmTCjsFp/,deterministic_excluded
https://www.instagram.com/p/DQ902l0EdwH/,deferred_to_llm
https://www.instagram.com/p/DY22q0ktX_t/,deferred_to_llm
https://www.instagram.com/p/CsRInpjuJ5F/,deferred_to_llm
https://www.instagram.com/p/DaRRUvOkQMO/,deterministic_excluded
https://www.instagram.com/p/DBUzB3JPerC/,deferred_to_llm
https://www.instagram.com/p/DV1CXxjkSNS/,deferred_to_llm
https://www.instagram.com/p/DUJJJdUjpgu/,deterministic_excluded
https://www.instagram.com/p/DKLLeAuxKZ2/,deferred_to_llm
https://www.instagram.com/p/DR45xdWEaNn/,deferred_to_llm
https://www.instagram.com/p/C7hE6GlhHj9/,deferred_to_llm
https://www.instagram.com/p/DY7wSa-IE52/,deferred_to_llm
https://www.instagram.com/p/DOtlfCVicPo/,deferred_to_llm
https://www.instagram.com/p/DSfbdXOknGl/,deferred_to_llm
https://www.instagram.com/p/DFqJy30R1tV/,deferred_to_llm
https://www.instagram.com/p/DcRNTy0Ec12/,deferred_to_llm
https://www.instagram.com/p/C9KhohdR39j/,deterministic_excluded
https://www.instagram.com/p/DH3_qaSv_PK/,deferred_to_llm
https://www.instagram.com/p/C510ebOrZtk/,deterministic_excluded
https://www.instagram.com/p/DVrtsrCEUdc/,deferred_to_llm
https://www.instagram.com/p/DI9ZQiMPAvM/,deterministic_excluded
https://www.instagram.com/p/DYCx3hlkc0a/,deferred_to_llm
https://www.instagram.com/p/DcFnQdKMSLu/,deferred_to_llm
https://www.instagram.com/p/DQK8_axAMk9/,deterministic_excluded
https://www.instagram.com/p/DNykQRMYk34/,deterministic_excluded
https://www.instagram.com/p/C_8zeXNvXtn/,deferred_to_llm
https://www.instagram.com/p/DWFjOPFCVtO/,deferred_to_llm
https://www.instagram.com/p/DNYy9uNvy6_/,deferred_to_llm
https://www.instagram.com/p/Dadn9IJHwxe/,deterministic_excluded
https://www.instagram.com/p/DOcDj2GjXZg/,deferred_to_llm
https://www.instagram.com/p/C5eRGjsoFxp/,deferred_to_llm
https://www.instagram.com/p/DKFxekMRiXB/,deferred_to_llm
https://www.instagram.com/p/DGlO1N4NNE1/,deterministic_excluded
https://www.instagram.com/p/DZeFAsKEtle/,deferred_to_llm
https://www.instagram.com/p/DHCjn9Kvlo4/,deterministic_excluded
https://www.instagram.com/p/DDPkWOesEqA/,deterministic_excluded
https://www.instagram.com/p/DQ7WYkHCS-N/,deferred_to_llm
https://www.instagram.com/p/DZD2fyuEXJZ/,deterministic_excluded
https://www.instagram.com/p/DTrPTmQjdN6/,deterministic_excluded
https://www.instagram.com/p/Db_MZJcjlrS/,deferred_to_llm
https://www.instagram.com/p/DOYwQbcgILF/,deferred_to_llm
https://www.instagram.com/p/DaVjQDCn255/,deferred_to_llm
https://www.instagram.com/p/DbBXGhITnK1/,deferred_to_llm
https://www.instagram.com/p/C20iO1ohDZh/,deferred_to_llm
https://www.instagram.com/p/C4YmfRQvpx9/,deferred_to_llm
https://www.instagram.com/p/DWpVFiOD4Be/,deferred_to_llm
https://www.instagram.com/p/DPlyP2RDY9w/,deferred_to_llm
https://www.instagram.com/p/DIr6SVWsOkw/,deterministic_excluded
https://www.instagram.com/p/DavhyI3qb6s/,deterministic_excluded
https://www.instagram.com/p/DPHINfFDA4Z/,deterministic_excluded
https://www.instagram.com/p/C2A6B60Pcxm/,deferred_to_llm
https://www.instagram.com/p/DXLG84GD--K/,deferred_to_llm
https://www.instagram.com/p/DVyePn7DsDo/,deterministic_excluded
https://www.instagram.com/p/DAUnyTyPmNC/,deferred_to_llm
https://www.instagram.com/p/DblQIuGDi2s/,deterministic_excluded
https://www.instagram.com/p/CzEg_y4OMYH/,deferred_to_llm
https://www.instagram.com/p/DYNivHuMYVh/,deferred_to_llm
https://www.instagram.com/p/DbUUXqKkaEM/,deferred_to_llm
https://www.instagram.com/p/C6B67aHAAfe/,deterministic_excluded
https://www.instagram.com/p/DMQUC0MxhWU/,deterministic_excluded
https://www.instagram.com/p/DObiTv4jcKk/,deferred_to_llm
https://www.instagram.com/p/DExqXuJxzC9/,deferred_to_llm
https://www.instagram.com/p/Dbd6S01kdg2/,deferred_to_llm
https://www.instagram.com/p/Db4dyZUD3Y2/,deferred_to_llm
https://www.instagram.com/p/DXpgppeDXwW/,deferred_to_llm
https://www.instagram.com/p/DY260QRPnfC/,deferred_to_llm
https://www.instagram.com/p/DXK2HN6Am3w/,deferred_to_llm
https://www.instagram.com/p/DE5HIj2R9xt/,deferred_to_llm
https://www.instagram.com/p/DHt7VaBhwHG/,deferred_to_llm
https://www.instagram.com/p/DZN9xOXvdpm/,deferred_to_llm
https://www.instagram.com/p/DW60O06kXB-/,deferred_to_llm
https://www.instagram.com/p/DbjKeDmCa7j/,deferred_to_llm
https://www.instagram.com/p/DXcP6DgkbSl/,deferred_to_llm
https://www.instagram.com/p/Da6N9UUD5gq/,deferred_to_llm
https://www.instagram.com/p/DSktT-dkmAU/,deterministic_excluded
https://www.instagram.com/p/C7vIUcDMNIm/,deterministic_excluded
https://www.instagram.com/p/DLSrJzLxQ-b/,deferred_to_llm
https://www.instagram.com/p/DQ1nxQ6AEXA/,deferred_to_llm
https://www.instagram.com/p/DHtPs5Yuc2H/,deferred_to_llm
https://www.instagram.com/p/Da774LshS8O/,deferred_to_llm
https://www.instagram.com/p/DO1Is7kDuhk/,deferred_to_llm
https://www.instagram.com/p/DFWITN1vA9D/,deferred_to_llm
https://www.instagram.com/p/DOlrBaEjHqs/,deferred_to_llm
https://www.instagram.com/p/DNsVEaw2LNE/,deferred_to_llm
https://www.instagram.com/p/C3DUaWTggVG/,deferred_to_llm
https://www.instagram.com/p/C5jQYzCuzAB/,deferred_to_llm
https://www.instagram.com/p/DMd_pJYg10P/,deferred_to_llm
https://www.instagram.com/p/DK11GMZuCux/,deterministic_excluded
https://www.instagram.com/p/DHtkdi_Mw3U/,deferred_to_llm
https://www.instagram.com/p/DORQPTfjx8Q/,deferred_to_llm
https://www.instagram.com/p/DZxfD5GjqoC/,deferred_to_llm
https://www.instagram.com/p/DV32dJOFDdu/,deterministic_excluded
https://www.instagram.com/p/DRkATSsjfeo/,deferred_to_llm
https://www.instagram.com/p/DY2hQGRR8ZQ/,deferred_to_llm
https://www.instagram.com/p/C_wDr3jvR4_/,deterministic_excluded
https://www.instagram.com/p/DbJ4e3wGqIv/,deferred_to_llm
https://www.instagram.com/p/DJKnEQHROVA/,deferred_to_llm
https://www.instagram.com/p/DYZ5wBIx889/,deterministic_excluded
https://www.instagram.com/p/DNEROIQtUjZ/,deterministic_excluded
https://www.instagram.com/p/DNyR2f13BHL/,deferred_to_llm
https://www.instagram.com/p/DWUknImEgWp/,deferred_to_llm
https://www.instagram.com/p/DVJ7KNckZG5/,deterministic_excluded
https://www.instagram.com/p/C-ImQxDOTVG/,deferred_to_llm
https://www.instagram.com/p/DOi9VWbDuIx/,deferred_to_llm
https://www.instagram.com/p/DLDo4_aydms/,deterministic_excluded
https://www.instagram.com/p/DY79iI1FA_4/,deterministic_excluded
https://www.instagram.com/p/DCHuHxDvICp/,deferred_to_llm
https://www.instagram.com/p/DGEQ22OzIID/,deterministic_excluded
https://www.instagram.com/p/DY20OJPn1_D/,deterministic_excluded
https://www.instagram.com/p/Cqi014jPnJP/,deferred_to_llm
https://www.instagram.com/p/DQsLo3rjxJG/,deterministic_excluded
https://www.instagram.com/p/DRiUWBEDMXn/,deterministic_excluded
https://www.instagram.com/p/C_s94tHJ9JX/,deterministic_excluded
https://www.instagram.com/p/DWWhvsRESVD/,deferred_to_llm
https://www.instagram.com/p/C9LaNWbP-zG/,deferred_to_llm
https://www.instagram.com/p/DDfnBlovbKI/,deferred_to_llm
https://www.instagram.com/p/DUcJd5_DaWg/,deterministic_excluded
https://www.instagram.com/p/DL7hKm_oo7F/,deferred_to_llm
https://www.instagram.com/p/DL3LDWmPscM/,deferred_to_llm
https://www.instagram.com/p/DXrwzy1EXNH/,deferred_to_llm
https://www.instagram.com/p/Dav81E-EYu2/,deferred_to_llm
https://www.instagram.com/p/DakzJSDFum9/,deferred_to_llm
https://www.instagram.com/p/DYgT9mXO71m/,deferred_to_llm
https://www.instagram.com/p/DY5K65nB-bN/,deterministic_excluded
https://www.instagram.com/p/C-vki-7K6-F/,deferred_to_llm
https://www.instagram.com/p/C_f7yGeJ4Kx/,deferred_to_llm
https://www.instagram.com/p/DKa1nY2RUEE/,deferred_to_llm
https://www.instagram.com/p/DFbOdh6PuUi/,deterministic_excluded
https://www.instagram.com/p/DJ-hHBpxwPD/,deterministic_excluded
https://www.instagram.com/p/Da3C8UgCv5N/,deterministic_excluded
https://www.instagram.com/p/DP7OL8jAUjR/,deferred_to_llm
https://www.instagram.com/p/DXCJNHWkh2C/,deferred_to_llm
https://www.instagram.com/p/DcKgsL-kR7K/,deferred_to_llm
https://www.instagram.com/p/DbWiaW6HetI/,deferred_to_llm
https://www.instagram.com/p/C1r6AdNrSnD/,deferred_to_llm
https://www.instagram.com/p/DSQNL0pEcNb/,deferred_to_llm
https://www.instagram.com/p/DMJMPT3xIs0/,deferred_to_llm
https://www.instagram.com/p/DH8jyRxxImt/,deferred_to_llm
https://www.instagram.com/p/DXuf85oDg9Z/,deterministic_excluded
https://www.instagram.com/p/DX_qfGwjEgQ/,deferred_to_llm
https://www.instagram.com/p/DId9esiu52x/,deferred_to_llm
https://www.instagram.com/p/DJow2_WuL7_/,deferred_to_llm
https://www.instagram.com/p/C51Jzf1Ldo5/,deferred_to_llm
https://www.instagram.com/p/C-LZB-wvLDP/,deferred_to_llm
https://www.instagram.com/p/C8-bNBkvF-S/,deferred_to_llm
https://www.instagram.com/p/DYU1XqtgDjA/,deterministic_excluded
https://www.instagram.com/p/Da5esdgEc-Z/,deferred_to_llm
https://www.instagram.com/p/DbvUFsbCacM/,deferred_to_llm
https://www.instagram.com/p/C8X_ShdvEoH/,deferred_to_llm
https://www.instagram.com/p/DT0x9u4kQoP/,deferred_to_llm
https://www.instagram.com/p/DBNKb54OpUZ/,deferred_to_llm
https://www.instagram.com/p/C_Ernt1Paza/,deterministic_excluded
https://www.instagram.com/p/CnVyrsYODND/,deferred_to_llm
https://www.instagram.com/p/DN3R0zr3JUV/,deterministic_excluded
https://www.instagram.com/p/Db1ugWnDL9G/,deferred_to_llm
https://www.instagram.com/p/DcM75suxtVZ/,deferred_to_llm
https://www.instagram.com/p/DGOWswhz41P/,deferred_to_llm
https://www.instagram.com/p/DN6Ux58kV_y/,deferred_to_llm
https://www.instagram.com/p/DYFIs49jso_/,deferred_to_llm
https://www.instagram.com/p/DQHQ9-qjqn4/,deferred_to_llm
https://www.instagram.com/p/DOHS6e3Er5Z/,deferred_to_llm
https://www.instagram.com/p/DafoemJEtG-/,deferred_to_llm
https://www.instagram.com/p/DQ0VmnEAZgP/,deferred_to_llm
https://www.instagram.com/p/DKqHEQGPyTi/,deferred_to_llm
https://www.instagram.com/p/DOg4RdfAaGp/,deferred_to_llm
https://www.instagram.com/p/C90aGhHPqWa/,deferred_to_llm
https://www.instagram.com/p/DBXItNaOis6/,deterministic_excluded
https://www.instagram.com/p/DDvjTWjRwiW/,deterministic_excluded
https://www.instagram.com/p/DW_KaMPDpbV/,deferred_to_llm
https://www.instagram.com/p/C8Dot1euhta/,deferred_to_llm
https://www.instagram.com/p/DIzOEcfvyyc/,deferred_to_llm
https://www.instagram.com/p/DXCawmcADND/,deferred_to_llm
https://www.instagram.com/p/Da05D8BGdkA/,deferred_to_llm
https://www.instagram.com/p/C53-ag9up8Q/,deferred_to_llm
https://www.instagram.com/p/DPJe99Fjatz/,deferred_to_llm
https://www.instagram.com/p/DZaeSoVn-I-/,deterministic_excluded
https://www.instagram.com/p/DOviglzgM7_/,deferred_to_llm
https://www.instagram.com/p/DP-SgFIDcqW/,deterministic_excluded
https://www.instagram.com/p/C_oGSyXvwTC/,deferred_to_llm
https://www.instagram.com/p/DUlboVfDp0U/,deferred_to_llm
https://www.instagram.com/p/DPpQ_toCXqu/,deterministic_excluded
https://www.instagram.com/p/DD40gpgMGpU/,deterministic_excluded
https://www.instagram.com/p/DNHNvvdP8qe/,deterministic_excluded
https://www.instagram.com/p/DUpB3FfkRHQ/,deferred_to_llm
https://www.instagram.com/p/DZsQQ_0lo2w/,deferred_to_llm
https://www.instagram.com/p/DWNO5XEkfmH/,deferred_to_llm
https://www.instagram.com/p/DZvjjuTBpwp/,deterministic_excluded
https://www.instagram.com/p/DVcX5XyCOtq/,deferred_to_llm
https://www.instagram.com/p/DXerFy9Dg0B/,deterministic_excluded
https://www.instagram.com/p/DVTskvaDig1/,deterministic_excluded
https://www.instagram.com/p/DZq7CSzjd03/,deferred_to_llm
https://www.instagram.com/p/DAjG2ofvrxK/,deferred_to_llm
https://www.instagram.com/p/DCsR3xUss5K/,deferred_to_llm
https://www.instagram.com/p/DP5So8jDbZt/,deterministic_excluded
https://www.instagram.com/p/C-nZEWNOJ50/,deferred_to_llm
https://www.instagram.com/p/C9fTW6EgyPG/,deferred_to_llm
https://www.instagram.com/p/DcLWYXVm7bN/,deferred_to_llm
https://www.instagram.com/p/C45L_aQsj4m/,deferred_to_llm
https://www.instagram.com/p/DFV5DuYvHiN/,deferred_to_llm
https://www.instagram.com/p/DKNKhsMx6qp/,deterministic_excluded
https://www.instagram.com/p/DE80yJIx3V7/,deterministic_excluded
https://www.instagram.com/p/C4uE-3LOEP4/,deferred_to_llm
https://www.instagram.com/p/DLwKzsxM3Wl/,deferred_to_llm
https://www.instagram.com/p/DRxWe6Ej7cA/,deterministic_excluded
https://www.instagram.com/p/DbD6Yxpmq2J/,deterministic_excluded
https://www.instagram.com/p/DL8lCqgPcPv/,deferred_to_llm
https://www.instagram.com/p/DaNZEM5jNjy/,deterministic_excluded
https://www.instagram.com/p/C-QJMTzv7T9/,deferred_to_llm
https://www.instagram.com/p/CxIw-9Iuymj/,deferred_to_llm
https://www.instagram.com/p/DZaq_mOERgL/,deterministic_excluded
https://www.instagram.com/p/DPZIrzrk95O/,deterministic_excluded
https://www.instagram.com/p/DRkH_FlD_Me/,deterministic_excluded
https://www.instagram.com/p/DCmhmBSRHZy/,deterministic_excluded
https://www.instagram.com/p/DJFjWbsSAGZ/,deferred_to_llm
https://www.instagram.com/p/DcJhjfqnHTk/,deferred_to_llm
https://www.instagram.com/p/DNbiLVauslf/,deferred_to_llm
https://www.instagram.com/p/DOOjIlmjVRq/,deterministic_excluded
https://www.instagram.com/p/DNJcRujzr2a/,deferred_to_llm
https://www.instagram.com/p/DJ7nyAwsng_/,deferred_to_llm
https://www.instagram.com/p/DbL9o8ThO-F/,deferred_to_llm
https://www.instagram.com/p/DGI52hmxgfP/,deferred_to_llm
https://www.instagram.com/p/DbDvCQHDRLM/,deferred_to_llm
https://www.instagram.com/p/DJ5ime4M7nL/,deferred_to_llm
https://www.instagram.com/p/DH6gClVvlE3/,deferred_to_llm
https://www.instagram.com/p/DKavTXCoREj/,deferred_to_llm
https://www.instagram.com/p/DcP6qnoO4Hs/,deferred_to_llm
https://www.instagram.com/p/DV9FeDIlK74/,deferred_to_llm
https://www.instagram.com/p/DXXWtdmiWey/,deterministic_excluded
https://www.instagram.com/p/DQzhKjKD_Hn/,deterministic_excluded
https://www.instagram.com/p/DM2sXMeRSF9/,deferred_to_llm
https://www.instagram.com/p/DZqL-0nma3T/,deferred_to_llm
https://www.instagram.com/p/DGOnyk6s0W4/,deferred_to_llm
https://www.instagram.com/p/DYw1ZMfuqwg/,deterministic_excluded
https://www.instagram.com/p/DVjc7ViiWt_/,deferred_to_llm
https://www.instagram.com/p/DOJIX4rjDdt/,deferred_to_llm
https://www.instagram.com/p/Db_K8JxkVLx/,deferred_to_llm
https://www.instagram.com/p/DTyuXU9DTf-/,deferred_to_llm
https://www.instagram.com/p/DbtBfkrj-YS/,deterministic_excluded
https://www.instagram.com/p/DD-Pw1avGHI/,deferred_to_llm
https://www.instagram.com/p/DZnDA6kujAG/,deferred_to_llm
https://www.instagram.com/p/C---N-6Sl6r/,deferred_to_llm
https://www.instagram.com/p/DFYbxOTh6dn/,deferred_to_llm
https://www.instagram.com/p/DasHHPSRNRt/,deferred_to_llm
https://www.instagram.com/p/DW7tAAXmtUY/,deferred_to_llm
https://www.instagram.com/p/DB1RAFRxu2f/,deferred_to_llm
https://www.instagram.com/p/DYUtnBckUJs/,deferred_to_llm
https://www.instagram.com/p/DKfEfPYNeG2/,deferred_to_llm
https://www.instagram.com/p/DP4aVtfD5X4/,deferred_to_llm
https://www.instagram.com/p/DN_NXGZjjOl/,deferred_to_llm
https://www.instagram.com/p/DbrRfZBjaYu/,deferred_to_llm
https://www.instagram.com/p/DT4NvZeDCZN/,deferred_to_llm
https://www.instagram.com/p/DUTwFVUjqdq/,deterministic_excluded
https://www.instagram.com/p/DY5iBBBxbXP/,deferred_to_llm
https://www.instagram.com/p/DAJv5xmPZT2/,deferred_to_llm
https://www.instagram.com/p/DG1k82TPWYN/,deferred_to_llm
https://www.instagram.com/p/DVU_7gKl6lW/,deferred_to_llm
https://www.instagram.com/p/DRnuqb5DPBN/,deferred_to_llm
https://www.instagram.com/p/C4YuUShPTRx/,deterministic_excluded
https://www.instagram.com/p/DS2mbcbjj2g/,deferred_to_llm
https://www.instagram.com/p/DU_GN0RGCS1/,deterministic_excluded
https://www.instagram.com/p/DZfp6IyHWvt/,deterministic_excluded
https://www.instagram.com/p/DXs3jSnDPWn/,deterministic_excluded
https://www.instagram.com/p/DRx1xYXjKnn/,deterministic_excluded
https://www.instagram.com/p/DWUw7PnlEWW/,deterministic_excluded
https://www.instagram.com/p/C_Nuk8YOaMN/,deferred_to_llm
https://www.instagram.com/p/DZX3CIeEcWR/,deferred_to_llm
https://www.instagram.com/p/DcJ7a83RaTq/,deterministic_excluded
https://www.instagram.com/p/DPHA2uQjURN/,deterministic_excluded
https://www.instagram.com/p/CvLXp2nrBVH/,deterministic_excluded
https://www.instagram.com/p/C-_Is5OSioT/,deferred_to_llm
https://www.instagram.com/p/DUgKS-eAHWM/,deterministic_excluded
https://www.instagram.com/p/DHL3RUTMROb/,deterministic_excluded
https://www.instagram.com/p/DHoQwuExXRv/,deferred_to_llm
https://www.instagram.com/p/DQsq_VkDTjS/,deterministic_excluded
https://www.instagram.com/p/DaqC4AjkXxB/,deferred_to_llm
https://www.instagram.com/p/DG3XSHtxFWG/,deterministic_excluded
https://www.instagram.com/p/DTbTY6iDZFo/,deterministic_excluded
https://www.instagram.com/p/DbL7p_qILNc/,deferred_to_llm
https://www.instagram.com/p/DU3tKDrGvb8/,deferred_to_llm
https://www.instagram.com/p/DWhfpnaAjgR/,deferred_to_llm
https://www.instagram.com/p/DHbUHAcpZyu/,deterministic_excluded
https://www.instagram.com/p/DGTagomusaD/,deferred_to_llm
https://www.instagram.com/p/DbwfzPjFuQk/,deferred_to_llm
https://www.instagram.com/p/C49b3KNOwvd/,deferred_to_llm
https://www.instagram.com/p/C2h7wZRuHMz/,deferred_to_llm
https://www.instagram.com/p/DGTkZPbyO8K/,deterministic_excluded
https://www.instagram.com/p/DSqZ-m8kr9h/,deferred_to_llm
https://www.instagram.com/p/DVrSyKSj2JZ/,deterministic_excluded
https://www.instagram.com/p/Db2pVv6m2hd/,deferred_to_llm
https://www.instagram.com/p/DcMIp8EHFLf/,deterministic_excluded
https://www.instagram.com/p/DRIwG-SEdAT/,deferred_to_llm
https://www.instagram.com/p/DBRe5M3vkrC/,deterministic_excluded
https://www.instagram.com/p/DJeQzrEsBJz/,deferred_to_llm
https://www.instagram.com/p/DCPQdKePyRO/,deterministic_excluded
https://www.instagram.com/p/DcJtvxKm0WE/,deferred_to_llm
https://www.instagram.com/p/C9Na_5SxZfF/,deferred_to_llm
https://www.instagram.com/p/DMGqyWxvML1/,deferred_to_llm
https://www.instagram.com/p/DIO3cqOxlaR/,deferred_to_llm
https://www.instagram.com/p/DBzXctPvmEc/,deferred_to_llm
https://www.instagram.com/p/DXCtNoLCfrI/,deferred_to_llm
https://www.instagram.com/p/C-7xl_Otp5p/,deterministic_excluded
https://www.instagram.com/p/C9kqNt_uB0K/,deterministic_excluded
https://www.instagram.com/p/DPwg3wxDrsj/,deterministic_excluded
https://www.instagram.com/p/DcOrONggZzE/,deferred_to_llm
https://www.instagram.com/p/DFD82MXvj8E/,deterministic_excluded
https://www.instagram.com/p/DYIhEAnxu4g/,deterministic_excluded
https://www.instagram.com/p/CqggW5nv9il/,deferred_to_llm
https://www.instagram.com/p/DLA-8thv8PS/,deterministic_excluded
https://www.instagram.com/p/DZfIs9LFi4i/,deferred_to_llm
https://www.instagram.com/p/DYnPswXkWHh/,deterministic_excluded
https://www.instagram.com/p/DUbjYLDE-8U/,deterministic_excluded
https://www.instagram.com/p/DZcynumjuqe/,deferred_to_llm
https://www.instagram.com/p/DZIC7DJRdgk/,deferred_to_llm
https://www.instagram.com/p/DYfp3papmNA/,deferred_to_llm
https://www.instagram.com/p/C56mfkNvfFJ/,deterministic_excluded
https://www.instagram.com/p/DUwcdjKFKoJ/,deferred_to_llm
https://www.instagram.com/p/DaB9qfxjjVs/,deferred_to_llm
https://www.instagram.com/p/DPWlMgYkQjY/,deferred_to_llm
https://www.instagram.com/p/DYNGWgelj-3/,deferred_to_llm
https://www.instagram.com/p/DWjcUuzgjvM/,deterministic_excluded
https://www.instagram.com/p/DD0L0KAv4Dp/,deferred_to_llm
https://www.instagram.com/p/DafxS-3BtYQ/,deferred_to_llm
https://www.instagram.com/p/DFLVpB5xHck/,deferred_to_llm
https://www.instagram.com/p/DYqcoF-lE-F/,deferred_to_llm
https://www.instagram.com/p/DKxELIzxrWm/,deferred_to_llm
https://www.instagram.com/p/DSh39vKjBG5/,deferred_to_llm
https://www.instagram.com/p/DQvqcQkDQp2/,deferred_to_llm
https://www.instagram.com/p/DRbTRgaDXpj/,deterministic_excluded
https://www.instagram.com/p/DcPHyWtGhbf/,deferred_to_llm
https://www.instagram.com/p/DavLzIWFXgV/,deferred_to_llm
https://www.instagram.com/p/DIywKLmz4AZ/,deferred_to_llm
https://www.instagram.com/p/DZxZAO7h13I/,deferred_to_llm
https://www.instagram.com/p/C3nf7KbLj-v/,deferred_to_llm
https://www.instagram.com/p/DaRLrW6mE_g/,deterministic_excluded
https://www.instagram.com/garden_banquets_chicago/,deterministic_excluded
https://www.instagram.com/p/DD7fNjfv_uy/,deferred_to_llm
https://www.instagram.com/p/DZGysA2JR8g/,deferred_to_llm
https://www.instagram.com/p/DE8Cck1PWFd/,deferred_to_llm
https://www.instagram.com/p/DZJnz4kAKnw/,deferred_to_llm
https://www.instagram.com/p/DT0tSU-kY7O/,deferred_to_llm
https://www.instagram.com/p/DWPKpy5iReZ/,deterministic_excluded
https://www.instagram.com/p/DaGIiVqDunC/,deferred_to_llm
https://www.instagram.com/p/DRaIa-ykWjE/,deterministic_excluded
https://www.instagram.com/p/DMgf3evPmFE/,deferred_to_llm
https://www.instagram.com/p/C6UH64lPYrI/,deterministic_excluded
https://www.instagram.com/p/DMLOlTVMl0A/,deterministic_excluded
https://www.instagram.com/p/DYksfCWkR_O/,deterministic_excluded
https://www.instagram.com/p/DQXnHumkbwq/,deferred_to_llm
https://www.instagram.com/p/DL0PRkjPaJJ/,deferred_to_llm
https://www.instagram.com/p/DWRJt1xDoVC/,deterministic_excluded
https://www.instagram.com/p/DQZpY7iEeWc/,deferred_to_llm
https://www.instagram.com/p/DTg7qL1DDBQ/,deterministic_excluded
https://www.instagram.com/p/CroVhlOpL91/,deferred_to_llm
https://www.instagram.com/p/DO3qg-aEZLo/,deferred_to_llm
https://www.instagram.com/p/Db9DbcGkXh5/,deferred_to_llm
https://www.instagram.com/p/DPZ2fRkkmKk/,deferred_to_llm
https://www.instagram.com/p/Db3SXbuDJdl/,deterministic_excluded
https://www.instagram.com/p/DNy09PE5LqD/,deferred_to_llm
https://www.instagram.com/p/DYvhtQZJH5S/,deterministic_excluded
https://www.instagram.com/p/C_4DZzov_Xq/,deterministic_excluded
https://www.instagram.com/p/DbYrWqOlaAE/,deferred_to_llm
https://www.instagram.com/p/DOTYog7DYFq/,deferred_to_llm
https://www.instagram.com/p/DOJvksIEfLw/,deferred_to_llm
https://www.instagram.com/p/DS6eRg2EhuA/,deferred_to_llm
https://www.instagram.com/p/DNYcB9fxNl9/,deferred_to_llm
https://www.instagram.com/p/DaWc8H_ALD0/,deterministic_excluded
https://www.instagram.com/p/C7o9hISxO9K/,deferred_to_llm
https://www.instagram.com/p/C-WmYjox2iS/,deferred_to_llm
https://www.instagram.com/p/C7PKXDGu7T9/,deferred_to_llm
https://www.instagram.com/p/DLlXC9FtH2l/,deterministic_excluded
https://www.instagram.com/p/DJcKeazPJlr/,deferred_to_llm
https://www.instagram.com/p/DLxBvqvxfn9/,deterministic_excluded
https://www.instagram.com/p/DWSMAnsEryR/,deterministic_excluded
https://www.instagram.com/p/DN_V2l9D85I/,deferred_to_llm
https://www.instagram.com/p/DPCf-UDiQep/,deterministic_excluded
https://www.instagram.com/p/DQFgQvKkmA5/,deferred_to_llm
https://www.instagram.com/p/DanQbriueqz/,deterministic_excluded
https://www.instagram.com/p/DTJJTf6EY0h/,deferred_to_llm
https://www.instagram.com/p/DSyotRiEbm-/,deferred_to_llm
https://www.instagram.com/p/DYffZDnisub/,deferred_to_llm
https://www.instagram.com/p/DI38hqkxSkc/,deferred_to_llm
https://www.instagram.com/p/Cs9OZmyLcEt/,deferred_to_llm
https://www.instagram.com/p/DQZ8W2xkgUr/,deferred_to_llm
https://www.instagram.com/p/DGoYU7Azu42/,deterministic_excluded
https://www.instagram.com/p/C65VRr8rHr8/,deterministic_excluded
https://www.instagram.com/p/DbJGcGYk_5U/,deterministic_excluded
https://www.instagram.com/p/C1u9ifZPVnr/,deferred_to_llm
https://www.instagram.com/p/DcBp1GhIC84/,deterministic_excluded
https://www.instagram.com/p/DYKS7zQudds/,deferred_to_llm
https://www.instagram.com/p/Db8oVJSkUMC/,deferred_to_llm
https://www.instagram.com/p/DPl5XCsgGBH/,deferred_to_llm
https://www.instagram.com/p/DDumIk5v3Aj/,deterministic_excluded
https://www.instagram.com/p/DXVCP3aiU_h/,deterministic_excluded
https://www.instagram.com/p/Db4GXnzEdy4/,deferred_to_llm
https://www.instagram.com/p/DB5K2_PRcft/,deferred_to_llm
https://www.instagram.com/p/DbECEcpjAu9/,deferred_to_llm
https://www.instagram.com/p/Db_cJ_tEsy_/,deterministic_excluded
https://www.instagram.com/p/DZ-6Bx2khuJ/,deferred_to_llm
https://www.instagram.com/p/DbBQm_ku90i/,deferred_to_llm
https://www.instagram.com/p/DXFMUwcArIT/,deferred_to_llm
https://www.instagram.com/p/C58agrmxU6k/,deferred_to_llm
https://www.instagram.com/p/DTbcXw4Dk76/,deterministic_excluded
https://www.instagram.com/p/DNoXLkfSkRQ/,deterministic_excluded
https://www.instagram.com/p/DSlGeUrkc_2/,deferred_to_llm
https://www.instagram.com/p/DUUDwUpDRft/,deterministic_excluded
https://www.instagram.com/p/DULzHIyEfIW/,deferred_to_llm
https://www.instagram.com/p/DVL5zwPgG0p/,deferred_to_llm
https://www.instagram.com/p/C2-1batCnOx/,deferred_to_llm
https://www.instagram.com/p/DZp00rXjuyc/,deferred_to_llm
https://www.instagram.com/p/DMiRkIlxAq0/,deterministic_excluded
https://www.instagram.com/p/DJ-JeJIvvs6/,deferred_to_llm
https://www.instagram.com/p/DaO78WkDpKI/,deferred_to_llm
https://www.instagram.com/p/DZXQY5BEawO/,deferred_to_llm
https://www.instagram.com/p/CrR0E5HsB7l/,deterministic_excluded
https://www.instagram.com/p/DFIpw6QxjRM/,deferred_to_llm
https://www.instagram.com/p/DVesohdD0MY/,deterministic_excluded
https://www.instagram.com/p/DA1xuHDgyXr/,deterministic_excluded
https://www.instagram.com/p/DKTZk7wsbW8/,deterministic_excluded
https://www.instagram.com/p/DNqZpdMs9Tb/,deterministic_excluded
https://www.instagram.com/p/C379g21L1tv/,deferred_to_llm
https://www.instagram.com/p/DBZLOvdNQx9/,deterministic_excluded
https://www.instagram.com/p/DBjZlaVoAGO/,deferred_to_llm
https://www.instagram.com/p/DBo7TobPewo/,deterministic_excluded
https://www.instagram.com/p/DPePQPxDqZM/,deferred_to_llm
https://www.instagram.com/p/DSYXqqnEkWD/,deterministic_excluded
https://www.instagram.com/p/DLqK-47NMk_/,deferred_to_llm
https://www.instagram.com/p/DcG6kHvRAIg/,deferred_to_llm
https://www.instagram.com/p/DABhfwZJ-DZ/,deferred_to_llm
https://www.instagram.com/p/DSdcIk4lKXY/,deferred_to_llm
https://www.instagram.com/p/Cofib_TOBCX/,deterministic_excluded
https://www.instagram.com/p/DRBFF_tDkws/,deferred_to_llm
https://www.instagram.com/p/DRRPonglcdg/,deterministic_excluded
https://www.instagram.com/p/DTvsNurj4mK/,deterministic_excluded
https://www.instagram.com/p/C_3mptbvj-x/,deferred_to_llm
https://www.instagram.com/p/DLGZxDSPggW/,deterministic_excluded
https://www.instagram.com/p/DUvbQKygR3v/,deterministic_excluded
https://www.instagram.com/p/DQsKe-QjNR9/,deferred_to_llm
https://www.instagram.com/p/DJ41VlsIHdD/,deterministic_excluded
https://www.instagram.com/p/Dbf18UAjsL2/,deferred_to_llm
https://www.instagram.com/p/DYXbPLIR0Fb/,deferred_to_llm
https://www.instagram.com/p/DUmSa-7jekb/,deferred_to_llm
https://www.instagram.com/p/DYSQP-RFSq3/,deterministic_excluded
https://www.instagram.com/p/DWC6fiijVKY/,deferred_to_llm
https://www.instagram.com/p/DRDT1UmEuRZ/,deterministic_excluded
https://www.instagram.com/p/DPtn6ZuDNz-/,deferred_to_llm
https://www.instagram.com/p/DXFcVA4D6Ks/,deterministic_excluded
https://www.instagram.com/p/DSqDTiSAVas/,deferred_to_llm
https://www.instagram.com/p/DZ5x2JDSJCM/,deferred_to_llm
https://www.instagram.com/p/DYhskdIgCeP/,deterministic_excluded
https://www.instagram.com/p/DD0Pv43uY_j/,deferred_to_llm
https://www.instagram.com/p/DG380F-RNl-/,deferred_to_llm
https://www.instagram.com/p/DZ_DKzhCdYH/,deferred_to_llm
https://www.instagram.com/p/DZ70shgk5HZ/,deterministic_excluded
https://www.instagram.com/p/DI_9tN5x9TO/,deterministic_excluded
https://www.instagram.com/p/DWjSdURFnM_/,deferred_to_llm
https://www.instagram.com/p/DZtWljADNhd/,deferred_to_llm
https://www.instagram.com/p/Db8i0ZPoN3v/,deferred_to_llm
https://www.instagram.com/p/DRpw4pnFclo/,deferred_to_llm
https://www.instagram.com/p/Dbz2hvjkaU3/,deterministic_excluded
https://www.instagram.com/p/DMQwjxlPACV/,deterministic_excluded
https://www.instagram.com/p/DanhEdilgWW/,deterministic_excluded
https://www.instagram.com/p/DH8zvv_RLgr/,deferred_to_llm
https://www.instagram.com/p/DSYTWytjT6p/,deterministic_excluded
https://www.instagram.com/p/CoDPr3Suyrr/,deferred_to_llm
https://www.instagram.com/p/DYdh374Ng8Y/,deferred_to_llm
https://www.instagram.com/p/DajC_uQylKK/,deferred_to_llm
https://www.instagram.com/p/DAFCffbuRnj/,deferred_to_llm
https://www.instagram.com/p/DQUFjnijHiI/,deferred_to_llm
https://www.instagram.com/p/DX3E7nuiH5Q/,deterministic_excluded
https://www.instagram.com/p/C2kggvDrjrT/,deferred_to_llm
https://www.instagram.com/p/DKu3XfOxA-U/,deferred_to_llm
https://www.instagram.com/p/DBeLwS0uWb4/,deferred_to_llm
https://www.instagram.com/p/DaqbCxLi2iG/,deferred_to_llm
https://www.instagram.com/p/C44GR3wrXFa/,deterministic_excluded
https://www.instagram.com/p/Da5sczqieow/,deferred_to_llm
https://www.instagram.com/p/DW9XBA7GgRO/,deterministic_excluded
https://www.instagram.com/p/DGYcEH6Ovws/,deterministic_excluded
https://www.instagram.com/p/DZX2DT9OEM8/,deterministic_excluded
https://www.instagram.com/p/DKvkyVYME0v/,deferred_to_llm
https://www.instagram.com/p/Da_PWT8Nfp0/,deferred_to_llm
https://www.instagram.com/p/C66yEUlu_yo/,deferred_to_llm
https://www.instagram.com/p/DW4N7WNjbv1/,deferred_to_llm
https://www.instagram.com/p/DaX_XhRmmzv/,deterministic_excluded
https://www.instagram.com/p/CwrNFk4sPAG/,deterministic_excluded
https://www.instagram.com/p/DGoNFLSvQof/,deferred_to_llm
https://www.instagram.com/p/DZ5pNI1nB3u/,deferred_to_llm
https://www.instagram.com/p/DOYSukXDoFj/,deferred_to_llm
https://www.instagram.com/p/Db6jyH9N7ny/,deterministic_excluded
https://www.instagram.com/p/DHTadOSiF7E/,deferred_to_llm
https://www.instagram.com/p/DO3vck1EUyj/,deferred_to_llm
https://www.instagram.com/p/C53VZKvLIkl/,deferred_to_llm
https://www.instagram.com/p/DP4Xd0Jk1Bm/,deferred_to_llm
https://www.instagram.com/p/DQNal6KD3az/,deferred_to_llm
https://www.instagram.com/p/DVWVWP7GlAg/,deferred_to_llm
https://www.instagram.com/p/DNQ19eJxnEC/,deferred_to_llm
https://www.instagram.com/p/C5JKb41rOTF/,deferred_to_llm
https://www.instagram.com/p/DYNZb_XIE8n/,deferred_to_llm
https://www.instagram.com/p/DWXFRQSAO6C/,deterministic_excluded
https://www.instagram.com/p/DLtAt9pPuxN/,deferred_to_llm
https://www.instagram.com/p/DIH6Z2bg78h/,deferred_to_llm
https://www.instagram.com/p/DNBc29explF/,deferred_to_llm
https://www.instagram.com/p/DN4AM9-CTeI/,deferred_to_llm
https://www.instagram.com/p/DKap5INP9td/,deferred_to_llm
https://www.instagram.com/p/DQ5DaV4iYqX/,deterministic_excluded
https://www.instagram.com/p/DCPdYKrSDmQ/,deferred_to_llm
https://www.instagram.com/p/C2NPMeyMni9/,deferred_to_llm
https://www.instagram.com/p/DaOeap2Ielu/,deferred_to_llm
https://www.instagram.com/p/DWHUlDsEbRp/,deterministic_excluded
https://www.instagram.com/p/DQZl__5k0Oc/,deterministic_excluded
https://www.instagram.com/p/DYfA41dnz2y/,deterministic_excluded
https://www.instagram.com/p/DQVTKjwj2qs/,deterministic_excluded
https://www.instagram.com/p/DGdlLouRaZp/,deterministic_excluded
https://www.instagram.com/p/DSTDZsSkpG5/,deterministic_excluded
https://www.instagram.com/p/DD9xZEKxiCD/,deferred_to_llm
https://www.instagram.com/p/DVpiA0cjPfh/,deferred_to_llm
https://www.instagram.com/p/DbB6LETlOfV/,deferred_to_llm
https://www.instagram.com/p/DVLvmRMjOTX/,deterministic_excluded
https://www.instagram.com/p/DZ3oLLpDTf1/,deferred_to_llm
https://www.instagram.com/p/DJ21NevpjV9/,deferred_to_llm
https://www.instagram.com/p/C3vT_FnxdrF/,deferred_to_llm
https://www.instagram.com/p/C4URLuXoL8Y/,deferred_to_llm
https://www.instagram.com/p/DTMC-MTDXj9/,deterministic_excluded
https://www.instagram.com/p/C1nfPmfL3gw/,deferred_to_llm
https://www.instagram.com/p/C_o0BpNPHSq/,deferred_to_llm
https://www.instagram.com/p/DEKyV9BsNgI/,deterministic_excluded
https://www.instagram.com/p/DN1Y6js0owx/,deterministic_excluded
https://www.instagram.com/p/Dbba8xUxu2V/,deterministic_excluded
https://www.instagram.com/p/DNGVKMERY09/,deferred_to_llm
https://www.instagram.com/p/DRAwJnmEiGL/,deferred_to_llm
https://www.instagram.com/p/DKfxQhePGcU/,deterministic_excluded
https://www.instagram.com/p/DTLFaGRDW_s/,deferred_to_llm
https://www.instagram.com/p/DZ0ZNl5pmEv/,deterministic_excluded
https://www.instagram.com/p/Dbi12QtpNhX/,deferred_to_llm
https://www.instagram.com/p/DMd4XjsykXh/,deterministic_excluded
https://www.instagram.com/p/DIoQ5OcO0oz/,deferred_to_llm
https://www.instagram.com/p/DFS0gNGuAGY/,deferred_to_llm
https://www.instagram.com/p/DZnj2v1FVtY/,deferred_to_llm
https://www.instagram.com/p/DIj1csIPRFo/,deferred_to_llm
https://www.instagram.com/p/DbDxyZMCAkL/,deferred_to_llm
https://www.instagram.com/p/DV3aXLijYa0/,deterministic_excluded
https://www.instagram.com/p/DcEF81rCKhl/,deferred_to_llm
https://www.instagram.com/p/DRXdvprlIMt/,deterministic_excluded
https://www.instagram.com/p/DL8GcrNP5cl/,deterministic_excluded
https://www.instagram.com/p/DPO-bUzE1Q7/,deferred_to_llm
https://www.instagram.com/p/DTmKnrZiOMS/,deterministic_excluded
https://www.instagram.com/p/DaIgCdUAK2-/,deferred_to_llm
https://www.instagram.com/p/DPHPp6ZEUxd/,deterministic_excluded
https://www.instagram.com/p/DY5XM9LOUV1/,deterministic_excluded
https://www.instagram.com/p/DOPEFodkcsI/,deferred_to_llm
https://www.instagram.com/p/DGBUWE8Ocmt/,deterministic_excluded
https://www.instagram.com/p/DXzRbP2FuSh/,deterministic_excluded
https://www.instagram.com/p/DIADSmCvsti/,deferred_to_llm
https://www.instagram.com/p/DWjjhQnDjFf/,deferred_to_llm
https://www.instagram.com/p/C0IIjucrJZB/,deterministic_excluded
https://www.instagram.com/p/DYsEq-iRYTh/,deterministic_excluded
https://www.instagram.com/p/DDxBtUoxBWA/,deferred_to_llm
https://www.instagram.com/p/DKR5ZSHxZWP/,deterministic_excluded
https://www.instagram.com/p/DXAlB8qiSFX/,deterministic_excluded
https://www.instagram.com/p/DHZR6LVRkzx/,deferred_to_llm
https://www.instagram.com/p/DbtGEEam2d5/,deterministic_excluded
https://www.instagram.com/p/DW7RdAGDb9z/,deterministic_excluded
https://www.instagram.com/p/CtwnW5Xr5WN/,deferred_to_llm
https://www.instagram.com/p/DY5CVK8yw_L/,deferred_to_llm
https://www.instagram.com/p/DE7YMF5soKz/,deterministic_excluded
https://www.instagram.com/p/DS2tRhhlJeX/,deferred_to_llm
https://www.instagram.com/p/DDpkD32vhv_/,deterministic_excluded
https://www.instagram.com/p/DRXT8kKDbDd/,deterministic_excluded
https://www.instagram.com/p/DNgVvTTOxJg/,deferred_to_llm
https://www.instagram.com/p/DXzzFv6CWZe/,deterministic_excluded
https://www.instagram.com/p/DOEWQp4Ca88/,deterministic_excluded
https://www.instagram.com/p/DQIKO8EkSXN/,deterministic_excluded
https://www.instagram.com/p/DO_UBRxjHqo/,deterministic_excluded
https://www.instagram.com/p/C-IQlX8xAhq/,deterministic_excluded
https://www.instagram.com/p/DOrtywtjZ4N/,deferred_to_llm
https://www.instagram.com/p/DUaxR9nDiS6/,deterministic_excluded
https://www.instagram.com/p/DUmTuYZFLuU/,deferred_to_llm
https://www.instagram.com/p/DSbAu4HAPdF/,deferred_to_llm
https://www.instagram.com/p/DSYhCBMDwaa/,deferred_to_llm
https://www.instagram.com/p/DV1oPxgE7Vb/,deterministic_excluded
https://www.instagram.com/p/DUBBCTagESd/,deferred_to_llm
https://www.instagram.com/p/DaiLZGRO4N0/,deferred_to_llm
https://www.instagram.com/p/DQadNkijLE7/,deferred_to_llm
https://www.instagram.com/p/DZ82v4qOysB/,deferred_to_llm
https://www.instagram.com/p/DEi1JnIP2TV/,deterministic_excluded
https://www.instagram.com/p/DHTwMn7RFIT/,deterministic_excluded
https://www.instagram.com/p/DCh3sBHvx3Q/,deferred_to_llm
https://www.instagram.com/p/DVyxhJmlPJ9/,deterministic_excluded
https://www.instagram.com/p/DN09Wl4Xs9y/,deterministic_excluded
https://www.instagram.com/p/DRVZ5vUjYHD/,deferred_to_llm
https://www.instagram.com/p/DSahRquj9CK/,deferred_to_llm
https://www.instagram.com/p/C4k3ZCngXp4/,deterministic_excluded
https://www.instagram.com/p/DXhvXhtAvqU/,deferred_to_llm
https://www.instagram.com/p/DKvI4QgMN5T/,deferred_to_llm
https://www.instagram.com/p/Daau8b3xO7I/,deferred_to_llm
https://www.instagram.com/p/DYSO-KCDoaB/,deferred_to_llm
https://www.instagram.com/p/C_bz5ivPqVx/,deferred_to_llm
https://www.instagram.com/p/DaOGJIyFBs4/,deferred_to_llm
https://www.instagram.com/p/DMBqvUZP9ew/,deferred_to_llm
https://www.instagram.com/p/DU_8_RSD-mw/,deferred_to_llm
https://www.instagram.com/p/DOWFjQUEbPc/,deferred_to_llm
https://www.instagram.com/p/DY47FXLk39j/,deferred_to_llm
https://www.instagram.com/p/DYkNf72jr2t/,deferred_to_llm
https://www.instagram.com/p/DZup7jpSAa6/,deferred_to_llm
https://www.instagram.com/p/DZ816PnzUAU/,deferred_to_llm
https://www.instagram.com/p/DMv7Z0Ky0Qs/,deferred_to_llm
https://www.instagram.com/p/DZDfDHzH1eu/,deferred_to_llm
https://www.instagram.com/p/DDGROxaRnbS/,deterministic_excluded
https://www.instagram.com/p/DZQ4JZ-CXrY/,deferred_to_llm
https://www.instagram.com/p/DQVau24Cexf/,deferred_to_llm
https://www.instagram.com/p/DWC9CwclAth/,deterministic_excluded
https://www.instagram.com/p/DYu8dLRD4dg/,deferred_to_llm
https://www.instagram.com/p/DMpr7v3RtLY/,deferred_to_llm
https://www.instagram.com/p/DLOOslIvx30/,deferred_to_llm
https://www.instagram.com/p/Db_6a-MvMP5/,deferred_to_llm
https://www.instagram.com/p/DYmmdJLEZ07/,deterministic_excluded
https://www.instagram.com/p/DEnFtInxFG-/,deterministic_excluded
https://www.instagram.com/p/C_1iF7gPjSg/,deterministic_excluded
https://www.instagram.com/p/C7G5i0UAKkM/,deterministic_excluded
https://www.instagram.com/p/DZAd6wAlW-Y/,deferred_to_llm
https://www.instagram.com/p/C1DXlk0urEJ/,deferred_to_llm
https://www.instagram.com/p/C2A9EZmvGh1/,deferred_to_llm
https://www.instagram.com/p/DYknTgPn73R/,deferred_to_llm
https://www.instagram.com/p/DVylGTaEXrz/,deferred_to_llm
https://www.instagram.com/p/C-Td_dHB6Hd/,deferred_to_llm
https://www.instagram.com/p/DDPoZYKROpC/,deferred_to_llm
https://www.instagram.com/p/DPJSdoajjmK/,deferred_to_llm
https://www.instagram.com/p/C3nvxthPziM/,deferred_to_llm
https://www.instagram.com/p/DH6xLJpvtRu/,deferred_to_llm
https://www.instagram.com/p/DN3T2BKQPkl/,deferred_to_llm
https://www.instagram.com/p/DVkY_XxDWBc/,deterministic_excluded
https://www.instagram.com/p/Da1VXUdGy4o/,deferred_to_llm
https://www.instagram.com/p/DRChfhzkUCi/,deferred_to_llm
https://www.instagram.com/p/C6uTLlsPith/,deterministic_excluded
https://www.instagram.com/p/DY5sfLCleZJ/,deferred_to_llm
https://www.instagram.com/p/DFsjsy9CqpX/,deterministic_excluded
https://www.instagram.com/p/Cr8hyvQrfQx/,deterministic_excluded
https://www.instagram.com/p/DZs1w-aAdwk/,deferred_to_llm
https://www.instagram.com/p/DEldcbdxWup/,deferred_to_llm
https://www.instagram.com/p/DKGPoJNOjvf/,deferred_to_llm
https://www.instagram.com/p/DD8SGvAosa_/,deferred_to_llm
https://www.instagram.com/p/DJwdh67RcLc/,deterministic_excluded
https://www.instagram.com/p/DMY1DNlPWqO/,deferred_to_llm
https://www.instagram.com/p/DQ-_hvPDYao/,deterministic_excluded
https://www.instagram.com/p/DQCN01ujD-K/,deferred_to_llm
https://www.instagram.com/p/C-K_n-VN8U6/,deferred_to_llm
https://www.instagram.com/p/DcRu5Sbgb0T/,deferred_to_llm
https://www.instagram.com/p/Db5bbHOki0Z/,deterministic_excluded
https://www.instagram.com/p/DOUpt6njW1W/,deferred_to_llm
https://www.instagram.com/p/DAgXyigvPKD/,deferred_to_llm
https://www.instagram.com/p/DDwzO5msr09/,deterministic_excluded
https://www.instagram.com/p/DKfvgyrPULb/,deferred_to_llm
https://www.instagram.com/p/DUljlfFkXtp/,deferred_to_llm
https://www.instagram.com/p/C5GyTdjLIeM/,deferred_to_llm
https://www.instagram.com/p/Db67zw3AjrD/,deferred_to_llm
https://www.instagram.com/p/DYqoCctkXnk/,deferred_to_llm
https://www.instagram.com/p/Cx9KIVxOsHo/,deferred_to_llm
https://www.instagram.com/p/CwOF0YQuEne/,deferred_to_llm
https://www.instagram.com/p/DNRYghaPkU9/,deferred_to_llm
https://www.instagram.com/p/DIT56qkxVxb/,deferred_to_llm
https://www.instagram.com/p/DYPdGVUgvfo/,deferred_to_llm
https://www.instagram.com/p/DaQSeWdme0l/,deferred_to_llm
https://www.instagram.com/p/DKR4n-gRQjD/,deferred_to_llm
https://www.instagram.com/p/C2lFdmrMkSP/,deferred_to_llm
https://www.instagram.com/p/Dboy872jcTO/,deferred_to_llm
https://www.instagram.com/p/DFjLX0mu4Ez/,deferred_to_llm
https://www.instagram.com/p/CxTvcpsxdMo/,deferred_to_llm
https://www.instagram.com/p/DaL_-IMgj-t/,deferred_to_llm
https://www.instagram.com/p/DZ0BLFbDTEF/,deferred_to_llm
https://www.instagram.com/p/DMGBtpsMMiH/,deterministic_excluded
https://www.instagram.com/p/DaI82K2lTCH/,deferred_to_llm
https://www.instagram.com/p/DbbauyzxtPV/,deterministic_excluded
https://www.instagram.com/p/DZ6JJeJFLPI/,deferred_to_llm
https://www.instagram.com/p/DVhScH8D8WV/,deferred_to_llm
https://www.instagram.com/p/DNeKUnkusjz/,deferred_to_llm
https://www.instagram.com/p/DOoIxjgNcmn/,deferred_to_llm
https://www.instagram.com/p/DA38VeGyaSz/,deferred_to_llm
https://www.instagram.com/p/DRVP2cAD93q/,deterministic_excluded
https://www.instagram.com/p/C10RRsULCHb/,deferred_to_llm
https://www.instagram.com/p/DbNxKUuRAhj/,deterministic_excluded
https://www.instagram.com/p/DEP0sqpxwhV/,deferred_to_llm
https://www.instagram.com/p/DGyJJwvPtbF/,deferred_to_llm
https://www.instagram.com/p/DQpBo6CgEb8/,deterministic_excluded
https://www.instagram.com/p/DFbZcYrOozG/,deferred_to_llm
https://www.instagram.com/p/DGO7W5Gvr9T/,deterministic_excluded
https://www.instagram.com/p/DUI4B9RjkW5/,deferred_to_llm
https://www.instagram.com/p/DWZ2fuwAiZK/,deferred_to_llm
https://www.instagram.com/p/DR4-cvGEbCL/,deferred_to_llm
https://www.instagram.com/p/DXkmW7ykp4s/,deterministic_excluded
https://www.instagram.com/p/Dai9TpnGIEn/,deferred_to_llm
https://www.instagram.com/p/DZiuL4DGeeI/,deferred_to_llm
https://www.instagram.com/p/DYF8trEgd6i/,deferred_to_llm
https://www.instagram.com/p/CndEpumPrsS/,deferred_to_llm
https://www.instagram.com/p/DQnkRV8DUdE/,deferred_to_llm
https://www.instagram.com/p/DaDt4JYEyGw/,deferred_to_llm
https://www.instagram.com/p/DUTzXy4kswg/,deterministic_excluded
https://www.instagram.com/p/DFNGRp-Rzqc/,deterministic_excluded
https://www.instagram.com/p/C_xNNAZRSwL/,deferred_to_llm
https://www.instagram.com/p/DXcNUAYjncw/,deferred_to_llm
https://www.instagram.com/p/DXhnuytkeQ2/,deferred_to_llm
https://www.instagram.com/p/DHwdGiyS7J7/,deferred_to_llm
https://www.instagram.com/p/DXAvauHDSCD/,deterministic_excluded
https://www.instagram.com/p/Da54ZpOCRLO/,deferred_to_llm
https://www.instagram.com/p/DR01MAbjGR8/,deferred_to_llm
https://www.instagram.com/p/DNgIQeFRDlK/,deferred_to_llm
https://www.instagram.com/p/DN_H5S6AHaa/,deterministic_excluded
https://www.instagram.com/p/DA3uNEMOEX0/,deferred_to_llm
https://www.instagram.com/p/DNf8J39yL_D/,deterministic_excluded
https://www.instagram.com/p/DAkSImSuHVY/,deferred_to_llm
https://www.instagram.com/p/C3-zsl9RU1a/,deferred_to_llm
https://www.instagram.com/p/DcOSYwvkd1C/,deferred_to_llm
https://www.instagram.com/p/DQ4UX4yCdqS/,deferred_to_llm
https://www.instagram.com/p/DUmQFChjTCW/,deterministic_excluded
https://www.instagram.com/p/DbDLnurJB_C/,deferred_to_llm
https://www.instagram.com/p/DH_YilrxCMk/,deferred_to_llm
https://www.instagram.com/p/DM-yzkys2V-/,deterministic_excluded
https://www.instagram.com/p/DYn1dVWgN2M/,deterministic_excluded
https://www.instagram.com/p/C5UDFJGPEL8/,deferred_to_llm
https://www.instagram.com/p/Db3VY9okeED/,deferred_to_llm
https://www.instagram.com/p/C9YqghgtiLU/,deferred_to_llm
https://www.instagram.com/p/DU3-vd2EZWT/,deterministic_excluded
https://www.instagram.com/p/DNQ2_HUg-Xt/,deferred_to_llm
https://www.instagram.com/p/C8xrT9qS3xG/,deterministic_excluded
https://www.instagram.com/p/DItTRqBS9t-/,deterministic_excluded
https://www.instagram.com/p/DG8alHQsCJq/,deterministic_excluded
https://www.instagram.com/p/Cu7qtOgv93i/,deterministic_excluded
https://www.instagram.com/p/DTgxlapE395/,deferred_to_llm
https://www.instagram.com/p/DVO5LYkD3q9/,deferred_to_llm
https://www.instagram.com/p/CybD83Or4pT/,deterministic_excluded
https://www.instagram.com/p/DZvFWljFLt5/,deferred_to_llm
https://www.instagram.com/p/DYN6S0xEZ1W/,deferred_to_llm
https://www.instagram.com/p/DZgAoL9DD3l/,deferred_to_llm
https://www.instagram.com/p/DIjHVctuyY0/,deterministic_excluded
https://www.instagram.com/p/DABkQqAP3zj/,deferred_to_llm
https://www.instagram.com/p/DKz15UsRMwA/,deferred_to_llm
https://www.instagram.com/p/DT1c2f4jVGE/,deterministic_excluded
https://www.instagram.com/p/DU8d-b5DfE_/,deterministic_excluded
https://www.instagram.com/p/DVHAG8iDknV/,deferred_to_llm
https://www.instagram.com/p/DJIWpBENNn9/,deferred_to_llm
https://www.instagram.com/p/DbAHUgxFmMW/,deferred_to_llm
https://www.instagram.com/p/C6HHo3AAH7x/,deferred_to_llm
https://www.instagram.com/p/DY7zT8KJp6r/,deferred_to_llm
https://www.instagram.com/p/DOBcUlBDQSI/,deferred_to_llm
https://www.instagram.com/p/DXmKHVYkmdB/,deferred_to_llm
https://www.instagram.com/p/C4L8mb9vXI0/,deferred_to_llm
https://www.instagram.com/p/C_1Oi6Bvawg/,deferred_to_llm
https://www.instagram.com/p/DU9eNPxDUjJ/,deferred_to_llm
https://www.instagram.com/p/DPUnRN0kYsa/,deferred_to_llm
https://www.instagram.com/p/C3tOxZ7PThq/,deferred_to_llm
https://www.instagram.com/p/DEp3Oy9uyy2/,deferred_to_llm
https://www.instagram.com/p/DM1O2qWh7eC/,deferred_to_llm
https://www.instagram.com/p/DCZoBt-y9sF/,deterministic_excluded
https://www.instagram.com/p/DQ-TmOogJPa/,deterministic_excluded
https://www.instagram.com/p/DOy7U0nESe9/,deterministic_excluded
https://www.instagram.com/p/DX6mgKbjpFm/,deferred_to_llm
https://www.instagram.com/p/DYhnuYxjn_p/,deterministic_excluded
https://www.instagram.com/p/DNefBQmoKyg/,deferred_to_llm
https://www.instagram.com/p/C7fC7rqPz-a/,deferred_to_llm
https://www.instagram.com/p/DX8Bjg_Ms8M/,deferred_to_llm
https://www.instagram.com/p/DLOMTPuscC5/,deferred_to_llm
https://www.instagram.com/p/DVHUjAmoGy7/,deferred_to_llm
https://www.instagram.com/p/CxmEqWUrYtn/,deferred_to_llm
https://www.instagram.com/p/C28pwnRLLyC/,deferred_to_llm
https://www.instagram.com/p/DWr3Ohpk7Lc/,deferred_to_llm
https://www.instagram.com/p/DE-Y-zpuFo1/,deferred_to_llm
https://www.instagram.com/p/DYctmquEYEN/,deterministic_excluded
https://www.instagram.com/p/DZm0NbPRLa6/,deterministic_excluded
https://www.instagram.com/p/DbbEk9_jhFA/,deferred_to_llm
https://www.instagram.com/p/DFLgaJ6vX-A/,deferred_to_llm
https://www.instagram.com/p/C5r0fLpL_OA/,deterministic_excluded
https://www.instagram.com/p/DSQz4A4gWqO/,deterministic_excluded
https://www.instagram.com/p/DJmAEQUxIY9/,deferred_to_llm
https://www.instagram.com/p/DB-AzlmvjwF/,deferred_to_llm
https://www.instagram.com/p/C5l6i2lvMWy/,deterministic_excluded
https://www.instagram.com/p/DYmfeLNEVDr/,deferred_to_llm
https://www.instagram.com/p/DN6wWMEDU3F/,deferred_to_llm
https://www.instagram.com/p/C6R30wKPYUL/,deferred_to_llm
https://www.instagram.com/p/DSDQUQ1kUgr/,deterministic_excluded
https://www.instagram.com/p/C-Gox-QvGON/,deferred_to_llm
https://www.instagram.com/p/DH6VCwWx7Kr/,deferred_to_llm
https://www.instagram.com/p/DbTtmk6FXm8/,deferred_to_llm
https://www.instagram.com/p/DEaPza7x1mM/,deferred_to_llm
https://www.instagram.com/p/DO1b7mbCeaY/,deferred_to_llm
https://www.instagram.com/p/DE50VlzP6jo/,deferred_to_llm
https://www.instagram.com/p/DY0VqYguOA5/,deferred_to_llm
https://www.instagram.com/p/DIPXiqDN8YD/,deferred_to_llm
https://www.instagram.com/p/DOv2VhdDqcB/,deterministic_excluded
https://www.instagram.com/p/DUJGPEbkQPI/,deterministic_excluded
https://www.instagram.com/p/Da0z5UIFHRY/,deferred_to_llm
https://www.instagram.com/p/DYKmVfkjqvO/,deferred_to_llm
https://www.instagram.com/p/DJIOzbAPiOT/,deferred_to_llm
https://www.instagram.com/p/CrMXZdav-rt/,deferred_to_llm
https://www.instagram.com/p/Da8OXUojnmu/,deferred_to_llm
https://www.instagram.com/p/DXsE9zaDmIA/,deferred_to_llm
https://www.instagram.com/p/DcMAm_ANrCv/,deferred_to_llm
https://www.instagram.com/p/DJHl9Q2xudU/,deferred_to_llm
https://www.instagram.com/p/DVHVrQ4FII4/,deferred_to_llm
https://www.instagram.com/p/C4MTjYCr6lu/,deferred_to_llm
https://www.instagram.com/p/DRA4swGAOv9/,deterministic_excluded
https://www.instagram.com/p/C1nZWhDPZGV/,deterministic_excluded
https://www.instagram.com/p/DTx1b4rDYnt/,deferred_to_llm
https://www.instagram.com/p/Crx6rMhLoRp/,deterministic_excluded
https://www.instagram.com/p/C6Go8AOLfED/,deterministic_excluded
https://www.instagram.com/p/CqPUudCDhmN/,deferred_to_llm
https://www.instagram.com/p/C9xK5F2N4n8/,deferred_to_llm
https://www.instagram.com/p/DRQA0KejFfE/,deterministic_excluded
https://www.instagram.com/p/DafijOQkfGm/,deterministic_excluded
https://www.instagram.com/p/DVwfFxqAPRz/,deferred_to_llm
https://www.instagram.com/p/DYzYL-gDpqi/,deferred_to_llm
https://www.instagram.com/p/DA_KIN8Nrv4/,deterministic_excluded
https://www.instagram.com/p/DQKoPO8DAku/,deterministic_excluded
https://www.instagram.com/p/DMKxN7PuDrb/,deferred_to_llm
https://www.instagram.com/p/DH1FTyDxIyX/,deferred_to_llm
https://www.instagram.com/p/DCJ9FLtx2eF/,deterministic_excluded
https://www.instagram.com/p/DSp3FEujjWe/,deferred_to_llm
https://www.instagram.com/p/DV69k8oAE_D/,deferred_to_llm
https://www.instagram.com/p/DJwXCx9xTTU/,deferred_to_llm
https://www.instagram.com/p/C20dlh_uttx/,deferred_to_llm
https://www.instagram.com/p/C4JZMuXvqOG/,deferred_to_llm
https://www.instagram.com/p/C4xlM7qrOCt/,deferred_to_llm
https://www.instagram.com/p/DUtYyjNFXed/,deterministic_excluded
https://www.instagram.com/p/DcL8GUiIAWN/,deterministic_excluded
https://www.instagram.com/p/DM9Pcz3gsWJ/,deterministic_excluded
https://www.instagram.com/p/DRC2KkLDeJ7/,deterministic_excluded
https://www.instagram.com/p/DNbSMMivDsm/,deferred_to_llm
https://www.instagram.com/p/DWhjEcelJg3/,deferred_to_llm
https://www.instagram.com/p/DF0e-Shxku5/,deterministic_excluded
https://www.instagram.com/p/CnsCJz5uiRM/,deferred_to_llm
https://www.instagram.com/p/DFs7uBoic4c/,deterministic_excluded
https://www.instagram.com/p/DcRi7x1Hf2z/,deferred_to_llm
https://www.instagram.com/p/DFqYXJSypUA/,deferred_to_llm
https://www.instagram.com/p/DFnvhYxPHb-/,deferred_to_llm
https://www.instagram.com/p/C3vG1ImLLk4/,deferred_to_llm
https://www.instagram.com/p/DLQVAUAvgum/,deterministic_excluded
https://www.instagram.com/p/DaMUDVtEb9x/,deferred_to_llm
https://www.instagram.com/p/DZNjUF3kl5u/,deterministic_excluded
https://www.instagram.com/p/DY5ehY2BFe5/,deferred_to_llm
https://www.instagram.com/p/DICflMjP-tQ/,deferred_to_llm
https://www.instagram.com/p/DOMOBb1j1LE/,deferred_to_llm
https://www.instagram.com/p/DavcJ96R4bP/,deferred_to_llm
https://www.instagram.com/p/DS3F44fiR9x/,deferred_to_llm
https://www.instagram.com/p/Da07Gy_D3bo/,deferred_to_llm
https://www.instagram.com/p/DNbG99tNWF-/,deferred_to_llm
https://www.instagram.com/p/C7ojZzDsL28/,deferred_to_llm
https://www.instagram.com/p/DYKSWg2gJmK/,deferred_to_llm
https://www.instagram.com/p/DMbqX0pxDIH/,deferred_to_llm
https://www.instagram.com/p/C4HuO7bAQoE/,deferred_to_llm
https://www.instagram.com/p/DZnpgepHMRU/,deferred_to_llm
https://www.instagram.com/p/C-p8ZFTOjyo/,deferred_to_llm
https://www.instagram.com/p/DZ5vVZBk57K/,deterministic_excluded
https://www.instagram.com/p/DLjA2EaMoQ5/,deferred_to_llm
https://www.instagram.com/p/C8p_QKTvd9u/,deferred_to_llm
https://www.instagram.com/p/DHL8b8KRNAo/,deferred_to_llm
https://www.instagram.com/p/DaECiGgxHa3/,deterministic_excluded
https://www.instagram.com/p/DbHFFZPD-5h/,deferred_to_llm
https://www.instagram.com/p/DFtYmnLyGzO/,deferred_to_llm
https://www.instagram.com/p/DZNRv86kU3o/,deferred_to_llm
https://www.instagram.com/p/C4GlN0Rva_a/,deferred_to_llm
https://www.instagram.com/p/DYU-d0sxoyO/,deterministic_excluded
https://www.instagram.com/p/DU_ZuUqgT63/,deterministic_excluded
https://www.instagram.com/p/DZFx3hxCV6X/,deterministic_excluded
https://www.instagram.com/p/DFV8H0gJqUB/,deterministic_excluded
https://www.instagram.com/p/C4bOqz6PK7x/,deterministic_excluded
https://www.instagram.com/p/DKaH81xP7v2/,deterministic_excluded
https://www.instagram.com/p/DTTsQ0AAdd3/,deterministic_excluded
https://www.instagram.com/p/DKmcH7DRLOa/,deterministic_excluded
https://www.instagram.com/p/DESuXpkpO2t/,deferred_to_llm
https://www.instagram.com/p/DF-_gPqPhHH/,deterministic_excluded
https://www.instagram.com/p/DTbn_jfkW_O/,deferred_to_llm
https://www.instagram.com/p/DTN-SLtCUaT/,deferred_to_llm
https://www.instagram.com/p/DVRBCf5D3Bw/,deferred_to_llm
https://www.instagram.com/p/CwTETb0Jw4Q/,deterministic_excluded
https://www.instagram.com/p/DDfiCG3P8Qr/,deferred_to_llm
https://www.instagram.com/p/DFdrTjtPNN7/,deferred_to_llm
https://www.instagram.com/p/DXfNOOKDkpY/,deferred_to_llm
https://www.instagram.com/p/DNT4eF-guqN/,deferred_to_llm
https://www.instagram.com/p/DEK7j2gROrf/,deferred_to_llm
https://www.instagram.com/p/DLdHvDevUOF/,deferred_to_llm
https://www.instagram.com/p/DNmTwcixO7X/,deferred_to_llm
https://www.instagram.com/p/DanrcvBFlq9/,deferred_to_llm
https://www.instagram.com/p/DAGWpUexqwr/,deferred_to_llm
https://www.instagram.com/p/DU9MZ_cGYA_/,deferred_to_llm
https://www.instagram.com/p/DVuJWS3jsih/,deferred_to_llm
https://www.instagram.com/p/DbwEcx-ozWm/,deterministic_excluded
https://www.instagram.com/p/DRSmLb9ARYK/,deferred_to_llm
https://www.instagram.com/p/DD0JgMwiquE/,deterministic_excluded
https://www.instagram.com/p/DW6avX_DtSD/,deferred_to_llm
https://www.instagram.com/p/DaWfs8lkaPo/,deferred_to_llm
https://www.instagram.com/p/DSnc6kdj-PF/,deterministic_excluded
https://www.instagram.com/p/DN3MOBiXGS7/,deterministic_excluded
https://www.instagram.com/p/C3VldYLrEEY/,deferred_to_llm
https://www.instagram.com/p/DadXBRZlDu2/,deferred_to_llm
https://www.instagram.com/p/DZqhvJPEmPE/,deferred_to_llm
https://www.instagram.com/p/DbTR8AXkRUk/,deferred_to_llm
https://www.instagram.com/p/DIzaRa_Pe3Q/,deferred_to_llm
https://www.instagram.com/p/DM1JGysPtKa/,deferred_to_llm
https://www.instagram.com/p/DUlcDj5kUA9/,deterministic_excluded
https://www.instagram.com/p/DOPA5bRkutS/,deterministic_excluded
https://www.instagram.com/p/DWwaG11j5n-/,deterministic_excluded
https://www.instagram.com/p/Db6g8MeiWiG/,deterministic_excluded
https://www.instagram.com/p/DO_T8_IASdq/,deterministic_excluded
https://www.instagram.com/p/DaCUUPJtC8m/,deferred_to_llm
https://www.instagram.com/p/DYSykd6DLNN/,deferred_to_llm
https://www.instagram.com/p/DOPPdenEbOu/,deferred_to_llm
https://www.instagram.com/p/DW7lfHfjR6i/,deferred_to_llm
https://www.instagram.com/p/C37_wepuzcz/,deferred_to_llm
https://www.instagram.com/p/C6XRV8WJD5x/,deferred_to_llm
https://www.instagram.com/p/DDICFtEMduJ/,deferred_to_llm
https://www.instagram.com/p/DZug_lNkbEI/,deferred_to_llm
https://www.instagram.com/p/DUV0SRrkR8P/,deferred_to_llm
https://www.instagram.com/p/DYxSbP9jwnf/,deterministic_excluded
https://www.instagram.com/p/DJVb2b0RLJq/,deferred_to_llm
https://www.instagram.com/p/CzaV8I3OyTj/,deterministic_excluded
https://www.instagram.com/p/DWmFac6gE0E/,deterministic_excluded
https://www.instagram.com/p/DRz4z2BD7dl/,deferred_to_llm
https://www.instagram.com/p/Cp3Q6hvvkQ7/,deterministic_excluded
https://www.instagram.com/p/DLLWqsTsgLJ/,deferred_to_llm
https://www.instagram.com/p/DTtWDdOD3Is/,deferred_to_llm
https://www.instagram.com/p/DYTGJ9QwF1O/,deterministic_excluded
https://www.instagram.com/p/CqVbN8njVkk/,deterministic_excluded
https://www.instagram.com/p/DCUNepHPZIh/,deterministic_excluded
https://www.instagram.com/p/DNiyvtqsPcE/,deferred_to_llm
https://www.instagram.com/p/DblQHb7DpaJ/,deterministic_excluded
https://www.instagram.com/p/C9SudwgPzU4/,deferred_to_llm
https://www.instagram.com/p/DZQ06isDicU/,deferred_to_llm
https://www.instagram.com/p/DLqNkPEJMBY/,deferred_to_llm
https://www.instagram.com/p/DWrhoU9iter/,deferred_to_llm
https://www.instagram.com/p/DWuPQBZFJhF/,deferred_to_llm
https://www.instagram.com/p/DTEFo_9jqt_/,deferred_to_llm
https://www.instagram.com/p/DKpI_iQxFUY/,deferred_to_llm
https://www.instagram.com/p/DKXMsw8ur_8/,deferred_to_llm
https://www.instagram.com/p/DPmGvtiDUk8/,deterministic_excluded
https://www.instagram.com/p/DUD6XcnkjUf/,deferred_to_llm
https://www.instagram.com/p/DIkSLB3vKW8/,deterministic_excluded
https://www.instagram.com/p/DUEi4x2kR-1/,deferred_to_llm
https://www.instagram.com/p/DaxuBaIDVln/,deferred_to_llm
https://www.instagram.com/p/C2nmvaDP0YJ/,deterministic_excluded
https://www.instagram.com/p/DWjnFosmME6/,deferred_to_llm
https://www.instagram.com/p/DDSVNvzx9TA/,deferred_to_llm
https://www.instagram.com/p/Da5-Uqykc6d/,deferred_to_llm
https://www.instagram.com/p/DYhkVGOpQXT/,deterministic_excluded
https://www.instagram.com/p/DU6mDmwka1x/,deferred_to_llm
https://www.instagram.com/p/DS3TUCbDhC0/,deferred_to_llm
https://www.instagram.com/p/DWdLG4ljHlk/,deterministic_excluded
https://www.instagram.com/p/DbBtSF4Frqf/,deferred_to_llm
https://www.instagram.com/p/DBUfDB7JTPl/,deterministic_excluded
https://www.instagram.com/p/DWzCNCyJHhe/,deterministic_excluded
https://www.instagram.com/p/Cud77q0A56H/,deferred_to_llm
https://www.instagram.com/p/DJR9-gfxgLN/,deferred_to_llm
https://www.instagram.com/p/DVRtk1kCU_2/,deterministic_excluded
https://www.instagram.com/p/C6bf-60Lqyd/,deferred_to_llm
https://www.instagram.com/p/DJB55-Xxev5/,deferred_to_llm
https://www.instagram.com/p/DRdJiSsgATR/,deterministic_excluded
https://www.instagram.com/p/DZqBdL0RmqA/,deterministic_excluded
https://www.instagram.com/p/DYPSPYZFNDU/,deferred_to_llm
https://www.instagram.com/p/C-beewiSBoM/,deterministic_excluded
https://www.instagram.com/p/DJsGAiwPJVL/,deterministic_excluded
https://www.instagram.com/p/DOY2ZK9DQ-l/,deferred_to_llm
https://www.instagram.com/p/C6eahkyO9IE/,deferred_to_llm
https://www.instagram.com/p/DUl7aXUEj4I/,deterministic_excluded
https://www.instagram.com/p/CqrPZlKL8Bz/,deferred_to_llm
https://www.instagram.com/p/DTd_Kzlk2of/,deferred_to_llm
https://www.instagram.com/p/Da1VytGEX1a/,deferred_to_llm
https://www.instagram.com/p/DPRqI40jVBU/,deferred_to_llm
https://www.instagram.com/p/DSNhWy4AXE5/,deterministic_excluded
https://www.instagram.com/p/DbFNDBgFcWl/,deferred_to_llm
https://www.instagram.com/p/DXvFbqokVRe/,deterministic_excluded
https://www.instagram.com/p/DVjZfVCEy9G/,deterministic_excluded
https://www.instagram.com/p/DZa-54pyeOA/,deterministic_excluded
https://www.instagram.com/p/DN8Yod8jv_r/,deferred_to_llm
https://www.instagram.com/p/C3Lb7ReO0LF/,deferred_to_llm
https://www.instagram.com/p/DbvuPssE-RU/,deferred_to_llm
https://www.instagram.com/p/C7RuZNpth3d/,deterministic_excluded
https://www.instagram.com/p/DLTKpcehTlZ/,deferred_to_llm
https://www.instagram.com/p/DJg3VOlRNiO/,deterministic_excluded
https://www.instagram.com/p/DRXjejmAHkv/,deterministic_excluded
https://www.instagram.com/p/DVnD3gAjF6o/,deferred_to_llm
https://www.instagram.com/p/DajFdn9kTPk/,deterministic_excluded
https://www.instagram.com/p/Dbosgwkiupa/,deterministic_excluded
https://www.instagram.com/p/C8m0ilBJ0T1/,deferred_to_llm
https://www.instagram.com/p/DFAur3VJH-l/,deferred_to_llm
https://www.instagram.com/p/Cm435ozMKty/,deferred_to_llm
https://www.instagram.com/p/DXuNKLGjMD5/,deterministic_excluded
https://www.instagram.com/p/Db53E9ZlJxh/,deferred_to_llm
https://www.instagram.com/p/DO8oXjSjqdY/,deterministic_excluded
https://www.instagram.com/p/DcL266plqiQ/,deferred_to_llm
https://www.instagram.com/p/DbqTdoPlfjY/,deferred_to_llm
https://www.instagram.com/p/DVyy60gkfn6/,deferred_to_llm
https://www.instagram.com/p/CtCqULYOGDH/,deterministic_excluded
https://www.instagram.com/p/Db_TUjamdUe/,deferred_to_llm
https://www.instagram.com/p/C5ygvykOmlp/,deferred_to_llm
https://www.instagram.com/p/DOyfD9yDVP1/,deterministic_excluded
https://www.instagram.com/p/DVweX_ViQp1/,deterministic_excluded
https://www.instagram.com/p/C04iVvZrAic/,deferred_to_llm
https://www.instagram.com/p/DaDpDmYOD8I/,deferred_to_llm
https://www.instagram.com/p/DYiIyU2DBX0/,deferred_to_llm
https://www.instagram.com/p/DKRGC7BtU6F/,deferred_to_llm
https://www.instagram.com/p/DA6w6gxSkbD/,deferred_to_llm
https://www.instagram.com/p/C3oYaPpg3NN/,deferred_to_llm
https://www.instagram.com/p/DT_pTgngE2i/,deterministic_excluded
https://www.instagram.com/p/Da4MyFDFCv5/,deferred_to_llm
https://www.instagram.com/p/Dbvid-oFjq8/,deferred_to_llm
https://www.instagram.com/p/DZdpsL2kbsX/,deferred_to_llm
https://www.instagram.com/p/DSVPnmEgQm4/,deterministic_excluded
https://www.instagram.com/p/DXXMx1XicKh/,deferred_to_llm
https://www.instagram.com/p/DIbPh5-Oy8n/,deferred_to_llm
https://www.instagram.com/p/CyeEbqUvUFS/,deferred_to_llm
https://www.instagram.com/p/Db6K5lGkU6-/,deferred_to_llm
https://www.instagram.com/p/DUtUXcyjZHc/,deterministic_excluded
https://www.instagram.com/p/DO6RPgPDIKV/,deterministic_excluded
https://www.instagram.com/p/DSGR75mEfx0/,deferred_to_llm
https://www.instagram.com/p/DZvwYDRjUkI/,deferred_to_llm
https://www.instagram.com/p/DaLNcmNDg0B/,deterministic_excluded
https://www.instagram.com/p/DU16Uykkobi/,deferred_to_llm
https://www.instagram.com/p/DTL0XBADo0e/,deterministic_excluded
https://www.instagram.com/p/DOez6Yvj_NW/,deferred_to_llm
https://www.instagram.com/p/DSKsCmCjflR/,deterministic_excluded
https://www.instagram.com/p/DULDpLsFtMS/,deterministic_excluded
https://www.instagram.com/p/DWExzNVESg6/,deferred_to_llm
https://www.instagram.com/p/DLkpFsrsWO2/,deferred_to_llm
https://www.instagram.com/p/DWkAR5LEQ3I/,deferred_to_llm
https://www.instagram.com/p/DQHFqxpgnLC/,deferred_to_llm
https://www.instagram.com/p/DbGmrxTMbPA/,deferred_to_llm
https://www.instagram.com/p/DaN0intmHkK/,deferred_to_llm
https://www.instagram.com/p/DOW8kY-kX4H/,deferred_to_llm
https://www.instagram.com/p/DaGShlXRkhN/,deferred_to_llm
https://www.instagram.com/p/DAmO5fbMsE-/,deterministic_excluded
https://www.instagram.com/p/DOWIiJXAFkk/,deterministic_excluded
https://www.instagram.com/p/DaeG0axnEPa/,deferred_to_llm
https://www.instagram.com/p/DOg45FRDvNZ/,deferred_to_llm
https://www.instagram.com/p/C_BO0gGxB4W/,deferred_to_llm
https://www.instagram.com/p/DaRQQdGjt1I/,deferred_to_llm
https://www.instagram.com/p/Dbdu9BHDg7w/,deferred_to_llm
https://www.instagram.com/p/DaBEVnQk6Ib/,deferred_to_llm
https://www.instagram.com/p/DWWqqmmEWCa/,deterministic_excluded
https://www.instagram.com/p/DJKNjSsxM6o/,deterministic_excluded
https://www.instagram.com/p/C-rJR7Spvpn/,deferred_to_llm
https://www.instagram.com/p/DNbYBNoMmqb/,deterministic_excluded
https://www.instagram.com/p/DTf_uw8guT5/,deferred_to_llm
https://www.instagram.com/p/C0C0ik1vFD6/,deterministic_excluded
https://www.instagram.com/p/DPmuGDfknQ7/,deferred_to_llm
https://www.instagram.com/p/DRfXR8vji7Q/,deferred_to_llm
https://www.instagram.com/p/DZLOUgAERAQ/,deterministic_excluded
https://www.instagram.com/p/C-S7w64vVtT/,deterministic_excluded
https://www.instagram.com/p/DOLrowxDRY6/,deferred_to_llm
https://www.instagram.com/p/DM3GG5IAxjg/,deterministic_excluded
https://www.instagram.com/p/DRw4zajDVGQ/,deterministic_excluded
https://www.instagram.com/p/DGmBVnfxgxv/,deferred_to_llm
https://www.instagram.com/p/DHa71M4xAwz/,deterministic_excluded
https://www.instagram.com/p/DAPFRGSPwAy/,deferred_to_llm
https://www.instagram.com/p/CrtqFvcL08R/,deterministic_excluded
https://www.instagram.com/p/DA539Cxt5II/,deferred_to_llm
https://www.instagram.com/p/C-ax-KOOPnB/,deferred_to_llm
https://www.instagram.com/p/DaQ0hYsin7n/,deterministic_excluded
https://www.instagram.com/p/DJmwF1CTqvx/,deferred_to_llm
https://www.instagram.com/p/DDc2VQoyZ2r/,deterministic_excluded
https://www.instagram.com/p/DLdJn8CPnMO/,deterministic_excluded
https://www.instagram.com/p/DOo-vECjkh_/,deterministic_excluded
https://www.instagram.com/p/DZym03ZDLt5/,deferred_to_llm
https://www.instagram.com/p/DGnthpyRRp3/,deferred_to_llm
https://www.instagram.com/p/DKGLcqdvBUz/,deferred_to_llm
https://www.instagram.com/p/Da_fSycFr05/,deferred_to_llm
https://www.instagram.com/p/DYnt8sHuZWQ/,deterministic_excluded
https://www.instagram.com/p/DZ7ocFIxe9J/,deterministic_excluded
https://www.instagram.com/p/DW4geClDxJS/,deterministic_excluded
https://www.instagram.com/p/C_svFqSNear/,deferred_to_llm
https://www.instagram.com/p/DUqq3L6gTly/,deterministic_excluded
https://www.instagram.com/p/Dag2uqdFlNm/,deferred_to_llm
https://www.instagram.com/p/DHekIDMPPMG/,deferred_to_llm
https://www.instagram.com/p/C8r-IxTx8BJ/,deferred_to_llm
https://www.instagram.com/p/DX7Ko3Klc18/,deferred_to_llm
https://www.instagram.com/p/DMD6t67uDl2/,deterministic_excluded
https://www.instagram.com/p/DIxmGtbsG4Z/,deferred_to_llm
https://www.instagram.com/p/DEbKZvWtxiX/,deterministic_excluded
https://www.instagram.com/p/DGf5YEeufje/,deferred_to_llm
https://www.instagram.com/p/DbThiW4HOH3/,deferred_to_llm
https://www.instagram.com/p/DYkRHrTk6mH/,deterministic_excluded
https://www.instagram.com/p/DY8dGXFjXph/,deferred_to_llm
https://www.instagram.com/p/CrZhlNEMiUG/,deterministic_excluded
https://www.instagram.com/p/DZD7fKnA-Ms/,deferred_to_llm
https://www.instagram.com/p/C6OrxzIMMc-/,deterministic_excluded
https://www.instagram.com/p/DD-RC4NxHu5/,deterministic_excluded
https://www.instagram.com/p/CzY_Fc8rXUU/,deferred_to_llm
https://www.instagram.com/p/DDpqvzHPNgK/,deferred_to_llm
https://www.instagram.com/p/C2ir_u5LWkV/,deferred_to_llm
https://www.instagram.com/p/DWPwMDJFX7E/,deferred_to_llm
https://www.instagram.com/p/DZ5tUbQDfCu/,deterministic_excluded
https://www.instagram.com/p/DJX3tFSvFCJ/,deferred_to_llm
https://www.instagram.com/p/DNdrhL_uVtZ/,deferred_to_llm
https://www.instagram.com/p/DF7BRxGOpkf/,deferred_to_llm
https://www.instagram.com/p/Dby7uuKywvR/,deterministic_excluded
https://www.instagram.com/p/DU5lhhMDTtX/,deterministic_excluded
https://www.instagram.com/p/DPzLu90EbAa/,deterministic_excluded
https://www.instagram.com/p/DYxxKRfDY-1/,deferred_to_llm
https://www.instagram.com/p/DRcgBr-DjZF/,deterministic_excluded
https://www.instagram.com/p/DSsfUB_CSDK/,deferred_to_llm
https://www.instagram.com/p/DblAMNpub1N/,deterministic_excluded
https://www.instagram.com/p/DYZozDJuIdb/,deferred_to_llm
https://www.instagram.com/p/CqIp3f2LkQN/,deterministic_excluded
https://www.instagram.com/p/DVpFIT9EQjW/,deferred_to_llm
https://www.instagram.com/p/DMgGkdJvnRD/,deferred_to_llm
https://www.instagram.com/p/DXLfjpvl_HE/,deferred_to_llm
https://www.instagram.com/p/DKNTnc5xS6e/,deferred_to_llm
https://www.instagram.com/p/DA0z1ToR8mD/,deferred_to_llm
https://www.instagram.com/p/C2r885PvKVD/,deterministic_excluded
https://www.instagram.com/p/DbWLiQkRdi9/,deferred_to_llm
https://www.instagram.com/p/DW6n69JDzpo/,deferred_to_llm
https://www.instagram.com/p/DQC54pNgEZg/,deferred_to_llm
https://www.instagram.com/p/Cz7RN65rXMM/,deterministic_excluded
https://www.instagram.com/p/DcCGWxTxXRQ/,deterministic_excluded
https://www.instagram.com/p/DBbx1zNu2GK/,deferred_to_llm
https://www.instagram.com/p/Da1WyX0Dd5B/,deferred_to_llm
https://www.instagram.com/p/DR5g8cWkXRz/,deferred_to_llm
https://www.instagram.com/p/C200fnUr8mN/,deferred_to_llm
https://www.instagram.com/p/DPETZo_kXps/,deferred_to_llm
https://www.instagram.com/p/C56G6-IrOE_/,deterministic_excluded
https://www.instagram.com/p/DaEyEVbiaTv/,deferred_to_llm
https://www.instagram.com/p/DYS0cdcDjry/,deferred_to_llm
https://www.instagram.com/p/DaAoG40mUmC/,deferred_to_llm
https://www.instagram.com/p/DbSlYhJIMKw/,deferred_to_llm
https://www.instagram.com/p/DZ3K_O_JGLK/,deterministic_excluded
https://www.instagram.com/p/DYVXL8NDfCx/,deterministic_excluded
https://www.instagram.com/p/DZYqzNfgDyr/,deferred_to_llm
https://www.instagram.com/p/DXdArBxHK8h/,deferred_to_llm
https://www.instagram.com/p/DKzrHBFRXwv/,deferred_to_llm
https://www.instagram.com/p/C-9N87rAzWv/,deterministic_excluded
https://www.instagram.com/p/DSdGDVokZ1J/,deferred_to_llm
https://www.instagram.com/p/CvTIavfsfh0/,deterministic_excluded
https://www.instagram.com/p/C5oq_R8ve-M/,deferred_to_llm
https://www.instagram.com/p/DObvp9CiX3Q/,deferred_to_llm
https://www.instagram.com/p/DUn3kkDANIL/,deferred_to_llm
https://www.instagram.com/p/DRs2VrijON0/,deterministic_excluded
https://www.instagram.com/p/C2pjsOGrYLG/,deferred_to_llm
https://www.instagram.com/p/DI14oFYPleU/,deferred_to_llm
https://www.instagram.com/p/DU8j0Wwjl4k/,deterministic_excluded
https://www.instagram.com/p/DQ9qlQ8Ecga/,deterministic_excluded
https://www.instagram.com/p/DcKZyS2F5Qf/,deferred_to_llm
https://www.instagram.com/p/C8nRqIdvyja/,deferred_to_llm
https://www.instagram.com/p/DH_YkeqMyvC/,deferred_to_llm
https://www.instagram.com/p/DNVrC99xA3c/,deterministic_excluded
https://www.instagram.com/p/DX6ndP7jnYs/,deferred_to_llm
https://www.instagram.com/p/DaLyGe1ErNh/,deferred_to_llm
https://www.instagram.com/p/DaDslHzkdch/,deferred_to_llm
https://www.instagram.com/p/DWzaJ-dEQHZ/,deterministic_excluded
https://www.instagram.com/p/C_aurn8R2JC/,deterministic_excluded
https://www.instagram.com/p/DKakdSvJ5Wr/,deterministic_excluded
https://www.instagram.com/p/DO8vlN6kaqA/,deferred_to_llm
https://www.instagram.com/p/DZX6eqTxc9f/,deferred_to_llm
https://www.instagram.com/p/DVtpnE9kVHI/,deferred_to_llm
https://www.instagram.com/p/DArqOUhgdV5/,deterministic_excluded
https://www.instagram.com/p/DRU5pg5CRG9/,deterministic_excluded
https://www.instagram.com/p/C644VBju7wH/,deterministic_excluded
https://www.instagram.com/p/DZWJfz8Da42/,deferred_to_llm
https://www.instagram.com/p/DByoWvCC_Vd/,deterministic_excluded
https://www.instagram.com/p/DUTg38bCZak/,deterministic_excluded
https://www.instagram.com/p/DSnlOn0iVht/,deterministic_excluded
https://www.instagram.com/p/C6EEMA_LSi0/,deferred_to_llm
https://www.instagram.com/p/CpvhT_cJB1t/,deferred_to_llm
https://www.instagram.com/p/DFxhu6Ngcp9/,deterministic_excluded
https://www.instagram.com/p/DQe0vlQEzpy/,deferred_to_llm
https://www.instagram.com/p/C2gSqf3r-mV/,deferred_to_llm
https://www.instagram.com/p/DUvt0A8kUQZ/,deterministic_excluded
https://www.instagram.com/p/DImKvSHRG_4/,deterministic_excluded
https://www.instagram.com/p/DIcvwgMJCQ3/,deterministic_excluded
https://www.instagram.com/p/DNTZ-SixvZ2/,deferred_to_llm
https://www.instagram.com/p/DKqBPkTvzc2/,deferred_to_llm
https://www.instagram.com/p/DS-0vJECYOb/,deferred_to_llm
https://www.instagram.com/p/DXi0KGzD9ra/,deferred_to_llm
https://www.instagram.com/p/DbrRQSglPUm/,deferred_to_llm
https://www.instagram.com/p/DCFByQIPlJ_/,deterministic_excluded
https://www.instagram.com/p/DZCnyLwRBbQ/,deferred_to_llm
https://www.instagram.com/p/C6MukAcvDTM/,deterministic_excluded
https://www.instagram.com/p/DV4X70nD9IY/,deferred_to_llm
https://www.instagram.com/p/DbQqYjelRc5/,deferred_to_llm
https://www.instagram.com/p/DZNwWpNlQ9i/,deterministic_excluded
https://www.instagram.com/p/DNtqk2B2obR/,deferred_to_llm
https://www.instagram.com/p/DSDbdxZEa4h/,deterministic_excluded
https://www.instagram.com/p/DbuIy8EiNE2/,deterministic_excluded
https://www.instagram.com/p/DVefWG4EtIn/,deferred_to_llm
https://www.instagram.com/p/DaOrJfQDrXj/,deferred_to_llm
https://www.instagram.com/p/C3OzIJQgWqL/,deterministic_excluded
https://www.instagram.com/p/DYfpex9iXBI/,deterministic_excluded
https://www.instagram.com/p/DVzIxSmD_Tg/,deterministic_excluded
https://www.instagram.com/p/DFHEUITKnBr/,deferred_to_llm
https://www.instagram.com/p/C7dAC9luUPZ/,deferred_to_llm
https://www.instagram.com/p/DAJ6xGWOVL9/,deferred_to_llm
https://www.instagram.com/p/DFM71gIRhBJ/,deterministic_excluded
https://www.instagram.com/p/C4tjmIXoxD9/,deferred_to_llm
https://www.instagram.com/p/DWXWEvQgOcR/,deterministic_excluded
https://www.instagram.com/p/DX_FZVQz4ai/,deterministic_excluded
https://www.instagram.com/p/DMvk4tjOADc/,deferred_to_llm
https://www.instagram.com/p/DWUfMFcCUb-/,deterministic_excluded
https://www.instagram.com/p/DcJm2zIkQ0b/,deferred_to_llm
https://www.instagram.com/p/DPE8tfAidPi/,deterministic_excluded
https://www.instagram.com/p/DNEK5H_x95J/,deferred_to_llm
https://www.instagram.com/p/DSTX12sDNSi/,deferred_to_llm
https://www.instagram.com/p/DJgrN59R9hz/,deterministic_excluded
https://www.instagram.com/p/DaTqT0DFJ1Q/,deferred_to_llm
https://www.instagram.com/p/C9SZ_uOsWhq/,deterministic_excluded
https://www.instagram.com/p/DNzaGnf2Be2/,deferred_to_llm
https://www.instagram.com/p/DLkY3c5RNtO/,deferred_to_llm
https://www.instagram.com/p/DLXxI8BRPma/,deterministic_excluded
https://www.instagram.com/p/DOwtYXkj6K3/,deferred_to_llm
https://www.instagram.com/p/DENrnjzpiCW/,deferred_to_llm
https://www.instagram.com/p/DakdW8HgQGX/,deferred_to_llm
https://www.instagram.com/p/DXDamo0Fsr8/,deterministic_excluded
https://www.instagram.com/p/DcCTT8YIC2Q/,deferred_to_llm
https://www.instagram.com/p/DbMC-GAlFic/,deferred_to_llm
https://www.instagram.com/p/DboVfm1lLlq/,deferred_to_llm
https://www.instagram.com/p/DJ-g8CkxitH/,deferred_to_llm
https://www.instagram.com/p/DQurUH0kqPy/,deferred_to_llm
https://www.instagram.com/p/C-g99e_u6Bf/,deferred_to_llm
https://www.instagram.com/p/C-K8HgNRV2Z/,deferred_to_llm
https://www.instagram.com/p/DCsRTFZsX7q/,deferred_to_llm
https://www.instagram.com/p/DQcDnybkh_O/,deferred_to_llm
https://www.instagram.com/p/DOq00uSjU5V/,deferred_to_llm
https://www.instagram.com/p/DZ1AiaFkWHY/,deferred_to_llm
https://www.instagram.com/p/C3-12kFuE_m/,deferred_to_llm
https://www.instagram.com/p/DZF-CqnpFXe/,deferred_to_llm
https://www.instagram.com/p/CqEf50SrUVe/,deferred_to_llm
https://www.instagram.com/p/DQaI4jwkZiu/,deterministic_excluded
https://www.instagram.com/p/DWr-7tLjnr7/,deferred_to_llm
https://www.instagram.com/p/DZiMZ7-jIIB/,deterministic_excluded
https://www.instagram.com/p/DPcWXW2kfRm/,deferred_to_llm
https://www.instagram.com/p/DLQJYu-JUZ9/,deterministic_excluded
https://www.instagram.com/p/DYp786tGr4t/,deterministic_excluded
https://www.instagram.com/p/DSlzuODDBmv/,deferred_to_llm
https://www.instagram.com/p/DXo1D_Wklrr/,deferred_to_llm
https://www.instagram.com/p/DJE_9f-RZL-/,deferred_to_llm
https://www.instagram.com/p/DTq8JRYkQa1/,deferred_to_llm
https://www.instagram.com/p/DWkEDUzkTWJ/,deferred_to_llm
https://www.instagram.com/p/DSBgj3AjDGf/,deterministic_excluded
https://www.instagram.com/p/DbVnDGAjsBm/,deferred_to_llm
https://www.instagram.com/p/Da6zsf3twlq/,deterministic_excluded
https://www.instagram.com/p/C_ykUuzvJg0/,deferred_to_llm
https://www.instagram.com/p/DUGznDTkphp/,deferred_to_llm
https://www.instagram.com/p/DawO-kex5D2/,deferred_to_llm
https://www.instagram.com/p/DJMTHVmxAn4/,deterministic_excluded
https://www.instagram.com/p/DXAJkCcD9-I/,deferred_to_llm
https://www.instagram.com/p/Db_yoogG4KM/,deferred_to_llm
https://www.instagram.com/p/CyGQlFrrez9/,deferred_to_llm
https://www.instagram.com/p/DLDhcX9SrJe/,deterministic_excluded
https://www.instagram.com/p/DNQ3GfbxS8w/,deferred_to_llm
https://www.instagram.com/p/DVzJJGvDHEQ/,deterministic_excluded
https://www.instagram.com/p/DPkAXCGD9xY/,deterministic_excluded
https://www.instagram.com/p/DVHIMWlDKep/,deferred_to_llm
https://www.instagram.com/p/DC5IzFOvJMI/,deferred_to_llm
https://www.instagram.com/p/DTeBinyEf1l/,deterministic_excluded
https://www.instagram.com/p/DU3h8vGiaQs/,deferred_to_llm
https://www.instagram.com/p/Dbot-q_lEz9/,deferred_to_llm
https://www.instagram.com/p/DJ7FShou2K1/,deferred_to_llm
https://www.instagram.com/p/DJj6GaWAmRu/,deferred_to_llm
https://www.instagram.com/p/Cz5AjHtNfnf/,deterministic_excluded
https://www.instagram.com/p/DQMlWUmke9f/,deferred_to_llm
https://www.instagram.com/p/DNNssZqOf0K/,deterministic_excluded
https://www.instagram.com/p/Cs6penltq3F/,deferred_to_llm
https://www.instagram.com/p/Da5ftqpFS1Y/,deterministic_excluded
https://www.instagram.com/p/DCIJPaGPLzm/,deferred_to_llm
https://www.instagram.com/p/DDPpQLgRcsF/,deferred_to_llm
https://www.instagram.com/p/DUJQIOuERxk/,deterministic_excluded
https://www.instagram.com/p/DFsp-gZRYMm/,deferred_to_llm
https://www.instagram.com/p/DYA88n6BP2i/,deterministic_excluded
https://www.instagram.com/p/DNhEm5jAe6X/,deferred_to_llm
https://www.instagram.com/p/DXNegJHjJ8z/,deferred_to_llm
https://www.instagram.com/p/DP9WD85jp4c/,deferred_to_llm
https://www.instagram.com/p/DU9ECsTls6g/,deterministic_excluded
https://www.instagram.com/p/DQcyZwuAV1u/,deferred_to_llm
https://www.instagram.com/p/DbXBjsoxj7H/,deferred_to_llm
https://www.instagram.com/p/C9figq6yVdG/,deferred_to_llm
https://www.instagram.com/p/DQZsZXvDy-3/,deferred_to_llm
https://www.instagram.com/p/DXSshyUDUqO/,deferred_to_llm
https://www.instagram.com/p/DZDXIMGibDC/,deferred_to_llm
https://www.instagram.com/p/DTqJRtoDWJV/,deferred_to_llm
https://www.instagram.com/p/DZhu7JcP56K/,deferred_to_llm
https://www.instagram.com/p/C0m_lsDryqX/,deferred_to_llm
https://www.instagram.com/p/DKPduRzxgTA/,deferred_to_llm
https://www.instagram.com/p/Cy56LEZL18T/,deferred_to_llm
https://www.instagram.com/p/C_dg7P0IKmN/,deferred_to_llm
https://www.instagram.com/p/DMyTivevYt5/,deferred_to_llm
https://www.instagram.com/p/DYpBjdhlf0F/,deferred_to_llm
https://www.instagram.com/p/DEtXUUju0xm/,deferred_to_llm
https://www.instagram.com/p/DWzP-_zkVnr/,deterministic_excluded
https://www.instagram.com/p/DJrOWNQO92r/,deferred_to_llm
https://www.instagram.com/p/DYXlzE9mHRV/,deferred_to_llm
https://www.instagram.com/p/DVOktmYjnkc/,deferred_to_llm
https://www.instagram.com/p/Cxx_8oCL3n3/,deferred_to_llm
https://www.instagram.com/p/DW6mwujlj80/,deferred_to_llm
https://www.instagram.com/p/DRU76TVCc4S/,deferred_to_llm
https://www.instagram.com/p/DKK2aGKzTcy/,deterministic_excluded
https://www.instagram.com/p/DFieTsDJfu6/,deferred_to_llm
https://www.instagram.com/p/DIxHOsks5GJ/,deferred_to_llm
https://www.instagram.com/p/C_MOOj-ys5N/,deferred_to_llm
https://www.instagram.com/p/DZh5B1okS2l/,deferred_to_llm
https://www.instagram.com/p/C7m_looOtou/,deferred_to_llm
https://www.instagram.com/p/DX-p1i6kZVe/,deterministic_excluded
https://www.instagram.com/p/DZ8qb52ESJz/,deferred_to_llm
https://www.instagram.com/p/DLidkAEvqs_/,deferred_to_llm
https://www.instagram.com/p/DcRyfhUlAXA/,deterministic_excluded
https://www.instagram.com/p/DYXGCUOOizG/,deferred_to_llm
https://www.instagram.com/p/DNbGoQQJfvu/,deferred_to_llm
https://www.instagram.com/p/DbsxgFUm6HD/,deferred_to_llm
https://www.instagram.com/p/DLSzcBRAyU1/,deterministic_excluded
https://www.instagram.com/p/Dbn0pguxgwB/,deferred_to_llm
https://www.instagram.com/p/DZvCHhWEcuw/,deterministic_excluded
https://www.instagram.com/p/DZ59bX2DgT0/,deterministic_excluded
https://www.instagram.com/p/DUrlecdEXiq/,deterministic_excluded
https://www.instagram.com/p/DbtFfvsDkV9/,deferred_to_llm
https://www.instagram.com/p/DVbKxYjEemU/,deferred_to_llm
https://www.instagram.com/p/C5rP-niJ7Ma/,deferred_to_llm
https://www.instagram.com/p/DaNuO3ekWK1/,deterministic_excluded
https://www.instagram.com/p/DWWk0t7Bf3g/,deterministic_excluded
https://www.instagram.com/p/C4KZKZ2A1jt/,deferred_to_llm
https://www.instagram.com/p/C9zm1ZaR2S8/,deferred_to_llm
https://www.instagram.com/p/DR0Bo8dD6jz/,deterministic_excluded
https://www.instagram.com/p/DUbFgMuAmQH/,deferred_to_llm
https://www.instagram.com/p/DcOm5CfEXCn/,deferred_to_llm
https://www.instagram.com/p/DNQe1pMOXli/,deferred_to_llm
https://www.instagram.com/p/DHWwoxRP4oe/,deferred_to_llm
https://www.instagram.com/p/DBv76sdRx_6/,deterministic_excluded
https://www.instagram.com/p/DIq6kzSi1KH/,deferred_to_llm
https://www.instagram.com/p/DGGeBWgRzsr/,deferred_to_llm
https://www.instagram.com/p/DWEoaFCkpJ8/,deferred_to_llm
https://www.instagram.com/p/DORf_KZjI6V/,deferred_to_llm
https://www.instagram.com/p/C_5wNM2xdQV/,deterministic_excluded
https://www.instagram.com/p/DEvIHSCykwb/,deferred_to_llm
https://www.instagram.com/p/DK2jgnxRPh-/,deferred_to_llm
https://www.instagram.com/p/DaA5XtBNHKg/,deferred_to_llm
https://www.instagram.com/p/DYUgl65DyyL/,deferred_to_llm
https://www.instagram.com/p/DXftfXlkSBa/,deterministic_excluded
https://www.instagram.com/p/DaKteckkk0B/,deferred_to_llm
https://www.instagram.com/p/DXuSJApHBqL/,deferred_to_llm
https://www.instagram.com/p/DMQPWrox5cA/,deterministic_excluded
https://www.instagram.com/p/DY2_XTzPWw6/,deterministic_excluded
https://www.instagram.com/p/C6lz-TCLa3l/,deterministic_excluded
https://www.instagram.com/p/DaLkXSjjaq2/,deterministic_excluded
https://www.instagram.com/p/DZLujRGNwxw/,deferred_to_llm
https://www.instagram.com/p/Dai5NuMk4s1/,deferred_to_llm
https://www.instagram.com/p/DIMpJQhSa6P/,deferred_to_llm
https://www.instagram.com/p/C33Nz8KvAA-/,deferred_to_llm
https://www.instagram.com/p/C2aRgr9xmeX/,deferred_to_llm
https://www.instagram.com/p/DLVDA0Buhs3/,deferred_to_llm
https://www.instagram.com/p/DbWM8BHCRbO/,deferred_to_llm
https://www.instagram.com/p/DSIlr6mj-e3/,deterministic_excluded
https://www.instagram.com/p/DPMJwDFDZtF/,deferred_to_llm
https://www.instagram.com/p/DbTc2r9k5T6/,deferred_to_llm
https://www.instagram.com/p/DTicUEkgd6U/,deferred_to_llm
https://www.instagram.com/p/DHoZV4pAjj1/,deferred_to_llm
https://www.instagram.com/p/C8hqtobg5fW/,deferred_to_llm
https://www.instagram.com/p/Db3NVNYjAzx/,deferred_to_llm
https://www.instagram.com/p/CxTJWTcrFxl/,deferred_to_llm
https://www.instagram.com/p/DVMK9ZXgaWV/,deferred_to_llm
https://www.instagram.com/p/DC1lCrgPOF0/,deferred_to_llm
https://www.instagram.com/p/C3dThkKMU2O/,deterministic_excluded
https://www.instagram.com/p/C8K-rAkvvpx/,deferred_to_llm
https://www.instagram.com/p/C4T2BF_vIZ7/,deterministic_excluded
https://www.instagram.com/p/DQ925LWkhtB/,deferred_to_llm
https://www.instagram.com/p/DNjUBxcvQvT/,deterministic_excluded
https://www.instagram.com/p/DYQTGW3kU8h/,deferred_to_llm
https://www.instagram.com/p/DRS--lHj8uN/,deterministic_excluded
https://www.instagram.com/p/DZ6kUhjDvPI/,deferred_to_llm
https://www.instagram.com/p/DUtYdWkD6I1/,deferred_to_llm
https://www.instagram.com/p/DO6ShvlEbsP/,deterministic_excluded
https://www.instagram.com/p/DaT2E6Lm07t/,deterministic_excluded
https://www.instagram.com/p/DQVBNoBEhS3/,deferred_to_llm
https://www.instagram.com/p/DY509yeMbxB/,deterministic_excluded
https://www.instagram.com/p/Db4TO_7IO3T/,deferred_to_llm
https://www.instagram.com/p/DOZemeBEZtN/,deferred_to_llm
https://www.instagram.com/p/DX68SHjjfZg/,deterministic_excluded
https://www.instagram.com/p/DZvB7OAEoil/,deferred_to_llm
https://www.instagram.com/p/DURrOoPDQpa/,deterministic_excluded
https://www.instagram.com/p/DXzdl4QCtPI/,deferred_to_llm
https://www.instagram.com/p/DZsdFJ4k9m6/,deterministic_excluded
https://www.instagram.com/p/DB60rmAPq9o/,deferred_to_llm
https://www.instagram.com/p/DXXGOZGka8X/,deferred_to_llm
https://www.instagram.com/p/DNoEHMEJMSV/,deferred_to_llm
https://www.instagram.com/p/DCXC-1lvguJ/,deterministic_excluded
https://www.instagram.com/p/DaehlXppO76/,deferred_to_llm
https://www.instagram.com/p/DJ14J-nxNAr/,deferred_to_llm
https://www.instagram.com/p/DXZWkomDvDc/,deferred_to_llm
https://www.instagram.com/p/DUWPDQwDyNU/,deferred_to_llm
https://www.instagram.com/p/C826AzKOYPN/,deferred_to_llm
https://www.instagram.com/p/DKuXpaqRWPm/,deterministic_excluded
https://www.instagram.com/p/C_ZIbhpPbS_/,deferred_to_llm
https://www.instagram.com/p/DWmcjfbEfhv/,deterministic_excluded
https://www.instagram.com/p/DaL1iOPBAGf/,deferred_to_llm
https://www.instagram.com/p/DMVznMCOeDz/,deferred_to_llm
https://www.instagram.com/p/DcR__rPCced/,deferred_to_llm
https://www.instagram.com/p/DSf3dg2D76f/,deterministic_excluded
https://www.instagram.com/p/C9VwEdjAIWI/,deterministic_excluded
https://www.instagram.com/p/DaTmvNXFE89/,deferred_to_llm
https://www.instagram.com/p/DVMW80NkYxh/,deterministic_excluded
https://www.instagram.com/p/C8p2CY9Plz7/,deferred_to_llm
https://www.instagram.com/p/DY3WMdhiGXx/,deterministic_excluded
https://www.instagram.com/p/DTlntvBEhbG/,deterministic_excluded
https://www.instagram.com/p/C6c4aLkgbHf/,deterministic_excluded
https://www.instagram.com/p/DX9xWhpFNe2/,deferred_to_llm
https://www.instagram.com/p/DL7viT9RCh_/,deferred_to_llm
https://www.instagram.com/p/DSKr3qPjRY0/,deferred_to_llm
https://www.instagram.com/p/Db1QrfsFfpW/,deferred_to_llm
https://www.instagram.com/p/DM-mb40R9nr/,deferred_to_llm
https://www.instagram.com/p/DQHYx58jUPO/,deferred_to_llm
https://www.instagram.com/p/DUTiyvejipi/,deterministic_excluded
https://www.instagram.com/p/DSdnM1ojZuX/,deferred_to_llm
https://www.instagram.com/p/C_vr_-MvT6e/,deterministic_excluded
https://www.instagram.com/p/DFTDKBVPbDq/,deferred_to_llm
https://www.instagram.com/p/DboKKtfFp2v/,deferred_to_llm
https://www.instagram.com/p/C51AHgKAGJX/,deferred_to_llm
https://www.instagram.com/p/DVi24N4DvCo/,deterministic_excluded
https://www.instagram.com/p/DVPY5zOCKI9/,deferred_to_llm
https://www.instagram.com/p/CvjYIzvoIGY/,deferred_to_llm
https://www.instagram.com/p/DQmDKWrjsRZ/,deferred_to_llm
https://www.instagram.com/p/DbBk1B-lnik/,deferred_to_llm
https://www.instagram.com/p/DTvcBmPjpDn/,deterministic_excluded
https://www.instagram.com/p/DL81lwAA4ME/,deterministic_excluded
https://www.instagram.com/p/DLbOszEAIEE/,deferred_to_llm
https://www.instagram.com/p/C4MHK4cPXXf/,deferred_to_llm
https://www.instagram.com/p/DRLA8hljIjx/,deterministic_excluded
https://www.instagram.com/p/DJApl1ix6qG/,deterministic_excluded
https://www.instagram.com/p/DOeHrAJCWLg/,deferred_to_llm
https://www.instagram.com/p/DSBgNcoAeqW/,deferred_to_llm
https://www.instagram.com/p/DaRDBVvH18i/,deferred_to_llm
https://www.instagram.com/p/DMdOaWzAoUj/,deferred_to_llm
https://www.instagram.com/p/C-I0sgbu7hx/,deterministic_excluded
https://www.instagram.com/p/Da3Pr40n5up/,deterministic_excluded
https://www.instagram.com/p/DQuCq44kjJ7/,deferred_to_llm
https://www.instagram.com/p/DVFPSKxjcDQ/,deterministic_excluded
https://www.instagram.com/p/DN7EUqcAHZf/,deterministic_excluded
https://www.instagram.com/p/DFOF0JQvexI/,deferred_to_llm
https://www.instagram.com/p/DAOvmMWSvpc/,deferred_to_llm
https://www.instagram.com/p/DOUgKbQlRpQ/,deferred_to_llm
https://www.instagram.com/p/DbOBZi4EQ0J/,deferred_to_llm
https://www.instagram.com/p/DHed_fDP2fQ/,deterministic_excluded
https://www.instagram.com/p/DEBIYd3Pa8V/,deferred_to_llm
https://www.instagram.com/p/DWNo347DJZM/,deterministic_excluded
https://www.instagram.com/p/C-QtAWPp2jN/,deferred_to_llm
https://www.instagram.com/p/DWBdx4hiLQX/,deferred_to_llm
https://www.instagram.com/p/Cu9q1OBrnNq/,deferred_to_llm
https://www.instagram.com/p/C9XPBhvpoYB/,deferred_to_llm
https://www.instagram.com/p/DadMVVpHB28/,deferred_to_llm
https://www.instagram.com/p/DLh3aDSMKO3/,deterministic_excluded
https://www.instagram.com/p/DX61oLiGcRi/,deterministic_excluded
https://www.instagram.com/p/DVwB_uXEVW-/,deterministic_excluded
https://www.instagram.com/p/C9vYr7my96o/,deterministic_excluded
https://www.instagram.com/p/DATza-Mvunc/,deferred_to_llm
https://www.instagram.com/p/DVrZCV1EYKs/,deterministic_excluded
https://www.instagram.com/p/DUD5Uu9kboI/,deferred_to_llm
https://www.instagram.com/p/DTVXoz6Dkxf/,deferred_to_llm
https://www.instagram.com/p/DadjypdqyhU/,deferred_to_llm
https://www.instagram.com/p/Da8YtT7kbee/,deferred_to_llm
https://www.instagram.com/p/DaJutqwjRFY/,deferred_to_llm
https://www.instagram.com/p/DRRi8efjgBP/,deterministic_excluded
https://www.instagram.com/p/DYaGY26PK54/,deterministic_excluded
https://www.instagram.com/p/DQSzi3ukamc/,deterministic_excluded
https://www.instagram.com/p/DYIbQ5smnVl/,deferred_to_llm
https://www.instagram.com/p/C3xu_V9LUqJ/,deterministic_excluded
https://www.instagram.com/p/DVMEt8Xkf9m/,deterministic_excluded
https://www.instagram.com/p/DaEfOZUnJjY/,deferred_to_llm
https://www.instagram.com/p/C-BDzNCP5aT/,deferred_to_llm
https://www.instagram.com/p/DU6ru1ZkRz0/,deferred_to_llm
https://www.instagram.com/p/DZ76BSxEUXu/,deferred_to_llm
https://www.instagram.com/p/DSc9aG9Eoql/,deterministic_excluded
https://www.instagram.com/p/DWE_sM_gQn0/,deferred_to_llm
https://www.instagram.com/p/DQ-MtY3ErA9/,deferred_to_llm
https://www.instagram.com/p/C5d8-iILrOx/,deferred_to_llm
https://www.instagram.com/p/DZfg0HqBaGf/,deferred_to_llm
https://www.instagram.com/p/DX5Qz5Ipu3v/,deferred_to_llm
https://www.instagram.com/p/C6zFI3xrAAI/,deferred_to_llm
https://www.instagram.com/p/DEQwQ2ru2VE/,deferred_to_llm
https://www.instagram.com/p/CtemBLXrUe0/,deferred_to_llm
https://www.instagram.com/p/DFx1uJpPHmk/,deferred_to_llm
https://www.instagram.com/p/DZmyYFlFpkd/,deferred_to_llm
https://www.instagram.com/p/DMjjSEFAwDd/,deterministic_excluded
https://www.instagram.com/p/DWHi_dtERSM/,deterministic_excluded
https://www.instagram.com/p/DZ34-lCMwpU/,deferred_to_llm
https://www.instagram.com/p/DRcYlv1Dcsc/,deterministic_excluded
https://www.instagram.com/p/Dbb73ntEQTj/,deferred_to_llm
https://www.instagram.com/p/DDTJlc7x7Eg/,deterministic_excluded
https://www.instagram.com/p/DUUHbh-DSMw/,deferred_to_llm
https://www.instagram.com/p/Co45ErZrV0C/,deferred_to_llm
https://www.instagram.com/p/DUZB5z2F65Y/,deferred_to_llm
https://www.instagram.com/p/DTvQuGCjY-q/,deterministic_excluded
https://www.instagram.com/p/DNrA1GSUis3/,deferred_to_llm
https://www.instagram.com/p/DYS9f2-ESVn/,deferred_to_llm
https://www.instagram.com/p/DL3U5BTxfjd/,deferred_to_llm
https://www.instagram.com/p/DF-kEAxxlPT/,deferred_to_llm
https://www.instagram.com/p/DXVnK9ljJVs/,deferred_to_llm
https://www.instagram.com/p/Da29CADDZ2N/,deterministic_excluded
https://www.instagram.com/p/DOy-muNEd38/,deferred_to_llm
https://www.instagram.com/p/DWhds-fFiA3/,deterministic_excluded
https://www.instagram.com/p/DW9U08MDkfd/,deferred_to_llm
https://www.instagram.com/p/CoKp_vdj-cz/,deferred_to_llm
https://www.instagram.com/p/DMDWhcJxMDU/,deferred_to_llm
https://www.instagram.com/p/C38QiXPOxl-/,deferred_to_llm
https://www.instagram.com/p/DW9QTfECR-5/,deterministic_excluded
https://www.instagram.com/p/DC6ufdwgRJO/,deterministic_excluded
https://www.instagram.com/p/C6sWbjerP1N/,deterministic_excluded
https://www.instagram.com/p/C8q450FOfvn/,deferred_to_llm
https://www.instagram.com/p/DZxJ26xEWnh/,deferred_to_llm
https://www.instagram.com/p/DWewIZClA8q/,deferred_to_llm
https://www.instagram.com/p/DT79c96jsXr/,deferred_to_llm
https://www.instagram.com/p/DHTZSFMRysQ/,deterministic_excluded
https://www.instagram.com/p/Da0V0SAisWF/,deterministic_excluded
https://www.instagram.com/p/DcOXJrCFWju/,deterministic_excluded
https://www.instagram.com/p/C1r1jZ7OvMk/,deferred_to_llm
https://www.instagram.com/p/DHlauk2Ohda/,deterministic_excluded
https://www.instagram.com/p/C___7i9vCBF/,deterministic_excluded
https://www.instagram.com/p/DO1yAHUEw8N/,deferred_to_llm
https://www.instagram.com/p/DLBtLGKgl8r/,deferred_to_llm
https://www.instagram.com/p/DG6Gy0HvpI3/,deterministic_excluded
https://www.instagram.com/p/DUvolywGrrN/,deferred_to_llm
https://www.instagram.com/p/DadHz09EV6E/,deferred_to_llm
https://www.instagram.com/p/DUySnGxEVqK/,deferred_to_llm
https://www.instagram.com/p/DToOIL8CQOV/,deterministic_excluded
https://www.instagram.com/p/DaNrwL-keP1/,deferred_to_llm
https://www.instagram.com/p/DOL0d7IDYTp/,deferred_to_llm
https://www.instagram.com/p/DXosUS9kRlx/,deterministic_excluded
https://www.instagram.com/p/CsoRJU_LXZi/,deferred_to_llm
https://www.instagram.com/p/DZDT1Riib23/,deterministic_excluded
https://www.instagram.com/p/CzWjkq4OMJx/,deferred_to_llm
https://www.instagram.com/p/DNx9PvdZqdo/,deferred_to_llm
https://www.instagram.com/p/DJo9BMHupe2/,deterministic_excluded
https://www.instagram.com/p/C3Sr5A2NtYM/,deferred_to_llm
https://www.instagram.com/p/DQc1P-fDJrw/,deferred_to_llm
https://www.instagram.com/p/DSiy0VeERWE/,deferred_to_llm
https://www.instagram.com/p/DXaCExrEpec/,deterministic_excluded
https://www.instagram.com/p/DAbgmvIPUSl/,deferred_to_llm
https://www.instagram.com/p/DHbW8Yqx4OB/,deferred_to_llm
https://www.instagram.com/p/DITcd3HOahJ/,deterministic_excluded
https://www.instagram.com/p/DSMXjWEAO3D/,deferred_to_llm
https://www.instagram.com/p/DMiezuWxCJi/,deterministic_excluded
https://www.instagram.com/p/DXPDf3HlAFL/,deferred_to_llm
https://www.instagram.com/p/Da3qdhWGFS9/,deferred_to_llm
https://www.instagram.com/p/C_GUwg9xXUP/,deterministic_excluded
https://www.instagram.com/p/DaNjamzFtXR/,deferred_to_llm
https://www.instagram.com/p/DHL2WW5R3CQ/,deferred_to_llm
https://www.instagram.com/p/DT6XgWeDnEM/,deterministic_excluded
https://www.instagram.com/p/DGPwCvxOMRB/,deferred_to_llm
https://www.instagram.com/p/DDscDHORBjm/,deferred_to_llm
https://www.instagram.com/p/DDzkjPFx338/,deferred_to_llm
https://www.instagram.com/p/DZYCiw_FiVq/,deferred_to_llm
https://www.instagram.com/p/DcQbMZixjU5/,deferred_to_llm
https://www.instagram.com/p/DU1lFTBCaRo/,deterministic_excluded
https://www.instagram.com/p/Db8W_odm7eJ/,deferred_to_llm
https://www.instagram.com/p/DG3dQC8vgEW/,deferred_to_llm
https://www.instagram.com/p/DEpwp4_JT5Q/,deferred_to_llm
https://www.instagram.com/p/DJGBEq4R6pp/,deferred_to_llm
https://www.instagram.com/p/DbG9YoXGfSu/,deferred_to_llm
https://www.instagram.com/p/DBKVK3bPsim/,deferred_to_llm
https://www.instagram.com/p/DZa8H_xuhHj/,deferred_to_llm
https://www.instagram.com/p/DCzZNgVyLSn/,deferred_to_llm
https://www.instagram.com/p/DNJPbDwgcfB/,deterministic_excluded
https://www.instagram.com/p/CyZmKwoL-SN/,deterministic_excluded
https://www.instagram.com/p/DHbsho-TWRM/,deferred_to_llm
https://www.instagram.com/p/DQNRoN3ATu8/,deferred_to_llm
https://www.instagram.com/p/DKN4GZkvfUe/,deferred_to_llm
https://www.instagram.com/p/DGTo8h_Ps6M/,deferred_to_llm
https://www.instagram.com/p/Da5YWBxGkvO/,deferred_to_llm
https://www.instagram.com/p/DHWuCrxJU-j/,deferred_to_llm
https://www.instagram.com/p/DWo_e0Gmd_3/,deferred_to_llm
https://www.instagram.com/p/DG81UbyvSOl/,deferred_to_llm
https://www.instagram.com/p/DPhY5N5jzVZ/,deferred_to_llm
https://www.instagram.com/p/DJQhzgnghwo/,deferred_to_llm
https://www.instagram.com/p/DWWuMeIEVa7/,deferred_to_llm
https://www.instagram.com/p/CqJeWr-MVG1/,deferred_to_llm
https://www.instagram.com/p/DTyDTVEEkP8/,deterministic_excluded
https://www.instagram.com/p/DU1_0udDWvQ/,deferred_to_llm
https://www.instagram.com/p/DQpYrOLDxcA/,deferred_to_llm
https://www.instagram.com/p/Db96HXWloZR/,deferred_to_llm
https://www.instagram.com/p/DWRwVlHkY-x/,deferred_to_llm
https://www.instagram.com/p/C2qC-ALPwg6/,deterministic_excluded
https://www.instagram.com/p/DC7I2DjMYEO/,deterministic_excluded
https://www.instagram.com/p/C7zZPjLPYMX/,deferred_to_llm
https://www.instagram.com/p/DZdAW6embbS/,deferred_to_llm
https://www.instagram.com/p/DYAMxyHgrQx/,deterministic_excluded
https://www.instagram.com/p/DJUb36lP2g8/,deferred_to_llm
https://www.instagram.com/p/DQ4xx1xkeT3/,deferred_to_llm
https://www.instagram.com/p/DH9bQvFPHXW/,deferred_to_llm
https://www.instagram.com/p/DZ-f6Kplng9/,deferred_to_llm
https://www.instagram.com/p/DMi2IJtRajh/,deterministic_excluded
https://www.instagram.com/p/DGTzX9GOlDy/,deferred_to_llm
https://www.instagram.com/p/DO4ClTQjhbd/,deferred_to_llm
https://www.instagram.com/p/DSNJQVLDWod/,deterministic_excluded
https://www.instagram.com/p/Da5WuHBNmAU/,deferred_to_llm
https://www.instagram.com/p/Cv682ciAVy_/,deferred_to_llm
https://www.instagram.com/p/DRuvRSFEacf/,deferred_to_llm
https://www.instagram.com/p/DB9sHHHTMCr/,deferred_to_llm
https://www.instagram.com/p/C388RpYLNMi/,deferred_to_llm
https://www.instagram.com/p/DaTHPuLRSGY/,deferred_to_llm
https://www.instagram.com/p/DMtIVU1v2LE/,deferred_to_llm
https://www.instagram.com/p/C6PC33YpFv4/,deterministic_excluded
https://www.instagram.com/p/DMTas-nRn0w/,deferred_to_llm
https://www.instagram.com/p/DSV1IyMErHS/,deterministic_excluded
https://www.instagram.com/p/DIU1v9YBJRg/,deterministic_excluded
https://www.instagram.com/p/DU_6gycjp2V/,deterministic_excluded
https://www.instagram.com/p/DWHAAJoDhfp/,deterministic_excluded
https://www.instagram.com/p/DOZO0rdD2jw/,deferred_to_llm
https://www.instagram.com/p/C67OXacLFyz/,deterministic_excluded
https://www.instagram.com/p/DCpYORCyEhL/,deferred_to_llm
https://www.instagram.com/p/DObdtQ0jjdj/,deferred_to_llm
https://www.instagram.com/p/DbmAl56IFfh/,deferred_to_llm
https://www.instagram.com/p/DNDsnlkP1f4/,deferred_to_llm
https://www.instagram.com/p/DJ-VFV8pEo0/,deterministic_excluded
https://www.instagram.com/p/DQXg87jEZeA/,deferred_to_llm
https://www.instagram.com/p/DF-wJ4RxLWy/,deferred_to_llm
https://www.instagram.com/p/DSVsiCED_Z5/,deterministic_excluded
https://www.instagram.com/p/DNjlArfMqSL/,deterministic_excluded
https://www.instagram.com/p/DFYE77oxgws/,deterministic_excluded
https://www.instagram.com/p/DVgmiHvD6Dv/,deferred_to_llm
https://www.instagram.com/p/CxqhkJdRCHr/,deferred_to_llm
https://www.instagram.com/p/DYckMYkRsNh/,deterministic_excluded
https://www.instagram.com/p/C2Ki_FHOPqT/,deferred_to_llm
https://www.instagram.com/p/DZ5b9jDD2MO/,deterministic_excluded
https://www.instagram.com/p/DajTgXUFgw6/,deferred_to_llm
https://www.instagram.com/p/DRz-WyaChrY/,deferred_to_llm
https://www.instagram.com/p/C9gi3JTOSzk/,deferred_to_llm
https://www.instagram.com/p/DbEqfzfkQan/,deferred_to_llm
https://www.instagram.com/p/DLK4jrtszQS/,deterministic_excluded
https://www.instagram.com/p/DZQGEjHgM-Q/,deferred_to_llm
https://www.instagram.com/p/DDhxhCJPG5L/,deferred_to_llm
https://www.instagram.com/p/C7IW_imMdhU/,deferred_to_llm
https://www.instagram.com/p/DPr7TeKjQQB/,deferred_to_llm
https://www.instagram.com/p/DcRhS2TlF-7/,deferred_to_llm
https://www.instagram.com/p/DZjHVh2Ro-s/,deterministic_excluded
https://www.instagram.com/p/DMXjDHnAfvR/,deferred_to_llm
https://www.instagram.com/p/Da3xUv7DwkQ/,deferred_to_llm
https://www.instagram.com/p/DX7v5wLDcPy/,deferred_to_llm
https://www.instagram.com/p/DZVLOW8DZfX/,deterministic_excluded
https://www.instagram.com/p/DQ955OjESdr/,deterministic_excluded
https://www.instagram.com/p/Dbx_V4CDoCQ/,deferred_to_llm
https://www.instagram.com/p/DYiDNugoOa9/,deterministic_excluded
https://www.instagram.com/p/DRU3JmVE0V8/,deterministic_excluded
https://www.instagram.com/p/DGyPgq2P99C/,deferred_to_llm
https://www.instagram.com/p/DOWKJl_kXSU/,deterministic_excluded
https://www.instagram.com/p/C74fbGcpz0v/,deterministic_excluded
https://www.instagram.com/p/DEF0xmKvGck/,deferred_to_llm
https://www.instagram.com/p/C4Vs79NsvlW/,deferred_to_llm
https://www.instagram.com/p/DHjR-5-PZ1m/,deterministic_excluded
https://www.instagram.com/p/DNGbxg3MFo_/,deferred_to_llm
https://www.instagram.com/p/Db51Oahjn1h/,deferred_to_llm
https://www.instagram.com/p/C2-obv2J4WV/,deferred_to_llm
https://www.instagram.com/p/DURKSmvkssE/,deterministic_excluded
https://www.instagram.com/p/C7SL0pSJ5DG/,deterministic_excluded
https://www.instagram.com/p/DXH0QK8jX80/,deferred_to_llm
https://www.instagram.com/p/DaQZguyllR6/,deferred_to_llm
https://www.instagram.com/p/DS5JAobEoSL/,deferred_to_llm
https://www.instagram.com/p/DLsH1UeyKqH/,deferred_to_llm
https://www.instagram.com/p/DDTMDA6NPGf/,deferred_to_llm
https://www.instagram.com/p/DVcOCY1lN85/,deferred_to_llm
https://www.instagram.com/p/DXU2psbCdfw/,deterministic_excluded
https://www.instagram.com/p/DMyVkP5TAj1/,deterministic_excluded
https://www.instagram.com/p/DaTIGAPkbD8/,deterministic_excluded
https://www.instagram.com/p/DUrSybbkrn-/,deterministic_excluded
https://www.instagram.com/p/C59KOovPKDX/,deferred_to_llm
https://www.instagram.com/p/DJu_WcNPybB/,deferred_to_llm
https://www.instagram.com/p/DVRGAbKjYx0/,deterministic_excluded
https://www.instagram.com/p/DaLR94hlSPc/,deferred_to_llm
https://www.instagram.com/p/C9yFwtKyMwZ/,deferred_to_llm
https://www.instagram.com/p/CvA-GGqvclx/,deferred_to_llm
https://www.instagram.com/p/DOWD5K5Dmz1/,deferred_to_llm
https://www.instagram.com/p/DTthB7njVvW/,deterministic_excluded
https://www.instagram.com/p/DQ19aa6jZiQ/,deferred_to_llm
https://www.instagram.com/p/DM26_tOCh4o/,deterministic_excluded
https://www.instagram.com/p/DJcxxxfp5Ma/,deferred_to_llm
https://www.instagram.com/p/DcRGte4jqLs/,deferred_to_llm
https://www.instagram.com/p/DObj33tEjZ6/,deferred_to_llm
https://www.instagram.com/p/DV1QD6tlB3-/,deterministic_excluded
https://www.instagram.com/p/DLD1C3Gvalg/,deferred_to_llm
https://www.instagram.com/p/Db6wm1QjXsj/,deferred_to_llm
https://www.instagram.com/p/C17NB0yOXHW/,deferred_to_llm
https://www.instagram.com/p/DFYeCRJvhzp/,deterministic_excluded
https://www.instagram.com/p/DMTGHkbxIAH/,deferred_to_llm
https://www.instagram.com/p/DIjwSTAAqAO/,deferred_to_llm
https://www.instagram.com/p/DSdqcgpEQpT/,deterministic_excluded
https://www.instagram.com/p/DTI812MkoWQ/,deterministic_excluded
https://www.instagram.com/p/DHHMw9xSkoo/,deferred_to_llm
https://www.instagram.com/p/DCsWeTGvxo5/,deterministic_excluded
https://www.instagram.com/p/DWj93TsjZQ2/,deterministic_excluded
https://www.instagram.com/p/DXcDq8ajmGN/,deferred_to_llm
https://www.instagram.com/p/DJujAH5xd8h/,deterministic_excluded
https://www.instagram.com/p/DbhmtEdusOh/,deferred_to_llm
https://www.instagram.com/p/C6xJJTTLAHk/,deterministic_excluded
https://www.instagram.com/p/DNd5JHkN9ze/,deferred_to_llm
https://www.instagram.com/p/DZdH-iOERp7/,deferred_to_llm
https://www.instagram.com/p/C7LATkCskgX/,deterministic_excluded
https://www.instagram.com/p/DOwTNGxgh0V/,deferred_to_llm
https://www.instagram.com/p/DCXj76pNTED/,deterministic_excluded
https://www.instagram.com/p/DQ13USwEtdN/,deterministic_excluded
https://www.instagram.com/p/DNf1c8vRswA/,deferred_to_llm
https://www.instagram.com/p/DX5FWIQCTle/,deterministic_excluded
https://www.instagram.com/p/DW9YhxDDo69/,deferred_to_llm
https://www.instagram.com/p/DD2iDRhvqsg/,deferred_to_llm
https://www.instagram.com/p/CwfvOejsYj3/,deterministic_excluded
https://www.instagram.com/p/DY2t8KIttz-/,deferred_to_llm
https://www.instagram.com/p/DJ0LOm9PEZA/,deferred_to_llm
https://www.instagram.com/p/DbgKyRFxoz0/,deterministic_excluded
https://www.instagram.com/p/DVMsDThEh8w/,deferred_to_llm
https://www.instagram.com/p/C-79quCRijn/,deterministic_excluded
https://www.instagram.com/p/DWudJpRjUGO/,deferred_to_llm
https://www.instagram.com/p/Daqk0ZIFsxL/,deferred_to_llm
https://www.instagram.com/p/DagQkReAUfT/,deterministic_excluded
https://www.instagram.com/p/DT01b0_EpTg/,deterministic_excluded
https://www.instagram.com/p/C-KrN4Vx8Ss/,deferred_to_llm
https://www.instagram.com/p/DYP-OGemh8R/,deferred_to_llm
https://www.instagram.com/p/DPEcYrYjXGh/,deferred_to_llm
https://www.instagram.com/p/DYLQmglFV2W/,deferred_to_llm
https://www.instagram.com/p/DPOjAtfgQll/,deterministic_excluded
https://www.instagram.com/p/DbjLYZiFe0T/,deferred_to_llm
https://www.instagram.com/p/C4RvUXYriJH/,deferred_to_llm
https://www.instagram.com/p/DMvC_ZRRCim/,deferred_to_llm
https://www.instagram.com/p/DW9PAzOEmf_/,deterministic_excluded
https://www.instagram.com/p/DUtDov4j0bq/,deferred_to_llm
https://www.instagram.com/p/DRIyLRCCTS3/,deterministic_excluded
https://www.instagram.com/p/DVjw9xUEypE/,deferred_to_llm
https://www.instagram.com/p/C4a2JohuEqE/,deferred_to_llm
https://www.instagram.com/p/C3iQGZmLfaE/,deferred_to_llm
https://www.instagram.com/p/CoaLTiwpVmt/,deferred_to_llm
https://www.instagram.com/p/C4vSlSVLVnA/,deferred_to_llm
https://www.instagram.com/p/C8GNlyXO1tM/,deferred_to_llm
https://www.instagram.com/p/DcCm2yXFfJr/,deferred_to_llm
https://www.instagram.com/p/DJHYmo3xcpM/,deterministic_excluded
https://www.instagram.com/p/DUGy_d-FAty/,deferred_to_llm
https://www.instagram.com/p/DSLIse8Dt5z/,deferred_to_llm
https://www.instagram.com/p/DRnC4e8Cd9A/,deferred_to_llm
https://www.instagram.com/p/DcA3z6kIOob/,deterministic_excluded
https://www.instagram.com/p/DPbNzJZlfJa/,deferred_to_llm
https://www.instagram.com/p/DWJ_l-lEzBb/,deterministic_excluded
https://www.instagram.com/p/DCR2xK4Cgv5/,deferred_to_llm
https://www.instagram.com/p/DbpH9vYEhYZ/,deferred_to_llm
https://www.instagram.com/p/DYz4fZtEwHD/,deferred_to_llm
https://www.instagram.com/p/CtmebKIJL09/,deterministic_excluded
https://www.instagram.com/p/DQ7XmMNj20T/,deferred_to_llm
https://www.instagram.com/p/DYNLqOwkVTI/,deterministic_excluded
https://www.instagram.com/p/DUokpk4EnLU/,deferred_to_llm
https://www.instagram.com/p/DM0YWIKxegA/,deferred_to_llm
https://www.instagram.com/p/DRKyRboEn5G/,deferred_to_llm
https://www.instagram.com/p/C4Ra-idrwEH/,deferred_to_llm
https://www.instagram.com/p/C5PJLTJLeyz/,deferred_to_llm
https://www.instagram.com/p/DaxjFXGmoFe/,deferred_to_llm
https://www.instagram.com/p/DNg8zeevBSr/,deferred_to_llm
https://www.instagram.com/p/DTg_bpfFVXN/,deferred_to_llm
https://www.instagram.com/p/C_eQxHiONNr/,deterministic_excluded
https://www.instagram.com/p/C5TkovIRWQV/,deferred_to_llm
https://www.instagram.com/p/DFYtJi9v10L/,deferred_to_llm
https://www.instagram.com/p/DbEweaJHGv9/,deferred_to_llm
https://www.instagram.com/p/DKScTdlujLB/,deferred_to_llm
https://www.instagram.com/p/DDun6_Kv_Q_/,deferred_to_llm
https://www.instagram.com/p/DQ8EHZjjEO1/,deferred_to_llm
https://www.instagram.com/p/DA1ec1jzIzc/,deferred_to_llm
https://www.instagram.com/p/C8wwFJ3x1lj/,deferred_to_llm
https://www.instagram.com/p/DU_R7zkAFVV/,deferred_to_llm
https://www.instagram.com/p/DTl7L3SDd3C/,deferred_to_llm
https://www.instagram.com/p/DJ6p_ymAAEx/,deterministic_excluded
https://www.instagram.com/p/DYEK5wIkTsz/,deterministic_excluded
https://www.instagram.com/p/DNixcBzRr5m/,deferred_to_llm
https://www.instagram.com/p/DXPeV5uDm78/,deferred_to_llm
https://www.instagram.com/p/DF6JDy_yI8B/,deferred_to_llm
https://www.instagram.com/p/C5GM51khZ7d/,deferred_to_llm
https://www.instagram.com/p/DQelYN5ATj-/,deferred_to_llm
https://www.instagram.com/p/DQ2wpNPjAs2/,deferred_to_llm
https://www.instagram.com/p/DLNy5m-PhvF/,deterministic_excluded
https://www.instagram.com/p/DB1oAj3oBKZ/,deferred_to_llm
https://www.instagram.com/p/DP17TLXjyAu/,deferred_to_llm
https://www.instagram.com/p/DVL1oxmivBG/,deterministic_excluded
https://www.instagram.com/p/DPwIKPGjsVz/,deterministic_excluded
https://www.instagram.com/p/DBGw25ntrwX/,deferred_to_llm
https://www.instagram.com/p/DS8FUUfDRv_/,deterministic_excluded
https://www.instagram.com/p/DQci4r7gUFL/,deterministic_excluded
https://www.instagram.com/p/DbyKsqMlna9/,deterministic_excluded
https://www.instagram.com/p/DcQtrd1ldy_/,deferred_to_llm
https://www.instagram.com/p/Db83UN9oAHq/,deterministic_excluded
https://www.instagram.com/p/DL3NcViv97B/,deferred_to_llm
https://www.instagram.com/p/DOHGbXDkxpc/,deterministic_excluded
https://www.instagram.com/p/DKQa4OQANLr/,deferred_to_llm
https://www.instagram.com/p/DVROU9QDbay/,deferred_to_llm
https://www.instagram.com/p/DYvj6ANkbbU/,deferred_to_llm
https://www.instagram.com/p/DR2JdUdk-Lm/,deferred_to_llm
https://www.instagram.com/p/DAi-rTmR1A0/,deferred_to_llm
https://www.instagram.com/p/DUEqFdYjFyv/,deferred_to_llm
https://www.instagram.com/p/DJ_3SSPuhuU/,deterministic_excluded
https://www.instagram.com/p/DYvhCnRzRJ7/,deferred_to_llm
https://www.instagram.com/p/DZ-zlfllOEQ/,deferred_to_llm
https://www.instagram.com/p/Da5s6NOjDD_/,deferred_to_llm
https://www.instagram.com/p/DU0ylPskgTS/,deferred_to_llm
https://www.instagram.com/p/DVcVy8LDXUQ/,deferred_to_llm
https://www.instagram.com/p/DOhNwbZD69j/,deferred_to_llm
https://www.instagram.com/p/DakrKMSHwkN/,deferred_to_llm
https://www.instagram.com/p/DNdthVWRVzW/,deferred_to_llm
https://www.instagram.com/p/Cwh9uDlLsKP/,deferred_to_llm
https://www.instagram.com/p/DJ263CbxJBg/,deferred_to_llm
https://www.instagram.com/p/DGw3v99sR8y/,deferred_to_llm
https://www.instagram.com/p/DOyHUfPkdjo/,deterministic_excluded
https://www.instagram.com/p/DFVZPz3xbbr/,deferred_to_llm
https://www.instagram.com/p/DYYO70FgVRs/,deferred_to_llm
https://www.instagram.com/p/DOyz_lmgcZB/,deterministic_excluded
https://www.instagram.com/p/DXZYrqIkkZ3/,deferred_to_llm
https://www.instagram.com/p/DWkQRq-D9u8/,deterministic_excluded
https://www.instagram.com/p/DCsP0zeO6pq/,deferred_to_llm
https://www.instagram.com/p/DYaqJ11OW03/,deterministic_excluded
https://www.instagram.com/p/DTGXSMWD_76/,deterministic_excluded
https://www.instagram.com/p/DXUjkvZDusv/,deferred_to_llm
https://www.instagram.com/p/DSTLXPvACnm/,deferred_to_llm
https://www.instagram.com/p/DZRGQFoEZnT/,deferred_to_llm
https://www.instagram.com/p/C1mY8PvLsNA/,deferred_to_llm
https://www.instagram.com/p/DZu7JeDj0uV/,deterministic_excluded
https://www.instagram.com/p/DWrHvyRhbkz/,deferred_to_llm
https://www.instagram.com/p/DP93oPFj3_h/,deferred_to_llm
https://www.instagram.com/p/DD6_mQOshzy/,deferred_to_llm
https://www.instagram.com/p/DTdgPR0jprv/,deterministic_excluded
https://www.instagram.com/p/DBRCI3Dv41I/,deferred_to_llm
https://www.instagram.com/p/DZY4okVOzAK/,deferred_to_llm
https://www.instagram.com/p/DUEStDij3Ft/,deferred_to_llm
https://www.instagram.com/p/Dboca4Fj554/,deterministic_excluded
https://www.instagram.com/p/DBWusprvNDR/,deterministic_excluded
https://www.instagram.com/p/C1D3IMUNboa/,deterministic_excluded
https://www.instagram.com/p/DAb1VaHscLm/,deterministic_excluded
https://www.instagram.com/p/Dasb1ORFmMR/,deferred_to_llm
https://www.instagram.com/p/DDPzQwuvF9Z/,deterministic_excluded
https://www.instagram.com/p/Daf1BcQJGKM/,deterministic_excluded
https://www.instagram.com/p/DbdwFeVjXHn/,deferred_to_llm
https://www.instagram.com/p/CtNKJERsG_W/,deterministic_excluded
https://www.instagram.com/p/C-UTT3GOB8N/,deferred_to_llm
https://www.instagram.com/p/Dax7KVGEcV0/,deferred_to_llm
https://www.instagram.com/p/DW1QrehDZoW/,deferred_to_llm
https://www.instagram.com/p/DF_Aw4aTBoO/,deterministic_excluded
https://www.instagram.com/p/DRquSbRDMsx/,deferred_to_llm
https://www.instagram.com/p/C83ML5TRvde/,deterministic_excluded
https://www.instagram.com/p/C6fLAE0LQnr/,deterministic_excluded
https://www.instagram.com/p/DDtKpSkxOun/,deterministic_excluded
https://www.instagram.com/p/DP398BGCe3v/,deferred_to_llm
https://www.instagram.com/p/DZH8sInETDp/,deferred_to_llm
https://www.instagram.com/p/DZ2wWJUH-rj/,deferred_to_llm
https://www.instagram.com/p/DY7o8sWkftF/,deterministic_excluded
https://www.instagram.com/p/Dax22CzAyq9/,deterministic_excluded
https://www.instagram.com/p/DM8p6YRPe1h/,deferred_to_llm
https://www.instagram.com/p/DIbwIYNMRLy/,deferred_to_llm
https://www.instagram.com/p/DJwyUjWJouQ/,deferred_to_llm
https://www.instagram.com/p/DEnXPNmvS6M/,deferred_to_llm
https://www.instagram.com/p/DaxYyehRQDi/,deferred_to_llm
https://www.instagram.com/p/DKmybkFAKDs/,deferred_to_llm
https://www.instagram.com/p/DTrExH1DBqn/,deferred_to_llm
https://www.instagram.com/p/DP69U0MD7Gm/,deterministic_excluded
https://www.instagram.com/p/C-EX7uPvOJ-/,deferred_to_llm
https://www.instagram.com/p/DVHwIzYDpsX/,deterministic_excluded
https://www.instagram.com/p/DPpYlj-kWiB/,deferred_to_llm
https://www.instagram.com/p/DRlDUn8mPmX/,deferred_to_llm
https://www.instagram.com/p/DMcxPp0AlyG/,deferred_to_llm
https://www.instagram.com/p/C_2s6Ejv8ek/,deferred_to_llm
https://www.instagram.com/p/DSnKXWPgHn0/,deferred_to_llm
https://www.instagram.com/p/DSbFP5nDWv4/,deterministic_excluded
https://www.instagram.com/p/C2A7oBGOl0t/,deferred_to_llm
https://www.instagram.com/p/DWzYcZHkrOp/,deferred_to_llm
https://www.instagram.com/p/DEpyt5jP_q1/,deterministic_excluded
https://www.instagram.com/p/DDNSjUhvEXV/,deferred_to_llm
https://www.instagram.com/p/DLilkKZv8yE/,deferred_to_llm
https://www.instagram.com/p/DBeVMMqP2Oh/,deferred_to_llm
https://www.instagram.com/p/DadVq8AkSe-/,deferred_to_llm
https://www.instagram.com/p/DBj3iVhP4DZ/,deterministic_excluded
https://www.instagram.com/p/DAGj_lxMTd6/,deferred_to_llm
https://www.instagram.com/p/DXrYt1nCkhE/,deferred_to_llm
https://www.instagram.com/p/DZLZY1giTBh/,deterministic_excluded
https://www.instagram.com/p/DV6MqqxjFo4/,deferred_to_llm
https://www.instagram.com/p/Da7kD6xtC4R/,deferred_to_llm
https://www.instagram.com/p/DUD-OlJEu_I/,deterministic_excluded
https://www.instagram.com/p/DWo61Ctjjed/,deferred_to_llm
https://www.instagram.com/p/C67hRbCrYU1/,deferred_to_llm
https://www.instagram.com/p/DNdbe4MtWLb/,deferred_to_llm
https://www.instagram.com/p/DEIm71_S9eo/,deferred_to_llm
https://www.instagram.com/p/DVn17rwmUgL/,deferred_to_llm
https://www.instagram.com/p/C4tbdBXPIF6/,deterministic_excluded
https://www.instagram.com/p/DPRb-Ogke3A/,deferred_to_llm
https://www.instagram.com/p/DTtKq0ECUUy/,deferred_to_llm
https://www.instagram.com/p/DYPllGEEQGy/,deterministic_excluded
https://www.instagram.com/p/DWHXnKsCYZl/,deterministic_excluded
https://www.instagram.com/p/DZs8HuSHVva/,deterministic_excluded
https://www.instagram.com/p/DTC_AYJjqn-/,deterministic_excluded
https://www.instagram.com/p/DaYcTvVjFbw/,deterministic_excluded
https://www.instagram.com/p/DanMeoJkSxM/,deferred_to_llm
https://www.instagram.com/p/DB1c0qBvHyZ/,deferred_to_llm
https://www.instagram.com/p/DCwXLbsxaAG/,deferred_to_llm
https://www.instagram.com/p/Db_jDS9G8bj/,deferred_to_llm
https://www.instagram.com/p/DZYkfeYpzoO/,deferred_to_llm
https://www.instagram.com/p/DPHpb20DwqD/,deterministic_excluded
https://www.instagram.com/p/DXzyGOxGG9q/,deferred_to_llm
https://www.instagram.com/p/DZI-YF7ljqI/,deferred_to_llm
https://www.instagram.com/p/DJ6nbkSuIPe/,deterministic_excluded
https://www.instagram.com/p/DSbnM3xDBiY/,deterministic_excluded
https://www.instagram.com/p/DMHyFyAI5BF/,deterministic_excluded
https://www.instagram.com/p/DMyAzhax6pn/,deterministic_excluded
https://www.instagram.com/p/DORPkJXEevt/,deferred_to_llm
https://www.instagram.com/p/C2JLpaTgkQF/,deferred_to_llm
https://www.instagram.com/p/DXtvy8fhxe_/,deferred_to_llm
https://www.instagram.com/p/C4RPZ0JMW4t/,deferred_to_llm
https://www.instagram.com/p/DDh2i95PeIf/,deferred_to_llm
https://www.instagram.com/p/C61djL8xEeW/,deferred_to_llm
https://www.instagram.com/p/DN3znmW3usl/,deferred_to_llm
https://www.instagram.com/p/DGvcFPGOE5d/,deterministic_excluded
https://www.instagram.com/p/DM0L0pWzzoi/,deterministic_excluded
https://www.instagram.com/p/Dap7mwzj2qn/,deferred_to_llm
https://www.instagram.com/p/DHL_MKgxmPI/,deferred_to_llm
https://www.instagram.com/p/DQQWT6XDTSd/,deferred_to_llm
https://www.instagram.com/p/DDF-X2UvLyP/,deferred_to_llm
https://www.instagram.com/p/DYlB0ntEmQ1/,deterministic_excluded
https://www.instagram.com/p/DPQdx2GjZp4/,deterministic_excluded
https://www.instagram.com/p/DYTHDHaJRM0/,deterministic_excluded
https://www.instagram.com/p/DQQaG48DVEV/,deferred_to_llm
https://www.instagram.com/p/C4OxD6lpRGe/,deterministic_excluded
https://www.instagram.com/p/DaQnjXYArRk/,deferred_to_llm
https://www.instagram.com/p/DYj-1B8lWMj/,deferred_to_llm
https://www.instagram.com/p/DUGQVCfCB-O/,deterministic_excluded
https://www.instagram.com/p/DOTp_D2j9Ws/,deterministic_excluded
https://www.instagram.com/p/DYw_VMquy_F/,deferred_to_llm
https://www.instagram.com/p/DKuQv0pOr4_/,deferred_to_llm
https://www.instagram.com/p/Cr7bg5-MG3w/,deterministic_excluded
https://www.instagram.com/p/DHbYFhSx5pZ/,deferred_to_llm
https://www.instagram.com/p/C-VFIHqMhfP/,deferred_to_llm
https://www.instagram.com/p/DbV0BJGGjs_/,deferred_to_llm
https://www.instagram.com/p/C5UQP-wLX4N/,deferred_to_llm
https://www.instagram.com/p/DSqd__GAE4h/,deferred_to_llm
https://www.instagram.com/p/DagbhA3kZz7/,deferred_to_llm
https://www.instagram.com/p/DZDC2TEOvy1/,deterministic_excluded
https://www.instagram.com/p/DOwBC_qAOVT/,deferred_to_llm
https://www.instagram.com/p/DURHssVktOV/,deferred_to_llm
https://www.instagram.com/p/DYFwKkqFYcm/,deferred_to_llm
https://www.instagram.com/p/DMqcf27uPSG/,deferred_to_llm
https://www.instagram.com/p/DcRyK4UMGLk/,deterministic_excluded
https://www.instagram.com/p/DABezCBsA31/,deterministic_excluded
https://www.instagram.com/p/DZKlIbKuzzx/,deterministic_excluded
https://www.instagram.com/p/DbMPt9Cibgs/,deferred_to_llm
https://www.instagram.com/p/Cryt9XuMslY/,deterministic_excluded
https://www.instagram.com/p/C9Nq0D_vZH3/,deterministic_excluded
https://www.instagram.com/p/DOlqjy-DVpD/,deferred_to_llm
https://www.instagram.com/p/DPY86ejDSB_/,deferred_to_llm
https://www.instagram.com/p/DFnpcAxRP99/,deferred_to_llm
https://www.instagram.com/p/DUn2sxUDB4z/,deferred_to_llm
https://www.instagram.com/p/DYewR6PgTns/,deferred_to_llm
https://www.instagram.com/p/DSDUFpgmAq3/,deterministic_excluded
https://www.instagram.com/p/DHEEd6BT1vZ/,deferred_to_llm
https://www.instagram.com/p/DI3-6AZtD_s/,deferred_to_llm
https://www.instagram.com/p/DXFrK4WDXHF/,deterministic_excluded
https://www.instagram.com/p/DcCDRH_CRdO/,deferred_to_llm
https://www.instagram.com/p/DGTWEmxtrmH/,deferred_to_llm
https://www.instagram.com/p/C2aUH6aLBvh/,deferred_to_llm
https://www.instagram.com/p/DZ3DvDcNQnd/,deferred_to_llm
https://www.instagram.com/p/DZxEVKgkXuC/,deferred_to_llm
https://www.instagram.com/p/DLAOOGdMuzj/,deferred_to_llm
https://www.instagram.com/p/C-jBMoHOG4w/,deferred_to_llm
https://www.instagram.com/p/DOtZS4Xk-aB/,deterministic_excluded
https://www.instagram.com/p/DJCSBXpvuzg/,deterministic_excluded
https://www.instagram.com/p/DZf-1Tmiaps/,deterministic_excluded
https://www.instagram.com/p/DU_OXKUFC5Q/,deferred_to_llm
https://www.instagram.com/p/Dbjl4JrgCi7/,deterministic_excluded
https://www.instagram.com/p/DQbAL6ejqv9/,deferred_to_llm
https://www.instagram.com/p/DJUMCcOODyE/,deferred_to_llm
https://www.instagram.com/p/CxoXpdePu4O/,deferred_to_llm
https://www.instagram.com/p/DHmEhSIT9tW/,deferred_to_llm
https://www.instagram.com/p/DQ-goWzid2_/,deferred_to_llm
https://www.instagram.com/p/DQXUoZAFSdm/,deferred_to_llm
https://www.instagram.com/p/DGEcoOATzJR/,deferred_to_llm
https://www.instagram.com/p/DbLnMBoOfFD/,deferred_to_llm
https://www.instagram.com/p/DOg5_lDj1bB/,deterministic_excluded
https://www.instagram.com/p/CqzHJBHLVGz/,deterministic_excluded
https://www.instagram.com/p/DIcrATvRm48/,deferred_to_llm
https://www.instagram.com/p/DTku68LjqPa/,deterministic_excluded
https://www.instagram.com/p/DMLPCdyJ3nh/,deferred_to_llm
https://www.instagram.com/p/C5Lvg6YAfQy/,deferred_to_llm
https://www.instagram.com/p/Db4ZPZnDX4c/,deferred_to_llm
https://www.instagram.com/p/DCkoDxdsTp2/,deferred_to_llm
https://www.instagram.com/p/DWrxAa1T3Zp/,deferred_to_llm
https://www.instagram.com/p/DXswKlfCGUp/,deterministic_excluded
https://www.instagram.com/p/Dbdlv_3jJsr/,deterministic_excluded
https://www.instagram.com/p/DF3wgXuvLu1/,deterministic_excluded
https://www.instagram.com/p/Db53v37G1YS/,deterministic_excluded
https://www.instagram.com/p/DKma9DJxU_q/,deferred_to_llm
https://www.instagram.com/p/DNeMsh0P6e5/,deterministic_excluded
https://www.instagram.com/p/C106l0PuYKG/,deferred_to_llm
https://www.instagram.com/p/DS8Eh42DnkW/,deferred_to_llm
https://www.instagram.com/p/DadjkSElM6I/,deferred_to_llm
https://www.instagram.com/p/DY55KqlDYlq/,deferred_to_llm
https://www.instagram.com/p/DK-aLI_ORX1/,deterministic_excluded
https://www.instagram.com/p/DPkEA2dkVoP/,deferred_to_llm
https://www.instagram.com/p/Db0rm-LuCLB/,deferred_to_llm
https://www.instagram.com/p/DalbG7XCa8S/,deferred_to_llm
https://www.instagram.com/p/DPOwvIgEqgU/,deferred_to_llm
https://www.instagram.com/p/DJqTH0mtpDV/,deferred_to_llm
https://www.instagram.com/p/Cu94bLfLTU_/,deferred_to_llm
https://www.instagram.com/p/DHJWmirxWur/,deferred_to_llm
https://www.instagram.com/p/DPcoLpMEdZD/,deterministic_excluded
https://www.instagram.com/p/C1qKyK5rlRk/,deferred_to_llm
https://www.instagram.com/p/DY5Higiiag9/,deterministic_excluded
https://www.instagram.com/p/DUU05xukc1n/,deterministic_excluded
https://www.instagram.com/p/DBxCJZzvvKL/,deferred_to_llm
https://www.instagram.com/p/DUUHCngkZ9q/,deferred_to_llm
https://www.instagram.com/p/DBpDuVXPj8o/,deferred_to_llm
https://www.instagram.com/p/DQsAjVgkd2C/,deferred_to_llm
https://www.instagram.com/p/DGmEWf4x4tR/,deferred_to_llm
https://www.instagram.com/p/DYTao_QFqD4/,deferred_to_llm
https://www.instagram.com/p/DM005VyiSVE/,deferred_to_llm
https://www.instagram.com/p/DW1v7VEAmvL/,deferred_to_llm
https://www.instagram.com/p/DRIOjsbkbrU/,deferred_to_llm
https://www.instagram.com/p/C9QEw4vP1rU/,deferred_to_llm
https://www.instagram.com/p/C72wVwqyLAK/,deterministic_excluded
https://www.instagram.com/p/DNtDlyywICY/,deterministic_excluded
https://www.instagram.com/p/DVhFFaikmHA/,deferred_to_llm
https://www.instagram.com/p/DPKJaTCjMpO/,deferred_to_llm
https://www.instagram.com/p/DXhaMnFTDnd/,deferred_to_llm
https://www.instagram.com/p/DX79L8NiP37/,deferred_to_llm
https://www.instagram.com/p/DEFZoo2tG1H/,deferred_to_llm
https://www.instagram.com/p/DJb3J76uYWh/,deterministic_excluded
https://www.instagram.com/p/DQVWHbpkZcw/,deferred_to_llm
https://www.instagram.com/p/DMfoXZazYHA/,deterministic_excluded
https://www.instagram.com/p/DVrmtJ0DToJ/,deferred_to_llm
https://www.instagram.com/p/DM0g-w0xJFB/,deferred_to_llm
https://www.instagram.com/p/DZdlkGKG1QW/,deferred_to_llm
https://www.instagram.com/p/DVfB2S5jEHw/,deterministic_excluded
https://www.instagram.com/p/C0NgskBM86l/,deterministic_excluded
https://www.instagram.com/p/DCa5Bs0sTag/,deterministic_excluded
https://www.instagram.com/p/DT5qrdEEUc6/,deferred_to_llm
https://www.instagram.com/p/DOHTnvak3ix/,deterministic_excluded
https://www.instagram.com/p/DaLpdNQmN3H/,deferred_to_llm
https://www.instagram.com/p/DPSCr-5DV-4/,deterministic_excluded
https://www.instagram.com/p/DXpzoHICWot/,deferred_to_llm
https://www.instagram.com/p/DXzGHjJux2c/,deterministic_excluded
https://www.instagram.com/p/DMtwJiCxGro/,deterministic_excluded
https://www.instagram.com/p/DSX33jvj4si/,deterministic_excluded
https://www.instagram.com/p/DbG90tnAQsF/,deferred_to_llm
https://www.instagram.com/p/DQNFnNxiU-o/,deterministic_excluded
https://www.instagram.com/p/CwBE-CoMV7b/,deferred_to_llm
https://www.instagram.com/p/DRfLTiZiX19/,deferred_to_llm
https://www.instagram.com/p/DH2GVehxu2Z/,deferred_to_llm
https://www.instagram.com/p/DWUgn9hj-pm/,deferred_to_llm
https://www.instagram.com/p/DOIH0-jDFaq/,deferred_to_llm
https://www.instagram.com/p/DMwS-PtJCc6/,deferred_to_llm
https://www.instagram.com/p/C2adb32vxoh/,deferred_to_llm
https://www.instagram.com/p/DTQd0n8jidi/,deferred_to_llm
https://www.instagram.com/p/DRC2LivkVFr/,deferred_to_llm
https://www.instagram.com/p/DJmfsrTzarQ/,deferred_to_llm
https://www.instagram.com/p/DGgYQxUxMAK/,deterministic_excluded
https://www.instagram.com/p/DE0ksbdSoGX/,deferred_to_llm
https://www.instagram.com/p/DC9uzdBvMN9/,deferred_to_llm
https://www.instagram.com/p/DJ9m9HmRuSg/,deferred_to_llm
https://www.instagram.com/p/DON3-MdjVOE/,deferred_to_llm
https://www.instagram.com/p/DU3VN2fjhks/,deferred_to_llm
https://www.instagram.com/p/DGhFNgrJasx/,deterministic_excluded
https://www.instagram.com/p/DZv4ZhWHG_O/,deferred_to_llm
https://www.instagram.com/p/DT3HiwhAUTE/,deterministic_excluded
https://www.instagram.com/p/DZaZPFJmoEG/,deterministic_excluded
https://www.instagram.com/p/DDxASQlxigv/,deferred_to_llm
https://www.instagram.com/p/DcHyD9IvaWI/,deferred_to_llm
https://www.instagram.com/p/DWE3WG0EZDG/,deferred_to_llm
https://www.instagram.com/p/DbWhbn5RGDI/,deferred_to_llm
https://www.instagram.com/p/DW4T0h8FEIX/,deferred_to_llm
https://www.instagram.com/p/DVJmMUiEhc8/,deterministic_excluded
https://www.instagram.com/p/DVYaa79jXMs/,deferred_to_llm
https://www.instagram.com/p/DD-8TFURAde/,deferred_to_llm
https://www.instagram.com/p/DbbWHJSDncn/,deterministic_excluded
https://www.instagram.com/p/DQHGU5NjrcU/,deterministic_excluded
https://www.instagram.com/p/DX3DVAriHBu/,deterministic_excluded
https://www.instagram.com/p/DaL-kVbhNt-/,deferred_to_llm
https://www.instagram.com/p/DY12D9GDuZL/,deferred_to_llm
https://www.instagram.com/p/C_ONbphsHS5/,deferred_to_llm
https://www.instagram.com/p/DVbMpKujSvZ/,deferred_to_llm
https://www.instagram.com/p/DTIwDsnEQnJ/,deterministic_excluded
https://www.instagram.com/p/DNsz-iaQBHw/,deferred_to_llm
https://www.instagram.com/p/DABto-eOPrf/,deferred_to_llm
https://www.instagram.com/p/DKRym7IR3cp/,deterministic_excluded
https://www.instagram.com/p/C6ZqQgMPKsq/,deterministic_excluded
https://www.instagram.com/p/DUv9AwiEuRe/,deterministic_excluded
https://www.instagram.com/p/C8c-9BZPG8i/,deferred_to_llm
https://www.instagram.com/p/DZsA32Cv7q9/,deferred_to_llm
https://www.instagram.com/p/DboaQf8Fo0Q/,deferred_to_llm
https://www.instagram.com/p/DTOWjLsE3Uv/,deferred_to_llm
https://www.instagram.com/p/DU_FSPKEZiL/,deferred_to_llm
https://www.instagram.com/p/DOYlHSKD6V1/,deferred_to_llm
https://www.instagram.com/p/DH6Q9NARPFX/,deferred_to_llm
https://www.instagram.com/p/DDu3-RQT4fK/,deterministic_excluded
https://www.instagram.com/p/DWzVgx6DNLx/,deferred_to_llm
https://www.instagram.com/p/DX2pwiolR3t/,deferred_to_llm
https://www.instagram.com/p/DbYnZOTkaYU/,deferred_to_llm
https://www.instagram.com/p/DOgoU2xjZjf/,deferred_to_llm
https://www.instagram.com/p/DM73YkRuWuN/,deferred_to_llm
https://www.instagram.com/p/DHt-LgoPora/,deferred_to_llm
https://www.instagram.com/p/DR-4h7FDXAH/,deferred_to_llm
https://www.instagram.com/p/DbyQV6qNcgz/,deferred_to_llm
https://www.instagram.com/p/C869PDgR9OI/,deferred_to_llm
https://www.instagram.com/p/DS5ZCANk9el/,deferred_to_llm
https://www.instagram.com/p/Da0a58okbmC/,deferred_to_llm
https://www.instagram.com/p/DcMZE6DAOMf/,deferred_to_llm
https://www.instagram.com/p/DMvAfuRR4mu/,deterministic_excluded
https://www.instagram.com/p/C_vbG7bRSCs/,deferred_to_llm
https://www.instagram.com/p/DLpv3UBReac/,deferred_to_llm
https://www.instagram.com/p/DQuWkBDEasM/,deferred_to_llm
https://www.instagram.com/p/DDdWdnzvoJ_/,deterministic_excluded
https://www.instagram.com/p/DKff4tLv-_F/,deferred_to_llm
https://www.instagram.com/p/DcJYV0lu98q/,deferred_to_llm
https://www.instagram.com/p/DWb9Q8elERR/,deterministic_excluded
https://www.instagram.com/p/DWhCQ52jWSi/,deterministic_excluded
https://www.instagram.com/p/DJpzhCgoGAt/,deterministic_excluded
https://www.instagram.com/p/DT_EnpZCdnM/,deterministic_excluded
https://www.instagram.com/p/DLiah3wvGrS/,deferred_to_llm
https://www.instagram.com/p/DVxLuv-DQvH/,deferred_to_llm
https://www.instagram.com/p/DbV3crlIQS2/,deferred_to_llm
https://www.instagram.com/p/C8Id7BBvr86/,deterministic_excluded
https://www.instagram.com/p/DFx8vkMPQcp/,deferred_to_llm
https://www.instagram.com/p/DIhp5MDvMUD/,deferred_to_llm
https://www.instagram.com/p/C7g3OVPOEU4/,deferred_to_llm
https://www.instagram.com/p/DJpD-bcRm2I/,deferred_to_llm
https://www.instagram.com/p/DT0vhYvj7-t/,deferred_to_llm
https://www.instagram.com/p/DarCGoPkXxO/,deferred_to_llm
https://www.instagram.com/p/C4qz4a3PYsg/,deferred_to_llm
https://www.instagram.com/p/DOEMBYZkSRe/,deferred_to_llm
https://www.instagram.com/p/C-9JBCHg4xX/,deterministic_excluded
https://www.instagram.com/p/Cyl1SCMNtDr/,deferred_to_llm
https://www.instagram.com/p/DFIcouQx4bg/,deterministic_excluded
https://www.instagram.com/p/DKdTIe2PP3A/,deterministic_excluded
https://www.instagram.com/p/DNTYPojRZWr/,deterministic_excluded
https://www.instagram.com/p/DEkIJcoRLkN/,deterministic_excluded
https://www.instagram.com/p/DYKZPAQAQDg/,deferred_to_llm
https://www.instagram.com/p/DO5b5ycksot/,deferred_to_llm
https://www.instagram.com/p/DYkZp6fjhKe/,deferred_to_llm
https://www.instagram.com/p/DT-5yTHFLv8/,deferred_to_llm
https://www.instagram.com/p/C_lkkyQxITs/,deterministic_excluded
https://www.instagram.com/p/DVG2cCQCZEB/,deterministic_excluded
https://www.instagram.com/p/DK-IRw2xj7_/,deferred_to_llm
https://www.instagram.com/p/DZivkORPgpg/,deferred_to_llm
https://www.instagram.com/p/DUjy13bEQpj/,deterministic_excluded
https://www.instagram.com/p/DaJb6SIHerH/,deferred_to_llm
https://www.instagram.com/p/C8C1DVcPfFc/,deferred_to_llm
https://www.instagram.com/p/DJagSPXx1m3/,deferred_to_llm
https://www.instagram.com/p/DA7dDtmuAMm/,deferred_to_llm
https://www.instagram.com/p/DbzMnF4FL-Z/,deferred_to_llm
https://www.instagram.com/p/DVyWHc9EUgm/,deterministic_excluded
https://www.instagram.com/p/C9LSIWIvPf1/,deterministic_excluded
https://www.instagram.com/p/C74x3JdvxDx/,deferred_to_llm
https://www.instagram.com/p/DHMkdPbPOUD/,deterministic_excluded
https://www.instagram.com/p/DT-c8yNjjNh/,deferred_to_llm
https://www.instagram.com/p/Cm4hbbLDVKa/,deferred_to_llm
https://www.instagram.com/p/DS3Chxmjlcx/,deferred_to_llm
https://www.instagram.com/p/DIRhPtMReQV/,deterministic_excluded
https://www.instagram.com/p/DKdDN7tv7wK/,deferred_to_llm
https://www.instagram.com/p/DMJv1tNt0vq/,deferred_to_llm
https://www.instagram.com/p/C5HMorXMskp/,deferred_to_llm
https://www.instagram.com/p/DWdRA6ujnIo/,deferred_to_llm
https://www.instagram.com/p/DSsdknclNRW/,deterministic_excluded
https://www.instagram.com/p/DTjs7GjjMYz/,deterministic_excluded
https://www.instagram.com/p/DZaNxhvgVBz/,deferred_to_llm
https://www.instagram.com/p/Db0iTQiFV8x/,deferred_to_llm
https://www.instagram.com/p/Cxgo86hvrl5/,deferred_to_llm
https://www.instagram.com/p/C-df6lhuTD4/,deferred_to_llm
https://www.instagram.com/p/C9BQ_PFPCNy/,deferred_to_llm
https://www.instagram.com/p/Cn8WuSqMJJP/,deferred_to_llm
https://www.instagram.com/p/DUblFWakuLV/,deterministic_excluded
https://www.instagram.com/p/DHygi7duLcm/,deferred_to_llm
https://www.instagram.com/p/DSnU7WQl5lp/,deterministic_excluded
https://www.instagram.com/p/C-wGc5ZPl3Y/,deferred_to_llm
https://www.instagram.com/p/DO8_ROliaJv/,deferred_to_llm
https://www.instagram.com/p/DJSNYpbioKs/,deterministic_excluded
https://www.instagram.com/p/DRASL7QE1DN/,deterministic_excluded
https://www.instagram.com/p/DH4DHEkv5kE/,deferred_to_llm
https://www.instagram.com/p/Db4Bzg9vyGS/,deferred_to_llm
https://www.instagram.com/p/DQpnheqkTrH/,deferred_to_llm
https://www.instagram.com/p/DGBr5jDvJh8/,deterministic_excluded
https://www.instagram.com/p/DWAQkR2Di2f/,deferred_to_llm
https://www.instagram.com/p/DJ0lfGTNzq7/,deterministic_excluded
https://www.instagram.com/p/DaOobpgkWYw/,deferred_to_llm
https://www.instagram.com/p/DXz5l2Hjm7h/,deterministic_excluded
https://www.instagram.com/p/DZfJx52HzrG/,deterministic_excluded
https://www.instagram.com/p/C4gLk4-reLZ/,deferred_to_llm
https://www.instagram.com/p/DHeccw5vfQr/,deterministic_excluded
https://www.instagram.com/p/DRDZlxxjy9H/,deterministic_excluded
https://www.instagram.com/p/DaOJI7JEUxG/,deferred_to_llm
https://www.instagram.com/p/DZ5vl_to0mW/,deterministic_excluded
https://www.instagram.com/p/DDazen5PpXq/,deferred_to_llm
https://www.instagram.com/p/DMf1_lHxfyM/,deferred_to_llm
https://www.instagram.com/p/DNg5bL4CIaI/,deterministic_excluded
https://www.instagram.com/p/DYlniD5DfW0/,deferred_to_llm
https://www.instagram.com/p/DO3vOBtjYp7/,deterministic_excluded
https://www.instagram.com/p/DSXtuoQjdNL/,deterministic_excluded
https://www.instagram.com/p/DY2dqRXnOkc/,deferred_to_llm
https://www.instagram.com/p/DVYx42MERru/,deterministic_excluded
https://www.instagram.com/p/DPUGd7WD_M6/,deferred_to_llm
https://www.instagram.com/p/DbqakuWDmxc/,deterministic_excluded
https://www.instagram.com/p/DZu9v54kUA1/,deferred_to_llm
https://www.instagram.com/p/DDvNaEjyGMO/,deferred_to_llm
https://www.instagram.com/p/DaQXCLbDENv/,deterministic_excluded
https://www.instagram.com/p/DX4XoynDE8l/,deferred_to_llm
https://www.instagram.com/p/DWhdxLXlPf5/,deterministic_excluded
https://www.instagram.com/p/DQpsiTfjsn-/,deferred_to_llm
https://www.instagram.com/p/DZBScBovT6K/,deferred_to_llm
https://www.instagram.com/p/DP4cAvSkqzV/,deferred_to_llm
https://www.instagram.com/p/Da3TfxoNF4q/,deterministic_excluded
https://www.instagram.com/p/DJfBxIUpZgq/,deterministic_excluded
https://www.instagram.com/p/DRknaNrkQsc/,deterministic_excluded
https://www.instagram.com/p/DMiBth1MGsb/,deferred_to_llm
https://www.instagram.com/p/Czwc_1dLSmj/,deferred_to_llm
https://www.instagram.com/p/C_43XIyO-H6/,deterministic_excluded
https://www.instagram.com/p/DQW81xEERyr/,deferred_to_llm
https://www.instagram.com/p/C2Iw1X8P14f/,deferred_to_llm
https://www.instagram.com/p/C5y-TUcN7FZ/,deferred_to_llm
https://www.instagram.com/p/DafknwzlrV_/,deferred_to_llm
https://www.instagram.com/p/DGm7y4kxhCI/,deferred_to_llm
https://www.instagram.com/p/DKNlGRwPbNm/,deferred_to_llm
https://www.instagram.com/p/DVUwRXFDXI2/,deterministic_excluded
https://www.instagram.com/p/DRiBE_oEWzE/,deterministic_excluded
https://www.instagram.com/p/DXhForKFeef/,deferred_to_llm
https://www.instagram.com/p/C2ngvozvgVJ/,deterministic_excluded
https://www.instagram.com/p/DHlUngYumED/,deferred_to_llm
https://www.instagram.com/p/DG1nhJqgsRW/,deterministic_excluded
https://www.instagram.com/p/DOrGXcDDmng/,deferred_to_llm
https://www.instagram.com/p/DGqoALLTWRh/,deferred_to_llm
https://www.instagram.com/p/DTnjM8RjD5t/,deferred_to_llm
https://www.instagram.com/p/DBeSZtoxYvg/,deferred_to_llm
https://www.instagram.com/p/DZIGFnYBM2s/,deterministic_excluded
https://www.instagram.com/p/DRFQ2WEjvcp/,deferred_to_llm
https://www.instagram.com/p/DQPaoreieNx/,deferred_to_llm
https://www.instagram.com/p/Ctus1WvgwIz/,deterministic_excluded
https://www.instagram.com/p/DNCDzbDKoVO/,deterministic_excluded
https://www.instagram.com/p/DZkji5iDmiy/,deferred_to_llm
https://www.instagram.com/p/DU6hR_WiU50/,deterministic_excluded
https://www.instagram.com/p/DcL4e7ukbuS/,deferred_to_llm
https://www.instagram.com/p/DLD8k5ipaWu/,deferred_to_llm
https://www.instagram.com/p/DcRdYe-JsmK/,deterministic_excluded
https://www.instagram.com/p/DJWfqtaRk2u/,deferred_to_llm
https://www.instagram.com/p/DAEZKEpPXQ0/,deferred_to_llm
https://www.instagram.com/p/DRK2irYiSks/,deterministic_excluded
https://www.instagram.com/p/DQjhzrzkXU0/,deferred_to_llm
https://www.instagram.com/p/DPZH71mDoqv/,deferred_to_llm
https://www.instagram.com/p/C6boF3qriXp/,deferred_to_llm
https://www.instagram.com/p/DbJolpCkQaL/,deferred_to_llm
https://www.instagram.com/p/DYm4C2PDsgz/,deterministic_excluded
https://www.instagram.com/p/DZNHxtEiRec/,deterministic_excluded
https://www.instagram.com/p/DMlqGM9Nv8q/,deterministic_excluded
https://www.instagram.com/p/C6yj08CtCTG/,deferred_to_llm
https://www.instagram.com/p/C8W9nZQO2fc/,deferred_to_llm
https://www.instagram.com/p/C8UjDi2xgzp/,deferred_to_llm
https://www.instagram.com/p/DW4AixVEetl/,deferred_to_llm
https://www.instagram.com/p/DZ8OiyxlDLl/,deferred_to_llm
https://www.instagram.com/p/DAzYVSavuTA/,deferred_to_llm
https://www.instagram.com/p/DIuNLNHOeVC/,deferred_to_llm
https://www.instagram.com/p/DK5Kg22Os2R/,deferred_to_llm
https://www.instagram.com/p/DW6p917kfWE/,deferred_to_llm
https://www.instagram.com/p/DFfXRdYsXfp/,deferred_to_llm
https://www.instagram.com/p/DH9c9d7vEHc/,deterministic_excluded
https://www.instagram.com/p/CqSzXb8rrrn/,deterministic_excluded
https://www.instagram.com/p/DOmRIAkgJJF/,deferred_to_llm
https://www.instagram.com/p/CytqvXGvFgW/,deferred_to_llm
https://www.instagram.com/p/DOEvzzWEygH/,deferred_to_llm
https://www.instagram.com/p/DcFVxgWGeQt/,deferred_to_llm
https://www.instagram.com/p/DbBvkREH6En/,deterministic_excluded
https://www.instagram.com/p/C6Fnf1ko5Mz/,deterministic_excluded
https://www.instagram.com/p/C3BZOivvzA1/,deferred_to_llm
https://www.instagram.com/p/DVt5KMCDoIc/,deferred_to_llm
https://www.instagram.com/p/DJCI0AmttZv/,deferred_to_llm
https://www.instagram.com/p/DBb7MIaJAz2/,deterministic_excluded
https://www.instagram.com/p/DK5qRWyNf__/,deferred_to_llm
https://www.instagram.com/p/DYXeMiYEcN7/,deferred_to_llm
https://www.instagram.com/p/DV1KgC0kebM/,deferred_to_llm
https://www.instagram.com/p/DMQ2EJBTv8b/,deterministic_excluded
https://www.instagram.com/p/DJUkTVav1nf/,deterministic_excluded
https://www.instagram.com/p/DQzQjh6kVez/,deferred_to_llm
https://www.instagram.com/p/Cp-ggrDLC4L/,deferred_to_llm
https://www.instagram.com/p/DLBU-2jPjME/,deferred_to_llm
https://www.instagram.com/p/DCIFlN3ulS7/,deferred_to_llm
https://www.instagram.com/p/DQH_OTYFWaI/,deterministic_excluded
https://www.instagram.com/p/C1GGpI9rutg/,deferred_to_llm
https://www.instagram.com/p/DMsvK0TOpsd/,deferred_to_llm
https://www.instagram.com/p/DT3dne7EZL6/,deterministic_excluded
https://www.instagram.com/p/DMET4AOM4ue/,deferred_to_llm
https://www.instagram.com/p/DQuy0qmksQa/,deferred_to_llm
https://www.instagram.com/p/C38NGb3oZrj/,deferred_to_llm
https://www.instagram.com/p/DJUqVvePwtb/,deterministic_excluded
https://www.instagram.com/p/C8IUU1KMRkA/,deferred_to_llm
https://www.instagram.com/p/DaA9DRejgzb/,deferred_to_llm
https://www.instagram.com/p/DEJPCB0vDX5/,deferred_to_llm
https://www.instagram.com/p/DHYgxMkuOoD/,deterministic_excluded
https://www.instagram.com/p/Db3kGdhlpx5/,deferred_to_llm
https://www.instagram.com/p/DQyg2x_gVb8/,deterministic_excluded
https://www.instagram.com/p/DR5BStqj61b/,deferred_to_llm
https://www.instagram.com/p/DF8kgVVtx5o/,deterministic_excluded
https://www.instagram.com/p/DIZHgwJxJWo/,deferred_to_llm
https://www.instagram.com/p/DCCW11vO_0V/,deferred_to_llm
https://www.instagram.com/p/DT6BlFgD5sJ/,deferred_to_llm
https://www.instagram.com/p/DR24e2_iav-/,deterministic_excluded
https://www.instagram.com/p/Dbjy7eXywYt/,deferred_to_llm
https://www.instagram.com/p/DQsBUM4kx21/,deferred_to_llm
https://www.instagram.com/p/DbgfAdzFgcx/,deferred_to_llm
https://www.instagram.com/p/Dbn_vh9kerO/,deferred_to_llm
https://www.instagram.com/p/DIKI-Ouqb80/,deterministic_excluded
https://www.instagram.com/p/CvVx1mNP5m_/,deferred_to_llm
https://www.instagram.com/p/DUufHkAjbGG/,deterministic_excluded
https://www.instagram.com/p/DaT0WA5EQKy/,deferred_to_llm
https://www.instagram.com/p/C14xiheLjDP/,deferred_to_llm
https://www.instagram.com/p/DP69tAegWSY/,deferred_to_llm
https://www.instagram.com/p/DXrhJSoiMCR/,deterministic_excluded
https://www.instagram.com/p/DaypmnmjRiI/,deferred_to_llm
https://www.instagram.com/p/C2qqkdnNz6z/,deferred_to_llm
https://www.instagram.com/p/DUW2TtmkpAZ/,deferred_to_llm
https://www.instagram.com/p/C8Njy7mMgYm/,deterministic_excluded
https://www.instagram.com/p/Cw0alqdMa0K/,deterministic_excluded
https://www.instagram.com/p/DS419K_gG2d/,deferred_to_llm
https://www.instagram.com/p/DQzE1goCK02/,deferred_to_llm
https://www.instagram.com/p/C4n9gffPBzq/,deferred_to_llm
https://www.instagram.com/p/DM34viIu-Sa/,deterministic_excluded
https://www.instagram.com/p/DJPH5oGxG3c/,deferred_to_llm
https://www.instagram.com/p/DbGxmoYmNNR/,deterministic_excluded
https://www.instagram.com/p/DRsGQdkDwqE/,deterministic_excluded
https://www.instagram.com/p/DZoYCu4CORY/,deterministic_excluded
https://www.instagram.com/p/DRK4-9zj2zD/,deferred_to_llm
https://www.instagram.com/p/DU7lGxSDhqD/,deferred_to_llm
https://www.instagram.com/p/DBO6Ukwv7cq/,deferred_to_llm
https://www.instagram.com/p/DF6y9Dlxc5j/,deferred_to_llm
https://www.instagram.com/p/DXw8DYiEUo1/,deterministic_excluded
https://www.instagram.com/p/DFI79lHvHxU/,deferred_to_llm
https://www.instagram.com/p/Db0qJzYFVrG/,deferred_to_llm
https://www.instagram.com/p/DNnrqEIgLhu/,deterministic_excluded
https://www.instagram.com/p/DGBNXHER-Lg/,deferred_to_llm
https://www.instagram.com/p/DZr7dpoOaj2/,deferred_to_llm
https://www.instagram.com/p/DZD6jLolc6H/,deterministic_excluded
https://www.instagram.com/p/C3k1De8gZX1/,deterministic_excluded
https://www.instagram.com/p/DR5iCLlEr6G/,deferred_to_llm
https://www.instagram.com/p/Daig7C1O2sQ/,deferred_to_llm
https://www.instagram.com/p/DYuOo68IGpd/,deferred_to_llm
https://www.instagram.com/p/DJFY6fqPXZV/,deferred_to_llm
https://www.instagram.com/p/DG3NQN6Pq3W/,deferred_to_llm
https://www.instagram.com/p/DCHWEmUtv9U/,deferred_to_llm
https://www.instagram.com/p/DAcQLvJPx5W/,deferred_to_llm
https://www.instagram.com/p/DbPe6XHFcLw/,deferred_to_llm
https://www.instagram.com/p/DFVvw4nPMyQ/,deterministic_excluded
https://www.instagram.com/p/DVT6psxFOeF/,deterministic_excluded
https://www.instagram.com/p/C3ArUkcMWLc/,deterministic_excluded
https://www.instagram.com/p/DLDhObVysNx/,deterministic_excluded
https://www.instagram.com/p/C6Y2k8mOihO/,deferred_to_llm
https://www.instagram.com/p/DOzZ2oJD7RZ/,deterministic_excluded
https://www.instagram.com/p/DZAQJ1XiHzO/,deferred_to_llm
https://www.instagram.com/p/DbPyDiJFWJj/,deterministic_excluded
https://www.instagram.com/p/DQXpXKgiS1P/,deterministic_excluded
https://www.instagram.com/p/DQaSnpSkf0c/,deterministic_excluded
https://www.instagram.com/p/DGMljJzROUj/,deferred_to_llm
https://www.instagram.com/p/DTI6QDajnHC/,deferred_to_llm
https://www.instagram.com/p/DPjqjskkZ1B/,deferred_to_llm
https://www.instagram.com/p/DZh_DZukaru/,deterministic_excluded
https://www.instagram.com/p/DKLLaogPdFn/,deterministic_excluded
https://www.instagram.com/p/DbgQxH7FiOw/,deferred_to_llm
https://www.instagram.com/p/DTIk-F6Dth4/,deterministic_excluded
https://www.instagram.com/p/DMdVVtfx5pJ/,deferred_to_llm
https://www.instagram.com/p/Da_n_ZzAVob/,deterministic_excluded
https://www.instagram.com/p/DZpvsI9uRgU/,deferred_to_llm
https://www.instagram.com/p/DbrUOWvHa97/,deferred_to_llm
https://www.instagram.com/p/DUJJM_yCRr0/,deferred_to_llm
https://www.instagram.com/p/DWYyIhTjjsu/,deferred_to_llm
https://www.instagram.com/p/C821vL9v-wL/,deferred_to_llm
https://www.instagram.com/p/C62BfXOvXWA/,deferred_to_llm
https://www.instagram.com/p/DbOSzkih8Bh/,deferred_to_llm
https://www.instagram.com/p/DZ3wh2UDY0f/,deferred_to_llm
https://www.instagram.com/p/DSdwjB0DO7z/,deterministic_excluded
https://www.instagram.com/p/DZqLgJ5Dl59/,deterministic_excluded
https://www.instagram.com/p/DPRhCMvjk0N/,deferred_to_llm
https://www.instagram.com/p/DawM_KNjdk6/,deterministic_excluded
https://www.instagram.com/p/DKKRe1_uXE1/,deferred_to_llm
https://www.instagram.com/p/DVJ0g9mkVGZ/,deterministic_excluded
https://www.instagram.com/p/DR42GqWkWP-/,deterministic_excluded
https://www.instagram.com/p/DVM54DODYDn/,deterministic_excluded
https://www.instagram.com/p/DO_tfcjko5H/,deferred_to_llm
https://www.instagram.com/p/DBzOcR0RA1U/,deferred_to_llm
https://www.instagram.com/p/C2cgKu3PR3s/,deterministic_excluded
https://www.instagram.com/p/DcLkWW6Fn-a/,deferred_to_llm
https://www.instagram.com/p/Db9OI_fGSB8/,deterministic_excluded
https://www.instagram.com/p/DPTlqbFDPhD/,deferred_to_llm
https://www.instagram.com/p/DFMUjkOumfS/,deferred_to_llm
https://www.instagram.com/p/DW9d7SskfCw/,deterministic_excluded
https://www.instagram.com/p/Db8XaPeFhky/,deferred_to_llm
https://www.instagram.com/p/DQXt2cODI8t/,deterministic_excluded
https://www.instagram.com/p/DanqyZGjhrZ/,deterministic_excluded
https://www.instagram.com/p/DZQYW57v-iG/,deferred_to_llm
https://www.instagram.com/p/DVW7YUejmUV/,deferred_to_llm
https://www.instagram.com/p/DGHWzjRAHDy/,deferred_to_llm
https://www.instagram.com/p/DZp8qcZINcB/,deferred_to_llm
https://www.instagram.com/p/DVuSrfMCIq0/,deferred_to_llm
https://www.instagram.com/p/DL2mImPxpUl/,deterministic_excluded
https://www.instagram.com/p/Da0DrqUx_iz/,deterministic_excluded
https://www.instagram.com/p/DXAnld1iQuk/,deferred_to_llm
https://www.instagram.com/p/DG6J9jzyjnj/,deferred_to_llm
https://www.instagram.com/p/DbJebQmmg4f/,deferred_to_llm
https://www.instagram.com/p/DZiiiaiEsZd/,deferred_to_llm
https://www.instagram.com/p/DWZSO-IkdNC/,deterministic_excluded
https://www.instagram.com/p/DZoKO-WjEC6/,deterministic_excluded
https://www.instagram.com/p/C3iWbl5R9ic/,deferred_to_llm
https://www.instagram.com/p/DA_dCqZP0AW/,deterministic_excluded
https://www.instagram.com/p/DVHGX4dCV8J/,deterministic_excluded
https://www.instagram.com/p/C300yyttdlA/,deferred_to_llm
https://www.instagram.com/p/DRAuTL4FMBm/,deferred_to_llm
https://www.instagram.com/p/DMOU7YZspuk/,deferred_to_llm
https://www.instagram.com/p/Db8tRc7lK_y/,deferred_to_llm
https://www.instagram.com/p/DYdRC41FSIX/,deferred_to_llm
https://www.instagram.com/p/DI7sX8rubC-/,deferred_to_llm
https://www.instagram.com/p/DKrsm6eOhlF/,deferred_to_llm
https://www.instagram.com/p/C_UDsNpNK-e/,deterministic_excluded
https://www.instagram.com/p/DEQD1aORb0Z/,deferred_to_llm
https://www.instagram.com/p/Db3YK0hlWu9/,deterministic_excluded
https://www.instagram.com/p/DUt6uV6gjzC/,deferred_to_llm
https://www.instagram.com/p/DPVLS3SDfwp/,deferred_to_llm
https://www.instagram.com/p/DTnjTfkCUbm/,deferred_to_llm
https://www.instagram.com/p/DQorochkRWT/,deferred_to_llm
https://www.instagram.com/p/DOytGsZkcef/,deferred_to_llm
https://www.instagram.com/p/DAWwAyhPV3h/,deferred_to_llm
https://www.instagram.com/p/DZG5h4NFv-U/,deferred_to_llm
https://www.instagram.com/p/DRCg1agjbkz/,deferred_to_llm
https://www.instagram.com/p/DY8bPJZEf_r/,deterministic_excluded
https://www.instagram.com/p/C4eb89EAWOo/,deferred_to_llm
https://www.instagram.com/p/DGylKTzvAPH/,deterministic_excluded
https://www.instagram.com/p/C4TP1x_LZKu/,deferred_to_llm
https://www.instagram.com/p/C6uyp3ErrL3/,deferred_to_llm
https://www.instagram.com/p/DXUamyPDcuP/,deterministic_excluded
https://www.instagram.com/p/DHPYH9zMnZ9/,deterministic_excluded
https://www.instagram.com/p/DCB61SkOO31/,deferred_to_llm
https://www.instagram.com/p/DT0xZvKkwbE/,deferred_to_llm
https://www.instagram.com/p/DFfzhNwRR_w/,deterministic_excluded
https://www.instagram.com/p/DIToRhIs2_4/,deferred_to_llm
https://www.instagram.com/p/DFlhoi1RiGL/,deferred_to_llm
https://www.instagram.com/p/C3REtnIrRk5/,deferred_to_llm
https://www.instagram.com/p/DaDkpNekU66/,deferred_to_llm
https://www.instagram.com/p/DB_7BG2JG8Y/,deferred_to_llm
https://www.instagram.com/p/DR0FLp1jxbw/,deterministic_excluded
https://www.instagram.com/p/DYM4jMKDkPA/,deterministic_excluded
https://www.instagram.com/p/DbJbqVcEyRW/,deferred_to_llm
https://www.instagram.com/p/DYZ5TtVEm6U/,deferred_to_llm
https://www.instagram.com/p/DbbIkXSk6Ez/,deferred_to_llm
https://www.instagram.com/p/DXm1yZIHC1e/,deferred_to_llm
https://www.instagram.com/p/Da0qUz3jks7/,deferred_to_llm
https://www.instagram.com/p/C2dLFQ1O73q/,deferred_to_llm
https://www.instagram.com/p/DV_nokDETER/,deterministic_excluded
https://www.instagram.com/p/DTBqVuXjQWY/,deferred_to_llm
https://www.instagram.com/p/DPEsZIREYEX/,deferred_to_llm
https://www.instagram.com/p/DW6mae9lj8J/,deferred_to_llm
https://www.instagram.com/p/DbdiZOuDuVP/,deferred_to_llm
https://www.instagram.com/p/Db0tgPhj5a5/,deferred_to_llm
https://www.instagram.com/p/DXsTe_gEaai/,deferred_to_llm
https://www.instagram.com/p/DCQST-cuDCL/,deferred_to_llm
https://www.instagram.com/p/DWfeViNjTAm/,deferred_to_llm
https://www.instagram.com/p/DOJWcBsjh8c/,deferred_to_llm
https://www.instagram.com/p/DaK5NFhip2L/,deferred_to_llm
https://www.instagram.com/p/DLDhFEAB9IC/,deferred_to_llm
https://www.instagram.com/p/C5gRGCkLUOZ/,deterministic_excluded
https://www.instagram.com/p/DVbdZL4kxWL/,deterministic_excluded
https://www.instagram.com/p/DZ6fkKZS0h_/,deferred_to_llm
https://www.instagram.com/p/DbwMg9uE3yZ/,deferred_to_llm
https://www.instagram.com/p/DURx3TCDDmI/,deferred_to_llm
https://www.instagram.com/p/DTbt6k_Ddsc/,deterministic_excluded
https://www.instagram.com/p/DXjqQ3BiuxH/,deferred_to_llm
https://www.instagram.com/p/DBKDaRtTOJV/,deterministic_excluded
https://www.instagram.com/p/DbfG4PZjkcR/,deferred_to_llm
https://www.instagram.com/p/C5mgimUrvk6/,deferred_to_llm
https://www.instagram.com/p/C7z4DbiPXw1/,deferred_to_llm
https://www.instagram.com/p/DKa8ynPtks0/,deferred_to_llm
https://www.instagram.com/p/DDh8nLDSp12/,deferred_to_llm
https://www.instagram.com/p/DSqfZGhjh3U/,deterministic_excluded
https://www.instagram.com/p/DXuyNt6hCxe/,deterministic_excluded
https://www.instagram.com/p/DOWvpeYE17y/,deterministic_excluded
https://www.instagram.com/p/DTwU4KgjC9W/,deferred_to_llm
https://www.instagram.com/p/DWEoXBZjjSO/,deterministic_excluded
https://www.instagram.com/p/DS0RAUGDkGo/,deterministic_excluded
https://www.instagram.com/p/Dav8EZCjFY5/,deferred_to_llm
https://www.instagram.com/p/DORgL7QD-2L/,deferred_to_llm
https://www.instagram.com/p/DS8NdIAEi9J/,deferred_to_llm
https://www.instagram.com/p/DJH9kYrvdDg/,deterministic_excluded
https://www.instagram.com/p/DHMcWEGPhPj/,deferred_to_llm
https://www.instagram.com/p/DRiNAOJjie-/,deterministic_excluded
https://www.instagram.com/p/DSknvPJDhWh/,deterministic_excluded
https://www.instagram.com/p/C_OoqiPuq0D/,deferred_to_llm
https://www.instagram.com/p/DZGZGYDD8kD/,deterministic_excluded
https://www.instagram.com/p/DaS2K9Ulhcy/,deferred_to_llm
https://www.instagram.com/p/DN0XgyOQKgb/,deferred_to_llm
https://www.instagram.com/p/C2Gb6m5v-rP/,deferred_to_llm
https://www.instagram.com/p/DVJaV3bDxTD/,deferred_to_llm
https://www.instagram.com/p/DRM7m0rDVjE/,deterministic_excluded
https://www.instagram.com/p/DGMm3RFRHmS/,deterministic_excluded
https://www.instagram.com/p/DOb5LwwDlIY/,deterministic_excluded
https://www.instagram.com/p/DJ2B10IxP77/,deferred_to_llm
https://www.instagram.com/p/DaQaDaAkV3R/,deferred_to_llm
https://www.instagram.com/p/DSnuCdFkSpe/,deferred_to_llm
https://www.instagram.com/p/DE_SYnxR5z7/,deferred_to_llm
https://www.instagram.com/p/C-YQpY5vRUR/,deferred_to_llm
https://www.instagram.com/p/DbbPo8VFfDz/,deferred_to_llm
https://www.instagram.com/p/DM-qwYnRpvX/,deterministic_excluded
https://www.instagram.com/p/DVtZzt-jiaV/,deterministic_excluded
https://www.instagram.com/p/DCPxn-USHqR/,deferred_to_llm
https://www.instagram.com/p/DN6VHuwES2k/,deferred_to_llm
https://www.instagram.com/p/DLSiBybxy2l/,deferred_to_llm
https://www.instagram.com/p/DZ_jIRRRLhS/,deferred_to_llm
https://www.instagram.com/p/Dbk59J-kXjm/,deferred_to_llm
https://www.instagram.com/p/DEYQZ96PchO/,deferred_to_llm
https://www.instagram.com/p/DOgS-pxjtwI/,deferred_to_llm
https://www.instagram.com/p/DY3SL0LDFGq/,deferred_to_llm
https://www.instagram.com/p/DBM7zx-vugZ/,deferred_to_llm
https://www.instagram.com/p/DIT-G56xD0f/,deferred_to_llm
https://www.instagram.com/p/DElC1vYPPCl/,deferred_to_llm
https://www.instagram.com/p/DGrPJ9ggjAM/,deferred_to_llm
https://www.instagram.com/p/DWsCNdwmtlS/,deferred_to_llm
https://www.instagram.com/p/DZsT3VFx3i0/,deferred_to_llm
https://www.instagram.com/p/DB30qwRxzYf/,deferred_to_llm
https://www.instagram.com/p/C7ws_MdxGxe/,deterministic_excluded
https://www.instagram.com/p/DPzx0rJCHIq/,deferred_to_llm
https://www.instagram.com/p/DSYdrtykQ8v/,deferred_to_llm
https://www.instagram.com/p/DJmdkbogfl6/,deferred_to_llm
https://www.instagram.com/p/DOtU4CTDsal/,deterministic_excluded
https://www.instagram.com/p/C6gyWm4u3sy/,deferred_to_llm
https://www.instagram.com/p/C_tC3vpv3J7/,deferred_to_llm
https://www.instagram.com/p/DE0Irt3P6ht/,deterministic_excluded
https://www.instagram.com/p/DcRN34_ICHH/,deterministic_excluded
https://www.instagram.com/p/C71dIHguOUe/,deferred_to_llm
https://www.instagram.com/p/DKDooFOtOr7/,deferred_to_llm
https://www.instagram.com/p/DbR8vq7lBxF/,deferred_to_llm
https://www.instagram.com/p/DKkj7j3zNOo/,deterministic_excluded
https://www.instagram.com/p/C8SiuQlyxdQ/,deferred_to_llm
https://www.instagram.com/p/DMIyyzQRpUR/,deterministic_excluded
https://www.instagram.com/p/DZKj9tpAAgt/,deterministic_excluded
https://www.instagram.com/p/DWhPPmPEVFE/,deferred_to_llm
https://www.instagram.com/p/C3VlyJSrt5M/,deferred_to_llm
https://www.instagram.com/p/C5CcLSRpF26/,deferred_to_llm
https://www.instagram.com/p/C4b827_L33G/,deferred_to_llm
https://www.instagram.com/p/Cv21Dn0vOEb/,deferred_to_llm
https://www.instagram.com/p/DUispQCDZeT/,deferred_to_llm
https://www.instagram.com/p/DYUd1Uwjbo9/,deterministic_excluded
https://www.instagram.com/p/C74QDqqNoXs/,deterministic_excluded
https://www.instagram.com/p/DOn2pbDgNX3/,deterministic_excluded
https://www.instagram.com/p/DagWXmlFFe3/,deterministic_excluded
https://www.instagram.com/p/DL5sjQgR8vG/,deterministic_excluded
https://www.instagram.com/p/CtZyNKFu-ux/,deferred_to_llm
