candidate_id,matched_wedding_id,venue_handle,candidate_date,ben_wedding_date,date_delta_days,vendor_jaccard,candidate_post_count,ben_wedding_post_count,jeremy_post_urls,ben_wedding_post_urls,candidate_vendors,ben_wedding_vendors
3,779,"thegeraghty",2022-12-03,2026-07-02,1307,0.333333,1,1,"https://www.instagram.com/p/DRzj-9xjd7o/","https://www.instagram.com/p/DaSylTOEXvI/","photographer: @studiothisisphotography | planner: @sostacyevents | venue: @thegeraghty","venue: @thegeraghty | planner: @sostacyevents | photographer: @iambenramos | other: @blackoak.tech | other: @meredith_blackoak"
64,1186,"thedalcy",2024-01-11,2026-08-10,942,0.733333,1,1,"https://www.instagram.com/p/C17hoq7Jpn-/","https://www.instagram.com/p/Db30bJnFL87/","cake: @sweetmandybs | dj: @theunionchi | florist: @avant_gardenia | hair: @nikavaughanbridalartists | makeup: @joannabartistry | photographer: @shannondugganphotography | planner: @soireesmith | rentals: @bbjlatavola | rentals: @hallsrental | stationery: @miteprint | transportation: @vipvaletservices | venue: @thedalcy | videographer: @josephlotz_","venue: @thedalcy | planner: @soireesmith | photographer: @shannondugganphotography | videographer: @lvi_films | florist: @avant_gardenia | hair: @nikavaughanbridalartists | makeup: @joannabartistry | dj: @theunionchi | stationery: @miteprint | cake: @sweetmandybs | rentals: @bbjlatavola | rentals: @hallsrental | other: @eleganteventlighting"
112,1307,"revelspace",2024-03-16,2026-08-17,884,0.333333,2,1,"https://www.instagram.com/p/C4lC4B6O6vs/ | https://www.instagram.com/p/C4ocxl1AsnD/","https://www.instagram.com/p/DcJQjFJgIbN/","photographer: @bradley_moss | planner: @anticipationevents | rentals: @revel_decor | venue: @revelspace","venue: @revelspace | planner: @revelglobalevents | catering: @limelightcatering | rentals: @revel_decor"
146,638,"adlerplanet",2024-04-27,2026-06-09,773,0.545455,1,1,"https://www.instagram.com/p/C6RMaGVrHBC/","https://www.instagram.com/p/DZXqcBGFdge/","band: @rendezvousbands | catering: @fftchicago | photographer: @amandamegmiller | rentals: @bbjlatavola | rentals: @kehoedesigns | rentals: @mathew_lahey | stationery: @ijorere | venue: @adlerplanet","venue: @adlerplanet | planner: @bethbernstein.events | photographer: @amandamegmiller | dj: @rendezvousbands | stationery: @ijorere | cake: @flourishcakedesign | catering: @fftchicago | rentals: @bbjlatavola | rentals: @kehoedesigns"
174,104,"chicagoathletichotel",2024-05-28,2024-06-29,32,0.666667,1,1,"https://www.instagram.com/p/C7gENOjuTso/","https://www.instagram.com/p/C8x2-eTg9rL/","attire: @graceandivoryofficial | attire: @suitshopofficial | dj: @toastandjamdjs | florist: @flowersfordreams | musician: @aleksey_poltavchenko | photobooth: @fotioco | photographer: @aspenavenuestudios | planner: @weddingbyjenniferfox | venue: @chicagoathletichotel","venue: @chicagoathletichotel | planner: @weddingbyjenniferfox | videographer: @aspenavenuestudios | florist: @flowersfordreams | dj: @toastandjamdjs | musician: @aleksey_poltavchenko | attire: @graceandivoryofficial | attire: @suitshopofficial | photobooth: @fotioco | beauty_other: @blushandbraidsbeautybar | other: @duetdancestudio"
249,115,"mcachicago",2024-07-18,2024-08-16,29,0.0454545,1,1,"https://www.instagram.com/p/C9kb18vxYPO/","https://www.instagram.com/p/C-t61PvO4IO/","attire: @alenaleenabridal | attire: @aliceinivorybridal | attire: @bellabridesmaids | attire: @jennyyoonyc | attire: @theblacktux | cake: @ecbg_studio | dj: @djbryenhall | florist: @thistleandplume | hair: @eringrahamhair | hotel: @parkhyattchicago | makeup: @alyssadianamakeup | photobooth: @ohanaeventsinc | photographer: @lisablumephoto | planner: @ohanaeventsinc | rentals: @bbjlatavola | rentals: @tablescapeschgo | rentals: @thefestivefrog | transportation: @chicagocloud9limos | transportation: @ridestg | venue: @mcachicago","venue: @mcachicago | planner: @honeybeeweddings | florist: @oakandfigfloral | attire: @gildedroseatelier | other: @rcchicago"
256,779,"thegeraghty",2024-07-24,2026-07-02,708,0.333333,1,1,"https://www.instagram.com/p/C9z-QwqRs8w/","https://www.instagram.com/p/DaSylTOEXvI/","photographer: @natalieprobst | planner: @sostacyevents | venue: @thegeraghty","venue: @thegeraghty | planner: @sostacyevents | photographer: @iambenramos | other: @blackoak.tech | other: @meredith_blackoak"
323,930,"the.arbory",2024-08-30,2026-07-21,690,0.4,1,1,"https://www.instagram.com/p/C_S_A6Iiurd/","https://www.instagram.com/p/DbCNjbPFBxf/","catering: @paramountevents | dj: @goldcoastevents | florist: @hmrdesigns | photographer: @studiothisisphotography | planner: @soireesmith | venue: @the.arbory","venue: @the.arbory | planner: @soireesmith | photographer: @studiothisisphotography | videographer: @hypequeenmedia | videographer: @wearewholehearted | florist: @hmrdesigns | hair: @rhonakanehair | makeup: @kellylabanco_mua | dj: @goldcoastevents | stationery: @steraclepress | catering: @paramountevents | rentals: @bbjlatavola | rentals: @nuagedesignsinc | transportation: @chicagocloud9limos | other: @hallsrental"
341,116,"artifacteventschicago",2024-09-06,2024-08-24,13,0.388889,1,1,"https://www.instagram.com/p/C_ldIT-vfwr/","https://www.instagram.com/p/C_Dy2_Vx3rM/","attire: @formallymodern | catering: @heartyboys | dj: @mychicagoweddingdj | dj: @zhantrachicagoent | florist: @branchingoutchicago | hair: @danielakostabeauty | hair: @pinmeupchicago | makeup: @danielakostabeauty | photographer: @rachelmaephoto | planner: @eventsoneeleven | rentals: @mvmtevents | venue: @artifacteventschicago","venue: @artifacteventschicago | planner: @eventsoneeleven | photographer: @rachelmaephoto | videographer: @alma.photog | florist: @branchingoutchicago | makeup: @pinmeupchicago | dj: @mychicagoweddingdj | musician: @zhantrachicagoent | attire: @formallymodern | catering: @heartyboys | beauty_other: @danielakostabeauty | other: @mvmtevents | other: @ralphscigars"
349,779,"thegeraghty",2024-09-11,2026-07-02,659,0.333333,1,1,"https://www.instagram.com/p/C_wQQ0HyNNI/","https://www.instagram.com/p/DaSylTOEXvI/","photographer: @natalieprobst | planner: @sostacyevents | venue: @thegeraghty","venue: @thegeraghty | planner: @sostacyevents | photographer: @iambenramos | other: @blackoak.tech | other: @meredith_blackoak"
402,802,"thedalcy",2024-10-07,2026-07-06,637,0.75,1,1,"https://www.instagram.com/p/DA0z1ToR8mD/","https://www.instagram.com/p/DadYSJklktl/","florist: @bou_k_designco | photographer: @iambenramos | planner: @northwestweddings | venue: @thedalcy","venue: @thedalcy | photographer: @iambenramos | florist: @bou_k_designco"
426,1155,"the.arbory",2024-10-16,2026-08-09,662,0.5,1,1,"https://www.instagram.com/p/DBKZZ_IP4gU/","https://www.instagram.com/p/Db0rGUxxds3/","catering: @cocinafusioncatering | dj: @luniksentertainment | florist: @flowerchild_floraldesign | photographer: @carnivalstudio | planner: @clovereventschicago | venue: @the.arbory","venue: @the.arbory | planner: @eventswithambiance | florist: @flowerchild_floraldesign | dj: @luniksentertainment | catering: @cocinafusioncatering | beauty_other: @angelique_artistry_"
430,930,"the.arbory",2024-10-18,2026-07-21,641,0.4,1,1,"https://www.instagram.com/p/DBPi-rwIc6g/","https://www.instagram.com/p/DbCNjbPFBxf/","catering: @paramountevents | dj: @goldcoastevents | florist: @hmrdesigns | photographer: @studiothisisphotography | planner: @soireesmith | venue: @the.arbory","venue: @the.arbory | planner: @soireesmith | photographer: @studiothisisphotography | videographer: @hypequeenmedia | videographer: @wearewholehearted | florist: @hmrdesigns | hair: @rhonakanehair | makeup: @kellylabanco_mua | dj: @goldcoastevents | stationery: @steraclepress | catering: @paramountevents | rentals: @bbjlatavola | rentals: @nuagedesignsinc | transportation: @chicagocloud9limos | other: @hallsrental"
447,216,"mdschapel",2024-10-30,2025-09-16,321,0.30303,1,2,"https://www.instagram.com/p/DBwfCYOvPUL/","https://www.instagram.com/p/DOrEXsyjq9-/ | https://www.instagram.com/p/DOrZ_fEDl4R/","attire: @swissotelchi | attire: @theweddingdresser | cake: @ecbg_studio | cake: @lovesugarandgrace | dj: @odeainc | hair: @hairbyjuanjose | makeup: @bridalbyaga | photographer: @lacourimages | planner: @frankeventdesign | rentals: @anthonygowderdesigns | rentals: @bbjlatavola | rentals: @tablescapeschgo | stationery: @pioneer_announcements | transportation: @premiertrolley | transportation: @vipvaletserviices | venue: @mdschapel | videographer: @poeticproductions","venue: @mdschapel | venue: @swissotelchi | planner: @frankeventdesign | photographer: @lacourimages | videographer: @poeticproductions | florist: @anthonygowderdesigns | hair: @hairbyjuanjose | makeup: @bridalbyaga | band: @odeainc | attire: @martinthornburg | attire: @nadinemerabi | attire: @shoprevelry | attire: @theblacktux | attire: @valentinosbridalcle | stationery: @pioneer_announcements | cake: @ecbg_studio | rentals: @bbjlatavola | rentals: @tablescapeseventrentals | transportation: @premiertrolley | transportation: @vipvaletservices | jeweler: @helzbergdiamonds | jeweler: @shanecompany | jeweler: @wimmersdiamonds | beauty_other: @theweddingdresser | other: @kierstmdg | other: @lovesugarandgrace"
450,779,"thegeraghty",2024-11-04,2026-07-02,605,0.333333,1,1,"https://www.instagram.com/p/DB6yJv8vY7r/","https://www.instagram.com/p/DaSylTOEXvI/","band: @beatmixchicago | content_creator: @dreamy_content | makeup: @cruziee | photographer: @iambenramos | planner: @sostacyevents | venue: @thegeraghty | videographer: @sundial.creatives","venue: @thegeraghty | planner: @sostacyevents | photographer: @iambenramos | other: @blackoak.tech | other: @meredith_blackoak"
525,45,"rm1520",2024-12-19,2023-02-27,661,0.4,1,1,"https://www.instagram.com/p/DDvfrkIxIL3/","https://www.instagram.com/p/CpLUUVxPuSW/","florist: @theflowergirlcompany | photographer: @ashleyhammphotography | venue: @rm1520","venue: @rm1520 | photographer: @alanalindenfeldphotography | florist: @theflowergirlcompany | cake: @ecbg_studio"
611,930,"the.arbory",2025-02-12,2026-07-21,524,0.6875,1,1,"https://www.instagram.com/p/DF8Xx9fv2d9/","https://www.instagram.com/p/DbCNjbPFBxf/","catering: @paramountevents | dj: @goldcoastevents | florist: @hmrdesigns | photographer: @studiothisisphotography | planner: @soireesmith | rentals: @bbjlatavola | rentals: @hallsrental | rentals: @nuagedesignsinc | stationery: @steraclepress | venue: @the.arbory | videographer: @hypequeenmedia | videographer: @wearewholehearted","venue: @the.arbory | planner: @soireesmith | photographer: @studiothisisphotography | videographer: @hypequeenmedia | videographer: @wearewholehearted | florist: @hmrdesigns | hair: @rhonakanehair | makeup: @kellylabanco_mua | dj: @goldcoastevents | stationery: @steraclepress | catering: @paramountevents | rentals: @bbjlatavola | rentals: @nuagedesignsinc | transportation: @chicagocloud9limos | other: @hallsrental"
642,1115,"universityclubofchicago",2025-02-22,2026-08-05,529,0.333333,1,1,"https://www.instagram.com/p/DGWno8lPEP0/","https://www.instagram.com/p/DbrPD6cmZkw/","attire: @kleinfeldbridal | attire: @sarehnouri | band: @beatmixchicago | beauty_other: @rarebirdbeauties | florist: @juliettanfloraldesign | photographer: @amandamegmiller | planner: @fivegrainevents | stationery: @mag.milestones | venue: @universityclubofchicago | videographer: @oldnorthfilmco","venue: @universityclubofchicago | photographer: @amandamegmiller | videographer: @oldnorthfilmco | florist: @juliettanfloraldesign | makeup: @rarebirdbeauties | dj: @beatmixchicago"
676,724,"morgan.mfg",2025-03-11,2026-06-25,471,0.6,2,2,"https://www.instagram.com/p/DHCVehovf6L/ | https://www.instagram.com/p/DHwarTqTb08/","https://www.instagram.com/p/DaBEa-2FdcO/ | https://www.instagram.com/p/DalFao9g48R/","band: @goldcoastallstars | catering: @entertaining_co | florist: @lifeinbloom | photographer: @sallyodonnellphotography | planner: @bethbernstein.events | rentals: @bbjlatavola | rentals: @hallsrental | rentals: @nuagedesignsinc | stationery: @steraclepress | venue: @morgan.mfg | videographer: @characterdfilms","venue: @morgan.mfg | planner: @bethbernstein.events | photographer: @sallyodonnellphotography | videographer: @amorellaevents | videographer: @characterdfilms | florist: @lifeinbloom | dj: @goldcoastevents | attire: @theweddingdresser | stationery: @steraclepress | catering: @entertaining_co | rentals: @bbjlatavola | rentals: @nuagedesignsinc | other: @silenceactivations"
690,965,"morgansonfulton",2025-03-20,2026-07-25,492,0.375,1,1,"https://www.instagram.com/p/DHZdvRDPwj2/","https://www.instagram.com/p/DbMnQhxMeuv/","florist: @juliettanfloraldesign | photographer: @mariahartephoto | planner: @celebrate_planning | planner: @jaciweber1212 | venue: @morgansonfulton","venue: @morgansonfulton | planner: @celebrate_planning | photographer: @mariahartephoto | florist: @stevesflowermarket | rentals: @tablescapeseventrentals | content_creator: @fromsomeone.co"
710,796,"chicagowinery",2025-04-01,2026-07-06,461,0.7,1,1,"https://www.instagram.com/p/DH4Fmsvv__O/","https://www.instagram.com/p/DadSOwCEdXP/","attire: @palomablancabridal | attire: @vollesbridal | dj: @djleemichaels | florist: @thistleandplume | hair: @anomaliebeautyagency | musician: @dtatemusic | photographer: @danielacardiliphotography | planner: @marrymentweddings | venue: @chicagowinery | videographer: @wholeheartvideo","venue: @chicagowinery | photographer: @danielacardiliphotography | videographer: @wholeheartvideo | florist: @thistleandplume | hair: @anomaliebeautyagency | dj: @djleemichaels | musician: @dtatemusic"
711,1115,"universityclubofchicago",2025-04-01,2026-08-05,491,0.333333,1,1,"https://www.instagram.com/p/DH6VxZURNpM/","https://www.instagram.com/p/DbrPD6cmZkw/","attire: @kleinfeldbridal | attire: @sarehnouri | band: @beatmixchicago | beauty_other: @rarebirdbeauties | florist: @juliettanfloraldesign | photographer: @amandamegmiller | planner: @fivegrainevents | stationery: @mag.milestones | venue: @universityclubofchicago | videographer: @oldnorthfilmco","venue: @universityclubofchicago | photographer: @amandamegmiller | videographer: @oldnorthfilmco | florist: @juliettanfloraldesign | makeup: @rarebirdbeauties | dj: @beatmixchicago"
762,157,"jwmarriottchi",2025-04-27,2025-03-28,30,0.1,2,1,"https://www.instagram.com/p/DI8Fvp-gq2D/ | https://www.instagram.com/p/DJU2JnfPnO1/","https://www.instagram.com/p/DHv8W9ZR89l/","attire: @vwidon | band: @rushstreetrhythm | beauty_other: @leesib | florist: @josephsevents_ | hair: @rhonakanehair | photographer: @nakaiphotography | planner: @jamiebotoninc | venue: @jwmarriottchi","venue: @jwmarriottchi | planner: @apaljetak | other: @misse.daniel"
784,724,"morgan.mfg",2025-05-07,2026-06-25,414,0.5,1,2,"https://www.instagram.com/p/DJUupmaPfb4/","https://www.instagram.com/p/DaBEa-2FdcO/ | https://www.instagram.com/p/DalFao9g48R/","catering: @entertaining_co | florist: @lifeinbloom | photographer: @sallyodonnellphotography | planner: @bethbernstein.events | rentals: @bbjlatavola | rentals: @hallsrental | rentals: @nuagedesignsinc | venue: @morgan.mfg","venue: @morgan.mfg | planner: @bethbernstein.events | photographer: @sallyodonnellphotography | videographer: @amorellaevents | videographer: @characterdfilms | florist: @lifeinbloom | dj: @goldcoastevents | attire: @theweddingdresser | stationery: @steraclepress | catering: @entertaining_co | rentals: @bbjlatavola | rentals: @nuagedesignsinc | other: @silenceactivations"
790,362,"chicagoilluminatingcompany",2025-05-08,2026-02-27,295,0.5,1,1,"https://www.instagram.com/p/DJYCU0uMhaj/","https://www.instagram.com/p/DVPgVhHDdtj/","attire: @amsale | attire: @bellabiancabridalcouture | attire: @theblacktux | cake: @sweetmandybs | catering: @entertaining_co | content_creator: @aforevermoreco | dj: @okynemedialab | florist: @studio_poppy | hair: @eringrahamhair | photographer: @goldenhoursweddings | planner: @lionheartedevents | venue: @chicagoilluminatingcompany","venue: @chicagoilluminatingcompany | planner: @lionheartedevents | photographer: @goldenhoursweddings | videographer: @aforevermore.co | florist: @studio_poppy | hair: @eringrahamhair | dj: @okynemedialab | attire: @amsale | attire: @bellabiancabridalcouture | catering: @entertaining_co | content_creator: @aforevermore.co | other: @frostchicago | other: @joeysoluvly | other: @studio_poppy"
808,1189,"thecanvasvenue",2025-05-14,2026-08-11,454,0.333333,1,1,"https://www.instagram.com/p/DJo0eicN2BY/","https://www.instagram.com/p/Db6maLshEiv/","catering: @lamirage_banquets | florist: @yannidesignstudio | hair: @anomaliebeautyagency | musician: @entouragebandchicago | photographer: @colinlyonsphoto | venue: @thecanvasvenue | videographer: @wholeheartvideo","venue: @thecanvasvenue | photographer: @alauracreative | videographer: @wholeheartvideo | florist: @yannidesignstudio | catering: @paramountevents"
822,938,"revelspace",2025-05-19,2026-07-22,429,0.4375,1,1,"https://www.instagram.com/p/DJzk5utuu2v/","https://www.instagram.com/p/DbEhbBapiex/","cake: @flourishcakedesign | catering: @limelightcatering | content_creator: @unveiltheday_ | dj: @goldcoastallstars | dj: @stagefactor | photographer: @studiothisisphotography | planner: @birchdesignstudio | rentals: @revel_decor | stationery: @afinepress | venue: @revelspace | videographer: @wearewholehearted","venue: @revelspace | planner: @birchdesignstudio | photographer: @jeremybustos_ | photographer: @studiothisisphotography | videographer: @wearewholehearted | band: @goldcoastevents | stationery: @afinepress | cake: @flourishcakedesign | catering: @limelightcatering | other: @frostchicago | other: @revel_decor | other: @stagefactor"
834,623,"revelspace",2025-05-22,2026-06-05,379,0.333333,1,1,"https://www.instagram.com/p/DJ7aItCxw7X/","https://www.instagram.com/p/DZN6F7kCY3M/","band: @beatmixchicago | cake: @tonipatisseriecafe | catering: @limelightcatering | florist: @revel_decor | photographer: @studiothisisphotography | planner: @claireweller | venue: @revelspace","venue: @revelspace | planner: @welldesignedevents | photographer: @mayahleephotography | videographer: @filmandfableco | florist: @revel_decor | makeup: @rarebirdbeauties | dj: @thedjfirm | cake: @tonipatisseriecafe | catering: @limelightcatering"
880,391,"chicagomuseumevents",2025-06-07,2026-03-18,284,0.909091,1,1,"https://www.instagram.com/p/DK7njs8uMb4/","https://www.instagram.com/p/DWCi9w0Edok/","beauty_other: @gcbygeorgecharles | cake: @deerfieldsbakery | dj: @okynemedialab | florist: @flowerchild_floraldesign | photographer: @karlyellisphotography | photographer: @kbye | photographer: @lex_payne8 | transportation: @ridestg | venue: @chicagomuseumevents | videographer: @horizonmedia_il","venue: @chicagomuseumevents | planner: @fftchicago | photographer: @karlyellisphotography | photographer: @kbye | photographer: @lex_payne8 | videographer: @horizonmedia_il | florist: @flowerchild_floraldesign | dj: @okynemedialab | cake: @deerfieldsbakery | transportation: @ridestg | beauty_other: @gcbygeorgecharles"
921,520,"morgan.mfg",2025-06-20,2026-05-11,325,1,1,1,"https://www.instagram.com/p/DLGHCUmuRqm/","https://www.instagram.com/p/DYNJMopDq2v/","cake: @sweetmandybs | catering: @blueplatechicago | hair: @bsansostiartistry | musician: @elegantsoundandlighting | officiant: @zeneventschicago | photographer: @kentdrakephoto | planner: @lolaeventpros | planner: @lolamichellev | rentals: @bbjlatavola | rentals: @eleganteventlighting | rentals: @lifeinbloom | rentals: @thefestivefrog | stationery: @steraclepress | venue: @morgan.mfg","venue: @morgan.mfg | planner: @lolaeventpros | planner: @lolamichellev | photographer: @kentdrakephoto | hair: @bsansostiartistry | musician: @elegantsoundandlighting | stationery: @steraclepress | cake: @sweetmandybs | catering: @blueplatechicago | rentals: @bbjlatavola | rentals: @eleganteventlighting | rentals: @lifeinbloom | rentals: @thefestivefrog | officiant: @zeneventschicago"
925,474,"chicagoculturalcenter",2025-06-21,2026-04-27,310,0.636364,1,1,"https://www.instagram.com/p/DXndGhYDt1K/","https://www.instagram.com/p/DXndGhYDt1K/","attire: @thetiebar | attire: @winniecouture | beauty_other: @blushandbraidsbeautybar | florist: @trablume | photographer: @madiellisphoto | planner: @mel0dierose | planner: @nyeventschicago | venue: @chicagoculturalcenter | videographer: @oldnorthfilmco","venue: @chicagoculturalcenter | photographer: @madiellisphoto | videographer: @oldnorthfilmco | florist: @trablume | attire: @thetiebar | attire: @winniecouture | beauty_other: @blushandbraidsbeautybar | other: @mel0dierose | other: @nyeventschicago"
962,544,"chicagomuseumevents",2025-07-01,2026-05-17,320,0.727273,1,1,"https://www.instagram.com/p/DLijqbev5ZT/","https://www.instagram.com/p/DYdOLxfoNT4/","beauty_other: @bsansostiartistry | cake: @alliancebakery | catering: @blueplatechicago | dj: @soundsaboundtonyho | florist: @crescostems | hotel: @claridge_house | musician: @cloudgatequartet | photographer: @rachelandradephoto | planner: @ohanaeventsinc | venue: @chicagomuseumevents | videographer: @oldnorthfilmco","venue: @chicagomuseumevents | planner: @ohanaeventsinc | photographer: @rachelandradephoto | videographer: @oldnorthfilmco | florist: @crescostems | dj: @soundsaboundtonyho | catering: @blueplatechicago | beauty_other: @bsansostiartistry"
1012,995,"ivyroomchicago",2025-07-17,2026-07-28,376,0.444444,1,1,"https://www.instagram.com/p/DMN-ZRgRuH4/","https://www.instagram.com/p/DbWq6amuz4k/","florist: @flowersbystem | hair: @houseofkoukla | photographer: @elena_usa_photographer | venue: @ivyroomchicago | videographer: @chicagofilmcompany","venue: @ivyroomchicago | planner: @elevatedeventschi | photographer: @elena_usa_photographer | photographer: @emmaazanger | videographer: @chicagofilmcompany | florist: @flowersbystem | stationery: @wideeyespaperco | cake: @flourishcakedesign"
1029,474,"chicagoculturalcenter",2025-07-23,2026-04-27,278,0.428571,1,1,"https://www.instagram.com/p/DMbPd2GvuT-/","https://www.instagram.com/p/DXndGhYDt1K/","attire: @thetiebar | attire: @winniecouture | beauty_other: @blushandbraidsbeautybar | cake: @vanillechicago | catering: @jewelleventscatering | dj: @paulmichaelsevents | florist: @trablume | planner: @mel0dierose | planner: @nyeventschicago | venue: @chicagoculturalcenter | videographer: @oldnorthfilmco","venue: @chicagoculturalcenter | photographer: @madiellisphoto | videographer: @oldnorthfilmco | florist: @trablume | attire: @thetiebar | attire: @winniecouture | beauty_other: @blushandbraidsbeautybar | other: @mel0dierose | other: @nyeventschicago"
1052,564,"charcoalfactoryloft",2025-07-30,2026-05-21,295,0.5,3,2,"https://www.instagram.com/p/DM_nWwhRNLi/ | https://www.instagram.com/p/DMvcOiORDe0/ | https://www.instagram.com/p/DNhI5oaxSro/","https://www.instagram.com/p/DYmietzjyta/ | https://www.instagram.com/p/DYzbD9jlnIj/","beauty_other: @sandythinnes_mua | florist: @_pulp | photographer: @bradley_moss | planner: @sustainablesoirees | venue: @charcoalfactoryloft","venue: @charcoalfactoryloft | photographer: @bradley_moss | florist: @_pulp | florist: @sandythinnes_mua | beauty_other: @sandythinnes_mua | other: @acechicagoevents | other: @sustainablesoirees"
1080,375,"lincolnfarmstead",2025-08-09,2026-03-08,211,0.375,1,1,"https://www.instagram.com/p/DNGuuBIvwJ-/","https://www.instagram.com/p/DVoY1OtgQO4/","cake: @cr8cakes | catering: @unclebubsbbq | dj: @tone.productions | florist: @designstudiodecor | hair: @meraki_artisanhairdesign | photographer: @twa_weddingphotographers | venue: @lincolnfarmstead","venue: @lincolnfarmstead | photographer: @twa_weddingphotographers | hair: @meraki_artisanhairdesign | other: @designstudiodecor"
1091,902,"penthousehydepark",2025-08-14,2026-07-18,338,0.5,1,1,"https://www.instagram.com/p/DNTuNyJPNT9/","https://www.instagram.com/p/Da7MvM0Dr2K/","cake: @sweetmandybs | catering: @cocinafusioncatering | content_creator: @onereellove | dj: @sparkentgroup | florist: @bkfloralandevent | hair: @aprilstylebydesign | makeup: @makeupbycapri_ | officiant: @seversley | photographer: @candacesimsphoto | planner: @southwind.events | transportation: @midwesttransitsystem | venue: @penthousehydepark","venue: @armourhouseweddings | venue: @penthousehydepark | planner: @southwind.events | photographer: @candacesimsphoto | videographer: @hawkstra_ | videographer: @onereellove | florist: @bkfloralandevent | florist: @exquisiteeventsandfloraldesign | hair: @aprilstylebydesign | hair: @themarijexperience | makeup: @b.janiamakeupartistry | makeup: @makeupbycapri_ | makeup: @makeupbyrhonna | dj: @sparkentgroup | attire: @leahdagloria | cake: @sweetmandybs | catering: @cocinafusioncatering | transportation: @midwesttransitsystem | officiant: @marryingmoore | officiant: @seversley | other: @northwestweddings"
1093,205,"thecrawfordvenue",2025-08-14,2025-08-27,13,0.0714286,1,1,"https://www.instagram.com/p/DNUOs0QOW9x/","https://www.instagram.com/p/DN3TP6YWv6z/","beauty_other: @makeup_by_madis | photographer: @thekodakcollective | rentals: @eventswithsavannah | venue: @thecrawfordvenue | videographer: @thelotusfilmsinc","venue: @thecrawfordvenue | photographer: @kaileereiphotography | videographer: @mikebredon | florist: @greenvillageflowers | makeup: @amandadevon | musician: @evanstonstrings | cake: @lechocolatbakery | catering: @mychefcatering | officiant: @adolfoandco | other: @luckydimesplanning"
1106,206,"the.arbory",2025-08-18,2025-08-29,11,0.181818,1,2,"https://www.instagram.com/p/DNd8oFtPom3/","https://www.instagram.com/p/DN8YE1HiWHs/ | https://www.instagram.com/p/DOd7Ku6CYgm/","band: @davidrothsteinmusic | catering: @violas.kitchen | florist: @ceremonybycoachhouse | hair: @styledbysam.mke | makeup: @makeupbyamericaf | planner: @weddingdaychicago | venue: @the.arbory","venue: @the.arbory | photographer: @leaveherwild.photography | videographer: @lawrenceconnorfilms | florist: @ashaddevents | dj: @mychicagoweddingdj | catering: @violas.kitchen"
1139,212,"greenhouseloft",2025-08-27,2025-09-09,13,0.142857,1,1,"https://www.instagram.com/p/DN3SgQl2hFA/","https://www.instagram.com/p/DOZCaDkDnBX/","catering: @blueplatecatering | florist: @anemonechicago | photographer: @allisonwilliamsphotography | venue: @greenhouseloft","venue: @greenhouseloft | planner: @lofi_events | photographer: @meghanmelia | florist: @petalpushr"
1144,1149,"fairliechicago",2025-08-28,2026-08-08,345,0.916667,1,1,"https://www.instagram.com/p/DN530kxkVSJ/","https://www.instagram.com/p/Dbyd8JglfVx/","beauty_other: @lgmakeuptans | beauty_other: @styledbylia_ | catering: @heartyboys | dj: @thedjfirm | florist: @mayfloral | musician: @evanstonstrings | photographer: @shotbysydney | planner: @bustleandlace | transportation: @chicagocloud9limos | venue: @fairliechicago | videographer: @goodweddingfilms","venue: @fairliechicago | planner: @bustleandlace | photographer: @shotbysydney | videographer: @goodweddingfilms | florist: @mayfloral | dj: @thedjfirm | musician: @evanstonstrings | catering: @heartyboys | transportation: @chicagocloud9limos | beauty_other: @lgmakeuptans | beauty_other: @styledbylia_ | other: @mklightingdesign"
1173,231,"therookerybuilding",2025-09-05,2025-10-02,27,0.0909091,1,2,"https://www.instagram.com/p/DOOlIGhkw6C/","https://www.instagram.com/p/DPT9vYsDlJG/ | https://www.instagram.com/p/DPWsMRijioK/","florist: @stemschicago | hair: @abhairsalons | makeup: @pinmeupchicago | photographer: @anapiersonphotography | planner: @rbs.events | venue: @therookerybuilding | videographer: @oldnorthfilmco","venue: @therookerybuilding | planner: @revelglobalevents | other: @frostchicago | other: @revel_decor | other: @stagefactor"
1179,307,"charcoalfactoryloft",2025-09-06,2026-01-14,130,1,2,1,"https://www.instagram.com/p/DOb2tiIAUjK/ | https://www.instagram.com/p/DORLthjjsbW/","https://www.instagram.com/p/DTf-hiVjl7C/","catering: @vendadorchicago | florist: @tspetalsandink | hair: @makeupbyperlalarios | hotel: @pendrychicago | photographer: @thekodakcollective | planner: @bridget_mary_weddings | rentals: @acechicagoevents | rentals: @bbjlavatola | rentals: @hallsrental | transportation: @windycitylimousine | venue: @charcoalfactoryloft","venue: @charcoalfactoryloft | planner: @bridget_mary_weddings | photographer: @thekodakcollective | florist: @tspetalsandink | hair: @makeupbyperlalarios | catering: @vendadorchicago | rentals: @acechicagoevents | rentals: @bbjlavatola | rentals: @hallsrental | transportation: @windycitylimousine | hotel: @pendrychicago"
1180,206,"the.arbory",2025-09-06,2025-08-29,8,0.0769231,1,2,"https://www.instagram.com/p/DOROojNkSOM/","https://www.instagram.com/p/DN8YE1HiWHs/ | https://www.instagram.com/p/DOd7Ku6CYgm/","attire: @barongworld_official | attire: @dianasbridal | attire: @express | dj: @figmedia | hair: @blushandbraidsbeautybar | planner: @mel0dierose | planner: @nyeventschicago | venue: @the.arbory","venue: @the.arbory | photographer: @leaveherwild.photography | videographer: @lawrenceconnorfilms | florist: @ashaddevents | dj: @mychicagoweddingdj | catering: @violas.kitchen"
1221,372,"chicagosymphony",2025-09-17,2026-03-07,171,0.769231,2,1,"https://www.instagram.com/p/DOrMX-uj6Sy/ | https://www.instagram.com/p/DPUK7mFAEhK/","https://www.instagram.com/p/DVlgFLPDd0G/","band: @ivcollectiveevents | beauty_other: @rarebirdbeauties | catering: @paramountevents | florist: @sugarfieldflowers | photobooth: @vista.booth | photographer: @house_mrose | planner: @lovestoryweddingevents | rentals: @dishanddecorvintagerental | rentals: @tablescapeseventrentals | venue: @chicagosymphony | videographer: @aforevermore.co","venue: @chicagosymphony | planner: @lovestoryweddingevents | photographer: @house_mrose | florist: @sugarfieldflowers | band: @ivcollectiveevents | cake: @ecbg_studio | catering: @paramountevents | rentals: @dishanddecorvintagerental | rentals: @tablescapeseventrentals | photobooth: @vista.booth | content_creator: @aforevermore.co | beauty_other: @rarebirdbeauties"
1227,238,"lacuna2150",2025-09-17,2025-10-10,23,0.25,1,1,"https://www.instagram.com/p/DOtjjXEAFpD/","https://www.instagram.com/p/DPokFgYjrGB/","florist: @bluedaisyfloral | photographer: @nakaiphotography | planner: @hbicweddings | venue: @lacuna2150 | venue: @lacunaloftevents","venue: @lacuna2150 | venue: @lacunaloftevents | planner: @firmlyrootedevents | florist: @crescostems | attire: @graceandivoryofficial"
1229,1142,"revelspace",2025-09-18,2026-08-07,323,0.416667,3,1,"https://www.instagram.com/p/DO1CBUQjQ-S/ | https://www.instagram.com/p/DOwJxjLDr2K/ | https://www.instagram.com/p/DPCn5dNjTW8/","https://www.instagram.com/p/Dbvj5qthbf0/","beauty_other: @rarebirdbeauties | cake: @deflouredbakery | catering: @limelightcatering | dj: @thedjfirm | photobooth: @snapboothchicago | photographer: @chadhusar | photographer: @studiothisisphotography | planner: @bigcitybride | rentals: @revel_decor | venue: @revelspace","venue: @revelspace | planner: @bigcitybride | photographer: @studiothisisphotography | videographer: @wearewholehearted | catering: @limelightcatering | beauty_other: @rarebirdbeauties | other: @frostchicago"
1258,824,"revelspace",2025-09-26,2026-07-09,286,0.454545,3,1,"https://www.instagram.com/p/DPESDYVDZYt/ | https://www.instagram.com/p/DPEuogvjj5k/ | https://www.instagram.com/p/DPO5K_hjky5/","https://www.instagram.com/p/DakullPgRcO/","catering: @limelightcatering | dj: @awtardjs | photographer: @svyat_bogdanov | planner: @birchdesignstudio | planner: @jessica_birchdesignstudio | rentals: @revel_decor | venue: @revelspace","venue: @revelspace | planner: @jessica_birchdesignstudio | photographer: @svyat_bogdanov | florist: @reveldecor | dj: @awtardjs | cake: @awnihabibahsweets | catering: @limelightcatering | other: @daf_cigars | other: @rachaelmiller12"
1262,236,"holynamecathedral",2025-09-27,2025-10-08,11,0.0344828,1,1,"https://www.instagram.com/p/DPFHB70kiKE/","https://www.instagram.com/p/DPjVK43kQAP/","attire: @arthurandlucca | attire: @cultgaia | attire: @gftuxedo | attire: @jimmychoo | attire: @pninatornai | attire: @verstolo | cake: @ecbg_studio | dj: @entouragebandchicago | florist: @themomentintime_ | hair: @glamhairbyjoanna | hair: @that_hair_paige | makeup: @makeup_byashleyd | makeup: @makeupby_alexcaputi | photobooth: @thequecollab | photographer: @hannahperssonphoto | planner: @abbymckinneyevents | rentals: @tablescapeseventrentals | venue: @holynamecathedral | venue: @theexchangechicago | videographer: @socialbridescollective","venue: @holynamecathedral | venue: @universityclubofchicago | planner: @aparisevent | photographer: @petergubernat | videographer: @capturedbyamymichelle | videographer: @fox | florist: @mayfloral | musician: @davidrothsteinmusic | musician: @shannonrovers | other: @triciaclarkemakeup"
1268,439,"lmstudiochi",2025-09-29,2026-04-12,195,0.416667,1,1,"https://www.instagram.com/p/DPMXT20EXl7/","https://www.instagram.com/p/DXC8vPomFEk/","attire: @anthropologieweddings | beauty_other: @beautybyannkrause | cake: @blisspointbakery_chi | florist: @kloeckner_preferred_flowers | photographer: @kearneyraephoto | planner: @northwestweddings | venue: @lmstudiochi","venue: @lmstudiochi | planner: @northwestweddings | photographer: @instantphotochicago | florist: @kloeckner_preferred_flowers | dj: @midwestbestdjs | cake: @blisspointbakery_chi | catering: @lmcateringchi | beauty_other: @beautybyannkrause | other: @henniboii | other: @marissa__albrecht"
1283,655,"311pazzos",2025-10-02,2026-06-12,253,0.4,1,1,"https://www.instagram.com/p/DPTg5a7jbEH/","https://www.instagram.com/p/DZfWpPWBURe/","photobooth: @extramomentsphotobooth | photographer: @artisticelegancephotography | planner: @dejanaeevents | venue: @311pazzos | videographer: @goodweddingfilms","venue: @311pazzos | planner: @dejanaeevents | photographer: @artisticelegancephotography | videographer: @goodweddingfilms | videographer: @socialweddclub | hair: @nickirougebridalteam | dj: @dja1chi | rentals: @vip_events_decor | other: @deannasweetdreams"
1305,1309,"harristheaterchicago",2025-10-06,2026-08-17,315,0.555556,1,1,"https://www.instagram.com/p/DPeP0QTgHmq/","https://www.instagram.com/p/DcJQiB9EVz_/","attire: @bridalreflectionsny | attire: @galialahav | attire: @theweddingdresser | band: @elis.band | cake: @ecbg_studio | catering: @limelightcatering | content_creator: @socialbridescollective | dj: @djmetro16 | dj: @johnvincentlive | hair: @cutsbyamanda | makeup: @rarebirdbeauties | photobooth: @bugbooth | photographer: @kylejohnphoto | planner: @lolaeventpros | planner: @lolamichellev | rentals: @bbjlatavola | rentals: @brittanieahrens | rentals: @hmrdesigns | rentals: @nuagedesignsinc | rentals: @thefestivefrog | stationery: @impress_designstudio | transportation: @ridestg | transportation: @waytogolimousine | transportation: @windycitylimousine | venue: @harristheaterchicago | videographer: @dsap | videographer: @frostchicago | videographer: @highway61films","venue: @harristheaterchicago | planner: @lolaeventpros | planner: @lolamichellev | photographer: @kylejohnphoto | videographer: @highway61films | videographer: @socialbridescollective | hair: @cutsbyamanda | hair: @hairbyamandakosiek | makeup: @rarebirdbeauties | dj: @djmetro16 | dj: @johnvincentlive | dj: @successful_twan | band: @elis.band | musician: @elis.band | attire: @bridalreflectionsny | attire: @galialahav | attire: @theweddingdresser | stationery: @impress_designstudio | cake: @ecbg_studio | catering: @binnysbev | catering: @limelightcatering | rentals: @bbjlatavola | rentals: @brittanieahrens | rentals: @hmrdesigns | rentals: @nuagedesignsinc | rentals: @thefestivefrog | transportation: @ridestg | transportation: @waytogolimousine | transportation: @windycitylimousine | photobooth: @bugbooth | content_creator: @socialbridescollective | other: @frostchicago | other: @impress_designstudio | other: @vipvaletservice"
1333,655,"311pazzos",2025-10-13,2026-06-12,242,0.7,1,1,"https://www.instagram.com/p/DPwNHqHkfC_/","https://www.instagram.com/p/DZfWpPWBURe/","dj: @dja1chi | hair: @nickirougebridalteam | photobooth: @extramomentsphotobooths | photographer: @artisticelegancephotography | planner: @dejanaeevents | rentals: @vip_events_decor | venue: @311pazzos | videographer: @goodweddingfilms","venue: @311pazzos | planner: @dejanaeevents | photographer: @artisticelegancephotography | videographer: @goodweddingfilms | videographer: @socialweddclub | hair: @nickirougebridalteam | dj: @dja1chi | rentals: @vip_events_decor | other: @deannasweetdreams"
1355,596,"greenhouseloft",2025-10-17,2026-05-28,223,0.5,1,1,"https://www.instagram.com/p/DP4d7tDEXNN/","https://www.instagram.com/p/DY4SUanERGF/","attire: @bellebridalatelier | attire: @preajames_bridal | beauty_other: @anniehartoonianhair | beauty_other: @kelseyjoelle | catering: @lulacafeevents | florist: @f4dweddings | photographer: @momoko_fritz | venue: @greenhouseloft","venue: @greenhouseloft | photographer: @momoko_fritz | florist: @f4dweddings | catering: @lulacafeevents | beauty_other: @anniehartoonianhair | beauty_other: @kelseyjoelle | other: @alyssalipuma | other: @bellebridalatelier | other: @pattymelt.studio | other: @tax_mosto"
1360,856,"lmstudiochi",2025-10-18,2026-07-14,269,0.555556,1,1,"https://www.instagram.com/p/DP9WD85jp4c/","https://www.instagram.com/p/Dax8FRTlZNg/","attire: @mira_couture | beauty_other: @threeonetwobridal | catering: @lmcateringchi | florist: @flowersfordreams | photographer: @ajabelmanphoto | planner: @fiercepros | rentals: @tablescapeseventrentals | venue: @lmstudiochi","venue: @lmstudiochi | planner: @fiercepros | photographer: @ajabelmanphoto | attire: @mira_couture | beauty_other: @threeonetwobridal | other: @flowersfordreams"
1371,365,"maedistrict",2025-10-22,2026-03-04,133,1,1,1,"https://www.instagram.com/p/DQH00JjjQ2f/","https://www.instagram.com/p/DVeSza7DYez/","beauty_other: @theartistryvibe | catering: @fftchicago | dj: @toastandjamdjs | florist: @ordinary_seed | photographer: @wedoweddingschi | planner: @baroj.events | venue: @maedistrict","venue: @maedistrict | planner: @baroj.events | photographer: @wedoweddingschi | florist: @ordinary_seed | dj: @toastandjamdjs | catering: @fftchicago | beauty_other: @theartistryvibe"
1379,199,"thefultonwest",2025-10-24,2025-08-04,81,0.818182,1,1,"https://www.instagram.com/p/DQMvwLmEpSy/","https://www.instagram.com/p/DM8xJMdPPbj/","cake: @ecbg_studio | catering: @cocinafusioncatering | dj: @sparkentgroup | florist: @flowersfordreams | photobooth: @capturedmomentscollective | photographer: @creativechloechanel | planner: @fueledevents | planner: @wedicity_ | rentals: @poshpartychicago | stationery: @amore_creative | venue: @thefultonwest","venue: @thefultonwest | planner: @wedicity_ | photographer: @creativechloechanel | florist: @flowersfordreams | dj: @sparkentgroup | stationery: @amore_creative | cake: @ecbg_studio | rentals: @poshpartychicago | photobooth: @capturedmomentscollective"
1383,1307,"revelspace",2025-10-25,2026-08-17,296,0.5,1,1,"https://www.instagram.com/p/DQNxSwSDN_K/","https://www.instagram.com/p/DcJQjFJgIbN/","catering: @limelightcatering | photographer: @stofferphotographyweddings | planner: @lkeventschicago | rentals: @revel_decor | venue: @revelspace","venue: @revelspace | planner: @revelglobalevents | catering: @limelightcatering | rentals: @revel_decor"
1414,280,"tigerlilyevents",2025-11-04,2025-12-13,39,0.733333,1,1,"https://www.instagram.com/p/DQmtKJJjCL6/","https://www.instagram.com/p/DSL1vUcDMkd/","attire: @alarobe | attire: @indochino | beauty_other: @joannabartistry | beauty_other: @tamaraholdenhair | cake: @bittersweetpastryshop | dj: @toastandjamdjs | florist: @flowersbystem | jeweler: @frankdarling | jeweler: @rebeccaovermannjewelry | musician: @chicagoweddingstrings | photographer: @emullinsphoto | planner: @aelochicago | venue: @tigerlilyevents","venue: @tigerlilyevents | planner: @aelochicago | photographer: @emullinsphoto | florist: @flowersbystem | hair: @tamaraholdenhair | makeup: @joannabartistry | dj: @toastandjamdjs | musician: @chicagoweddingstrings | attire: @alarobe | attire: @indochino | cake: @bittersweetpastryshop | jeweler: @frankdarling | jeweler: @rebeccaovermannjewelry | beauty_other: @joannabartistry | beauty_other: @tamaraholdenhair"
1451,1026,"revelspace",2025-11-11,2026-07-30,261,0.666667,1,1,"https://www.instagram.com/p/DQ43hiOEpF3/","https://www.instagram.com/p/Dba_JxuFUVI/","attire: @dimitrasbridalcouture | attire: @indochino | band: @aragonartists | cake: @ecbg_studio | catering: @limelightcatering | florist: @revel_decor | hair: @rarebirdbeauties | photobooth: @photique.co | photographer: @colettemariephoto | planner: @jenna_rainey | planner: @ohanaeventsinc | transportation: @ridestg | venue: @revelspace | videographer: @brookeanddavid | videographer: @kurtdabarbarian","venue: @revelspace | planner: @ohanaeventsinc | photographer: @colettemariephoto | videographer: @brookeanddavid | florist: @revel_decor | hair: @rarebirdbeauties | musician: @aragonartists | attire: @dimitrasbridalcouture | attire: @indochino | stationery: @emeryanndesign | cake: @ecbg_studio | catering: @limelightcatering | transportation: @ridestg | photobooth: @photique.co | hotel: @westinmichiganavenue"
1484,276,"universityclubofchicago",2025-11-18,2025-12-02,14,0.125,1,1,"https://www.instagram.com/p/DRNP1MZj_DB/","https://www.instagram.com/p/DRxYuEzDz4N/","attire: @wona.bridal | beauty_other: @love_n_lipstick | beauty_other: @makeupbycapri_ | content_creator: @bts_bridal | dj: @djpharaoh | dj: @sparkentgroup | florist: @mayfloral | musician: @midtownstrings | photographer: @candacesimsphoto | planner: @eventswithambiance | venue: @universityclubofchicago","venue: @universityclubofchicago | planner: @aparisevent | photographer: @capturedbyamymichelle | videographer: @poshproductionslv | florist: @mayfloral | makeup: @triciaclarkemakeup | musician: @davidrothsteinmusic"
1491,685,"lshiremarriott",2025-11-19,2026-06-17,210,1,1,1,"https://www.instagram.com/p/DRPzav-CR0Y/","https://www.instagram.com/p/DZsWfjADtpV/","attire: @emanueletuxedo | attire: @pronovias | beauty_other: @bridalartistryteam | cake: @lovinovencakery | dj: @okynemedialab | florist: @flowersbykh | jeweler: @jaredjewelers | officiant: @hitchedbymv | photographer: @emullinsphoto | planner: @rachaelsteacyevents | stationery: @minted | venue: @lshiremarriott","venue: @lshiremarriott | planner: @rachaelsteacyevents | photographer: @emullinsphoto | florist: @flowersbykh | dj: @okynemedialab | attire: @emanueletuxedo | attire: @pronovias | stationery: @minted | cake: @lovinovencakery | officiant: @hitchedbymv | jeweler: @jaredjewelers | beauty_other: @bridalartistryteam"
1492,282,"universityclubofchicago",2025-11-20,2025-12-16,26,0.0909091,1,1,"https://www.instagram.com/p/DRP74aoCOzg/","https://www.instagram.com/p/DSVOI_aicCn/","attire: @blushbridalohio | dj: @felixandfingers | florist: @ebloomingflowers | photographer: @foxandivory | planner: @chelseagildedaisleweddings | planner: @thegildedaisleweddings | rentals: @chaircoversbysylwia | venue: @universityclubofchicago | videographer: @jamesfriel_visuals","venue: @universityclubofchicago | photographer: @maurablackphotography | other: @jae_acsalon"
1497,307,"charcoalfactoryloft",2025-11-21,2026-01-14,54,0.909091,1,1,"https://www.instagram.com/p/DRTPp8eDvyj/","https://www.instagram.com/p/DTf-hiVjl7C/","catering: @vendadorchicago | florist: @tspetalsandink | hair: @makeupbyperlalarios | hotel: @pendrychicago | planner: @bridget_mary_weddings | rentals: @acechicagoevents | rentals: @bbjlavatola | rentals: @hallsrental | transportation: @windycitylimousine | venue: @charcoalfactoryloft","venue: @charcoalfactoryloft | planner: @bridget_mary_weddings | photographer: @thekodakcollective | florist: @tspetalsandink | hair: @makeupbyperlalarios | catering: @vendadorchicago | rentals: @acechicagoevents | rentals: @bbjlavatola | rentals: @hallsrental | transportation: @windycitylimousine | hotel: @pendrychicago"
1522,1307,"revelspace",2025-11-26,2026-08-17,264,0.428571,1,1,"https://www.instagram.com/p/DRgwdgtDvdH/","https://www.instagram.com/p/DcJQjFJgIbN/","catering: @limelightcatering | dj: @funktasticproductions | photographer: @goldenhoursweddings | planner: @clementinechicago | rentals: @revel_decor | venue: @revelspace","venue: @revelspace | planner: @revelglobalevents | catering: @limelightcatering | rentals: @revel_decor"
1532,372,"chicagosymphony",2025-12-02,2026-03-07,95,0.631579,1,1,"https://www.instagram.com/p/DRxGwBikckU/","https://www.instagram.com/p/DVlgFLPDd0G/","attire: @jennyyoonyc | attire: @stuartweitzman | attire: @suitsupply | attire: @suzanneneville | attire: @weddingatelier_nyc | band: @ivcollectiveevents | beauty_other: @rarebirdbeauties | cake: @ecbg_studio | catering: @paramountevents | content_creator: @aforevermore.co | florist: @sugarfieldflowers | jeweler: @personafinejewelry | photobooth: @vista.booth | photographer: @house_mrose | planner: @lovestoryweddingevents | rentals: @dishanddecorvintagerental | rentals: @tablescapeseventrentals | transportation: @windycitylimousine | venue: @chicagosymphony","venue: @chicagosymphony | planner: @lovestoryweddingevents | photographer: @house_mrose | florist: @sugarfieldflowers | band: @ivcollectiveevents | cake: @ecbg_studio | catering: @paramountevents | rentals: @dishanddecorvintagerental | rentals: @tablescapeseventrentals | photobooth: @vista.booth | content_creator: @aforevermore.co | beauty_other: @rarebirdbeauties"
1549,856,"lmstudiochi",2025-12-08,2026-07-14,218,0.714286,1,1,"https://www.instagram.com/p/DR-LV_5jxAQ/","https://www.instagram.com/p/Dax8FRTlZNg/","attire: @mira_couture | beauty_other: @threeonetwobridal | florist: @flowersfordreams | photographer: @ajabelmanphoto | planner: @fiercepros | venue: @lmstudiochi","venue: @lmstudiochi | planner: @fiercepros | photographer: @ajabelmanphoto | attire: @mira_couture | beauty_other: @threeonetwobridal | other: @flowersfordreams"
1551,1163,"thelibraryat190",2025-12-08,2026-08-09,244,0.818182,1,4,"https://www.instagram.com/p/DSAibXdktQp/","https://www.instagram.com/p/Db0w9sqhSCO/ | https://www.instagram.com/p/Db1JABnk33k/ | https://www.instagram.com/p/Db1Mb3Hkx51/ | https://www.instagram.com/p/DcKbYbYMZVs/","attire: @laurybride | cake: @flourishcakedesign | catering: @fftchicago | dj: @sparkentgroup | florist: @valeofenna | photobooth: @sparkentgroup | photographer: @albanycapture | planner: @birdcageandblushersweddings | stationery: @adorablestationery | venue: @thelibraryat190","venue: @thelibraryat190 | planner: @birdcageandblushersweddings | planner: @birdscageandblusherswedding | photographer: @albanycapture | florist: @valeofenna | dj: @sparkentgroup | attire: @laurybride | stationery: @adorablestationery | cake: @flourishcakedesign | catering: @fftchicago"
1565,378,"loftonlake",2025-12-11,2026-03-09,88,0.5,1,1,"https://www.instagram.com/p/DSGabtWD46m/","https://www.instagram.com/p/DVq9qJGlDzy/","beauty_other: @chicagobridalartists | cake: @ecbg_studio | catering: @cateredbydesign | content_creator: @socialbridescollective | dj: @djpharaoh | florist: @floristhounddesign | officiant: @lizraeandco | photobooth: @vista.booth | photographer: @cristinagphoto | planner: @lovestoryweddingevents | rentals: @bbjlatavola | rentals: @tablescapeseventrentals | stationery: @minted | venue: @loftonlake | videographer: @theklmedia","venue: @loftonlake | planner: @lovestoryweddingevents | photographer: @cristinagphoto | videographer: @brandonwilsonfilms | videographer: @socialbridescollective | videographer: @theklmedia | florist: @floristhounddesign | dj: @royalraves | attire: @eleganceindiana | catering: @cateredbydesign | rentals: @bbjlatavola | rentals: @tablescapeseventrentals | photobooth: @vista.booth | officiant: @lizraeandco | beauty_other: @chicagobridalartists | other: @cocktail_evolution | other: @rosemaryfanti | other: @westloopdognanny"
1591,1309,"harristheaterchicago",2025-12-16,2026-08-17,244,0.588235,1,1,"https://www.instagram.com/p/DSU0RujjbTj/","https://www.instagram.com/p/DcJQiB9EVz_/","attire: @bridalreflectionsny | attire: @galialahav | attire: @theweddingdresser | band: @elis.band | cake: @ecbg_studio | catering: @limelightcatering | content_creator: @socialbridescollective | dj: @djmetro16 | dj: @johnvincentlive | hair: @cutsbyamanda | makeup: @rarebirdbeauties | photobooth: @bugbooth | photographer: @kylejohnphoto | planner: @lolaeventpros | planner: @lolamichellev | rentals: @bbjlatavola | rentals: @brittanieahrens | rentals: @hmrdesigns | rentals: @nuagedesignsinc | rentals: @thefestivefrog | stationery: @impress_designstudio | transportation: @ridestg | transportation: @waytogolimousine | transportation: @windycitylimousine | venue: @harristheaterchicago | videographer: @highway61films","venue: @harristheaterchicago | planner: @lolaeventpros | planner: @lolamichellev | photographer: @kylejohnphoto | videographer: @highway61films | videographer: @socialbridescollective | hair: @cutsbyamanda | hair: @hairbyamandakosiek | makeup: @rarebirdbeauties | dj: @djmetro16 | dj: @johnvincentlive | dj: @successful_twan | band: @elis.band | musician: @elis.band | attire: @bridalreflectionsny | attire: @galialahav | attire: @theweddingdresser | stationery: @impress_designstudio | cake: @ecbg_studio | catering: @binnysbev | catering: @limelightcatering | rentals: @bbjlatavola | rentals: @brittanieahrens | rentals: @hmrdesigns | rentals: @nuagedesignsinc | rentals: @thefestivefrog | transportation: @ridestg | transportation: @waytogolimousine | transportation: @windycitylimousine | photobooth: @bugbooth | content_creator: @socialbridescollective | other: @frostchicago | other: @impress_designstudio | other: @vipvaletservice"
1609,535,"ovationchicago",2025-12-22,2026-05-14,143,0.538462,1,1,"https://www.instagram.com/p/DSjTKrZkkF6/","https://www.instagram.com/p/DYVCbatkaX2/","beauty_other: @elleartistryllc | catering: @bigdeliciousplanet | dj: @stylemattersdjs | florist: @romeewillowflorals | musician: @midtownstrings | photobooth: @ovationchicago | photographer: @kearneyraephoto | planner: @bustleandlace | transportation: @chicagocloud9limos | venue: @ovationchicago","venue: @ovationchicago | florist: @romeewillowflorals | dj: @stylemattersdjs | musician: @midtownstrings | attire: @bustleandlace | catering: @4starrestaurantgroup | catering: @bigdeliciousplanet | transportation: @chicagocloud9limos | beauty_other: @elleartistryllc | other: @tucoandblondie"
1612,238,"lacuna2150",2025-12-23,2025-10-10,74,0.333333,1,1,"https://www.instagram.com/p/DSnUJUiDtGy/","https://www.instagram.com/p/DPokFgYjrGB/","attire: @graceandivoryofficial | attire: @menswearhouse | beauty_other: @bridalartistryteam | cake: @vanillechicago | catering: @lmcateringchi | dj: @cageandaquarium | florist: @crescostems | hotel: @cpwestloop | jeweler: @brilliantearth | jeweler: @ethanlord_jewelers | photographer: @emullinsphoto | planner: @firmlyrootedevents | transportation: @midwesttransitsystem | venue: @lacuna2150 | venue: @lacunaloftevents","venue: @lacuna2150 | venue: @lacunaloftevents | planner: @firmlyrootedevents | florist: @crescostems | attire: @graceandivoryofficial"
1622,486,"the.arbory",2025-12-29,2026-04-30,122,0.538462,1,1,"https://www.instagram.com/p/DS2rwujjuux/","https://www.instagram.com/p/DXxXI97jv54/","attire: @indochino | attire: @indochinoweddings | attire: @loulettebride | beauty_other: @blushandbraidsbeautybar | catering: @lulacafeevents | dj: @goldnoisedjs | florist: @f4dweddings | florist: @flowersfordreams | officiant: @lizraeandco | photographer: @madiellisphoto | planner: @nyeventschicago | venue: @the.arbory","venue: @the.arbory | planner: @nyeventschicago | photographer: @madiellisphoto | florist: @f4dweddings | florist: @flowersfordreams | dj: @goldnoisedjs | catering: @lulacafeevents | beauty_other: @blushandbraidsbeautybar | other: @nyeventschicago"
1629,282,"universityclubofchicago",2025-12-31,2025-12-16,15,0.0588235,1,1,"https://www.instagram.com/p/DS6eRg2EhuA/","https://www.instagram.com/p/DSVOI_aicCn/","attire: @birdygrey | attire: @lbrbridal | attire: @theblacktux | band: @tvkmusic | catering: @universityclubofchicago | florist: @romeewillowflorals | hair: @diemangiebeautyteam | hotel: @universityclubofchicago | makeup: @jasonvbeauty | photobooth: @pixsterchicago | photographer: @stephanie_lang_photography_ | planner: @ohanaeventsinc | rentals: @tablescapes_ | transportation: @chicagocloud9limos | venue: @universityclubofchicago","venue: @universityclubofchicago | photographer: @maurablackphotography | other: @jae_acsalon"
1630,1181,"salon61events",2026-01-01,2026-08-10,221,0.538462,1,1,"https://www.instagram.com/p/DS9HRIzDXsz/","https://www.instagram.com/p/Db39NSWByAx/","florist: @housefinchfloral | hair: @fearlessandbella | hotel: @westinchicagorivernorth | makeup: @makeupbyrosie1 | makeup: @shannicat | makeup: @shannonobrienweddings | musician: @midtownstrings | photographer: @daniellerosephoto | planner: @firmlyrootedevents | venue: @salon61events","venue: @salon61events | photographer: @daniellerosephoto | florist: @housefinchfloral | hair: @fearlessandbella | makeup: @shannonobrienweddings | musician: @midtownstrings | hotel: @westinchicagorivernorth | other: @bb_myenza | other: @divinemarissa | other: @firmlyrootedevents"
1647,1125,"tigerlilyevents",2026-01-08,2026-08-06,210,0.785714,1,1,"https://www.instagram.com/p/DTOU5Y7kvq2/","https://www.instagram.com/p/DbtOXeRm7t7/","catering: @entertaining_co | dj: @thedjfirm | florist: @revel_decor | hair: @eringrahamhair | makeup: @rw.browandmakeup | makeup: @shannonobrienweddings | photographer: @saramyersphotography | planner: @kandkcelebrates | rentals: @bbjlatavola | transportation: @chicagocloud9limos | venue: @tigerlilyevents | videographer: @amorellaevents","venue: @tigerlilyevents | planner: @kandkcelebrates | photographer: @saramyersphotography | florist: @revel_decor | hair: @eringrahamhair | makeup: @rw.browandmakeup | makeup: @shannonobrienweddings | dj: @thedjfirm | catering: @entertaining_co | rentals: @bbjlatavola | transportation: @chicagocloud9limos | hotel: @thegwenchicago | content_creator: @amorellaevents"
1666,362,"chicagoilluminatingcompany",2026-01-14,2026-02-27,44,0.571429,1,1,"https://www.instagram.com/p/DTeOditDaHd/","https://www.instagram.com/p/DVPgVhHDdtj/","attire: @amsale | attire: @bellabiancabridalcouture | catering: @entertaining_co | content_creator: @aforevermore.co | dj: @okynemedialab | florist: @studio_poppy | hair: @eringrahamhair | photographer: @goldenhoursweddings | planner: @lionheartedevents | venue: @chicagoilluminatingcompany","venue: @chicagoilluminatingcompany | planner: @lionheartedevents | photographer: @goldenhoursweddings | videographer: @aforevermore.co | florist: @studio_poppy | hair: @eringrahamhair | dj: @okynemedialab | attire: @amsale | attire: @bellabiancabridalcouture | catering: @entertaining_co | content_creator: @aforevermore.co | other: @frostchicago | other: @joeysoluvly | other: @studio_poppy"
1668,766,"theblackstonehotel",2026-01-14,2026-06-30,167,0.846154,1,1,"https://www.instagram.com/p/DTfyRNuANXS/","https://www.instagram.com/p/DaNiMaQjy_b/","attire: @dimitrasbridalcouture | dj: @solaria.strings | florist: @housefinchfloral | hair: @suitebridget | makeup: @giselledozier | photographer: @brookeanddavid | planner: @reverieandcoevents | rentals: @tablescapeseventrentals | stationery: @_artofdane_ | venue: @theblackstonehotel | videographer: @socialbridescollective","venue: @theblackstonehotel | planner: @reverieandcoevents | photographer: @brookeanddavid | videographer: @socialbridescollective | florist: @housefinchfloral | hair: @suitebridget | makeup: @giselledozier | dj: @solaria.strings | attire: @dimitrasbridalcouture | stationery: @_artofdane_ | rentals: @tablescapeseventrentals | other: @_bethswansonart_ | other: @ldeventsdecor"
1671,748,"fairliechicago",2026-01-15,2026-06-28,164,0.5,1,1,"https://www.instagram.com/p/DTgKqVhiUbO/","https://www.instagram.com/p/DaIe_gaMW1I/","beauty_other: @rarebirdbeauties | catering: @sweetbabyrayscatering | catering: @truecuisine | dj: @partyvibeonline | photographer: @samschultzphotography | planner: @fiercepros | rentals: @atmosphereeventsgroup | stationery: @fiercepros | venue: @fairliechicago","venue: @fairliechicago | photographer: @samschultzphotography | catering: @partyvibeonline | catering: @sweetbabyrayscatering | catering: @truecuisine | rentals: @atmosphereeventsgroup | beauty_other: @rarebirdbeauties | other: @fiercepros | other: @findsoundmind"
1685,286,"lacunaloftevents",2026-01-17,2025-12-19,29,0.25,4,1,"https://www.instagram.com/p/DT2bsT8D1Z1/ | https://www.instagram.com/p/DTm9GWXFTsr/ | https://www.instagram.com/p/DTusSSJiMEt/ | https://www.instagram.com/p/DUYDh6tlXJz/","https://www.instagram.com/p/DSck7qEjjBc/","cake: @vanillechicago | catering: @lmcateringchi | florist: @yjdecorating | hair: @blushandbraidsbeautybar | photographer: @bozenavoytkophotography | planner: @stunningandbrilliantevents | venue: @lacunaloftevents","venue: @lacunaloftevents | planner: @aelochicago | photographer: @thestilllifephotos | florist: @dahliabloomschi | band: @bluewaterkingsband | cake: @vanillechicago | catering: @lmcateringchi | beauty_other: @beautybyannkrause"
1688,341,"interconchicago",2026-01-19,2026-02-12,24,0.0434783,1,1,"https://www.instagram.com/p/DTq8JRYkQa1/","https://www.instagram.com/p/DUqdwy9jTAy/","attire: @bridalreflectionsny | attire: @customsuitsyou | attire: @kimkassascouture | attire: @theweddingdresser | cake: @cake_chicago | florist: @atmosphereeventsgroup | hair: @goldenbridaldesign | musician: @toastandjamdjs | photographer: @megansaulphotography | planner: @cygneteventsanddesign | rentals: @arcanarentals | rentals: @bbjlatavola | stationery: @noraobrienstudio | stationery: @steraclepress | venue: @interconchicago","venue: @interconchicago | planner: @simplyelegantxo | photographer: @audreysimperphoto | videographer: @gordino_photoandvideo | florist: @flowersfordreams | dj: @milkmajer | attire: @lihihod | cake: @bittersweetpastryshop | other: @suitsupply"
1702,372,"chicagosymphony",2026-01-22,2026-03-07,44,0.583333,1,1,"https://www.instagram.com/p/DTym2B5jDTq/","https://www.instagram.com/p/DVlgFLPDd0G/","catering: @paramountevents | florist: @sugarfieldflowers | photographer: @house_mrose | planner: @lovestoryweddingevents | rentals: @dishanddecorvintagerental | rentals: @tablescapeseventrentals | venue: @chicagosymphony","venue: @chicagosymphony | planner: @lovestoryweddingevents | photographer: @house_mrose | florist: @sugarfieldflowers | band: @ivcollectiveevents | cake: @ecbg_studio | catering: @paramountevents | rentals: @dishanddecorvintagerental | rentals: @tablescapeseventrentals | photobooth: @vista.booth | content_creator: @aforevermore.co | beauty_other: @rarebirdbeauties"
1703,302,"sarabandechicago",2026-01-22,2026-01-08,14,0.166667,1,1,"https://www.instagram.com/p/DTyrW80mB6O/","https://www.instagram.com/p/DTRHK-riaXW/","hair: @goldplaited_ | planner: @burstweddings | venue: @sarabandechicago | videographer: @chicagofilmcompany","venue: @sarabandechicago | photographer: @mackjulion | florist: @dahliabloomschi"
1728,351,"riverroomchicago",2026-01-27,2026-02-22,26,0.0833333,1,3,"https://www.instagram.com/p/DUBYYmAjhsH/","https://www.instagram.com/p/DVECnV9kZJD/ | https://www.instagram.com/p/DVocWXficKo/ | https://www.instagram.com/p/DVYs6daDdhD/","attire: @formallymodern_chicago | attire: @rhylanlangbridal | cake: @barry_sweets | cake: @palmercandyco | catering: @woodenpaddle | dj: @best.life.entertainment | hair: @valerie.salondj | makeup: @joeysoluvly | photographer: @madiellisphoto | planner: @agirlaboutweddings | planner: @ohanaeventsinc | venue: @riverroomchicago | videographer: @karenlouisedocumentaries","venue: @riverroomchicago | planner: @capstoneoccasions | photographer: @sandraortizphotography | videographer: @acg_productions | florist: @aseverflorals | dj: @magsinomobile | cake: @barry_sweets | catering: @jordansfoodofdistinction | rentals: @bbjlatavola | rentals: @tablescapeseventrentals | photobooth: @inlightphotobooths | other: @eeeventco | other: @lainetoo"
1744,1225,"rockwellontheriver",2026-02-02,2026-08-13,192,0.333333,1,1,"https://www.instagram.com/p/DUOf5y1j9Ol/","https://www.instagram.com/p/Db_Ap2cBPNf/","catering: @bokacateringchicago | florist: @kehoedesigns | florist: @nicolette325 | musician: @funktasticproductions | planner: @noraeventschicago | rentals: @bbjlatavola | venue: @rockwellontheriver | videographer: @jtel29 | videographer: @oakhouseweddingfilms","venue: @rockwellontheriver | photographer: @morganmcintire_ | videographer: @oakhouseweddingfilms | florist: @kehoedesigns | florist: @nicolette325 | hair: @emilyraebridalhair | makeup: @alyssadianamakeup | dj: @funktasticproductions | cake: @sugarblisscakes | catering: @bokacateringchicago | rentals: @bbjlatavola | hotel: @pendrychicago | jeweler: @noraeventschicago | content_creator: @jtel29 | other: @chameleonchaircollection"
1749,301,"sarabandechicago",2026-02-04,2026-01-07,28,0.230769,1,1,"https://www.instagram.com/p/DUUMDsuldSu/","https://www.instagram.com/p/DTN7dgOj16W/","attire: @honey_bridal | beauty_other: @rarebirdbeauties | catering: @lulacafeevents | dj: @stylemattersdjs | florist: @thistleandplume | photobooth: @sarabandechicago | photographer: @winterlyn_photography | planner: @bustleandlace | venue: @sarabandechicago","venue: @sarabandechicago | planner: @bustleandlace | photographer: @tamarapatel_photography | videographer: @wholeheartvideo | florist: @urbanallureevents | dj: @stylemattersdjs | catering: @tamalespaceship"
1753,893,"thewellsley",2026-02-04,2026-07-17,163,0.416667,1,1,"https://www.instagram.com/p/DUV3s3CFiXx/","https://www.instagram.com/p/Da6WL0RtkBG/","content_creator: @socialbridescollective | dj: @djsikwitit | dj: @sparkentgroup | florist: @seededeventsanddesign | hair: @nichebeauty.bykaedi | photographer: @andreagodfreyphotography | planner: @rosannacoweddings | venue: @thewellsley","venue: @thewellsley | planner: @rosannacoweddings | photographer: @andreagodfreyphotography | florist: @seededeventsanddesign | makeup: @marissas_makeuplan | attire: @balanicustom | attire: @bertabridal | cake: @kdot_989 | content_creator: @socialbridescollective"
1757,503,"artifacteventschicago",2026-02-05,2026-05-05,89,0.846154,1,1,"https://www.instagram.com/p/DUYlg98kbNw/","https://www.instagram.com/p/DX95_KckRew/","attire: @aliceinivorybridal | attire: @theblacktux | cake: @bittersweetpastryshop | catering: @heartyboys | dj: @revrb_sound | florist: @stevesflowermarket | hotel: @ambassadorchicago | photographer: @nicholebabiezphotography | planner: @bluemooneventschicago | rentals: @tablescapeseventrentals | venue: @artifacteventschicago","venue: @artifacteventschicago | planner: @bluemooneventschicago | photographer: @nicholebabiezphotography | florist: @stevesflowermarket | dj: @revrb_sound | attire: @aliceinivorybridal | attire: @theblacktux | cake: @bittersweetpastryshop | catering: @heartyboys | rentals: @tablescapeseventrentals | hotel: @ambassadorchicago | other: @loumalnatis | other: @rarebirdbeauties"
1764,779,"thegeraghty",2026-02-07,2026-07-02,145,0.333333,1,1,"https://www.instagram.com/p/DUbeHmxAbKl/","https://www.instagram.com/p/DaSylTOEXvI/","photographer: @studiothisisphotography | planner: @sostacyevents | venue: @thegeraghty","venue: @thegeraghty | planner: @sostacyevents | photographer: @iambenramos | other: @blackoak.tech | other: @meredith_blackoak"
1772,544,"chicagomuseumevents",2026-02-09,2026-05-17,97,0.555556,1,1,"https://www.instagram.com/p/DUi9C_VDpbh/","https://www.instagram.com/p/DYdOLxfoNT4/","beauty_other: @bsansostiartistry | florist: @crescostems | musician: @cloudgatequartet | photographer: @rachelandradephoto | venue: @chicagomuseumevents | videographer: @oldnorthfilmco","venue: @chicagomuseumevents | planner: @ohanaeventsinc | photographer: @rachelandradephoto | videographer: @oldnorthfilmco | florist: @crescostems | dj: @soundsaboundtonyho | catering: @blueplatechicago | beauty_other: @bsansostiartistry"
1790,922,"chicagoathletichotel",2026-02-13,2026-07-21,158,0.5625,1,1,"https://www.instagram.com/p/DUrEF6rkeSY/","https://www.instagram.com/p/DbEhXY5ltJJ/","attire: @kleinfeldbridal | attire: @mikaellabridal | attire: @tailorcooperative | band: @beatmixchicago | cake: @cake_chicago | florist: @ev.designcollective | photographer: @joywlane | photographer: @studiothisisphotography | planner: @lolaeventpros | planner: @lolaloristephenson | rentals: @bbjlatavola | rentals: @nuagedesignsinc | stationery: @steraclepress | venue: @chicagoathletichotel | videographer: @highway61films","venue: @chicagoathletichotel | planner: @lolaeventpros | planner: @lolaloristephenson | photographer: @joywlane | photographer: @studiothisisphotography | videographer: @highway61films | dj: @beatmixchicago | stationery: @steraclepress | rentals: @bbjlatavola | rentals: @nuagedesignsinc"
1819,363,"maedistrict",2026-02-19,2026-03-02,11,0.40625,1,1,"https://www.instagram.com/p/DU6lbNbCSgE/","https://www.instagram.com/p/DVZddFLjv-K/","catering: @annadittonsolares | catering: @fftchicago | dj: @elegantsoundandlighting | photographer: @erinhoytphotography | planner: @lolaeventpros | rentals: @bbjlatavola | rentals: @brittanieahrens | rentals: @hallsrental | rentals: @hmrdesigns | rentals: @lolavalentinadesigns | rentals: @nuagedesignsinc | stationery: @steraclepress | venue: @maedistrict","venue: @maedistrict | planner: @lolaeventpros | photographer: @erinhoytphotography | videographer: @hwustudios | dj: @elegantsoundandlighting | attire: @eisen.stein.bridal | attire: @markingramatelier | stationery: @steraclepress | cake: @ecbg_studio | catering: @annadittonsolares | catering: @fftchicago | rentals: @bbjlatavola | rentals: @brittanieahrens | rentals: @hallsrental | rentals: @hmrdesigns | rentals: @lolavalentinadesigns | rentals: @nuagedesignsinc | transportation: @ridestg | photobooth: @shutterboothchicago | jeweler: @barbaraparkerfinejewelry | jeweler: @bluenilediamond | jeweler: @brilliantearth | beauty_other: @bsansostiartistry | beauty_other: @hairandmakeupbygabe | other: @averieofficial | other: @dsap32 | other: @emanueletuxedo | other: @frostchicago | other: @gibsonssteakhouse | other: @minghinchicago | other: @sophiawebster | other: @studiosuits"
1836,1142,"revelspace",2026-02-23,2026-08-07,165,0.363636,2,1,"https://www.instagram.com/p/DVFFx11oEqW/ | https://www.instagram.com/p/DVJ82nREQ7D/","https://www.instagram.com/p/Dbvj5qthbf0/","beauty_other: @rarebirdbeauties | cake: @deflouredbakery | dj: @thedjfirm | florist: @revel_decor | photobooth: @snapboothchicago | photographer: @studiothisisphotography | planner: @bigcitybride | venue: @revelspace","venue: @revelspace | planner: @bigcitybride | photographer: @studiothisisphotography | videographer: @wearewholehearted | catering: @limelightcatering | beauty_other: @rarebirdbeauties | other: @frostchicago"
1857,1163,"thelibraryat190",2026-02-27,2026-08-09,163,0.818182,1,4,"https://www.instagram.com/p/DVPf7bXCFV-/","https://www.instagram.com/p/Db0w9sqhSCO/ | https://www.instagram.com/p/Db1JABnk33k/ | https://www.instagram.com/p/Db1Mb3Hkx51/ | https://www.instagram.com/p/DcKbYbYMZVs/","attire: @laurybride | cake: @flourishcakedesign | catering: @fftchicago | dj: @sparkentgroup | florist: @valeofenna | photobooth: @sparkentgroup | photographer: @albanycapture | planner: @birdcageandblushersweddings | stationery: @adorablestationery | venue: @thelibraryat190","venue: @thelibraryat190 | planner: @birdcageandblushersweddings | planner: @birdscageandblusherswedding | photographer: @albanycapture | florist: @valeofenna | dj: @sparkentgroup | attire: @laurybride | stationery: @adorablestationery | cake: @flourishcakedesign | catering: @fftchicago"
1885,808,"chicagomuseumevents",2026-03-07,2026-07-07,122,0.533333,1,1,"https://www.instagram.com/p/DVkJx_5Cbts/","https://www.instagram.com/p/DafpiIskSVg/","attire: @dimitrasbridalcouture | attire: @ivanyongcouture | hair: @glamatelierchicago | jeweler: @adelaidefinejewelry | makeup: @glamatelierchicago | photographer: @devaephotography | planner: @reverieandcoevents | venue: @chicagomuseumevents | videographer: @forgetmenot.arts | videographer: @unveiltheday_","venue: @chicagomuseumevents | planner: @reverieandcoevents | photographer: @devaephotography | videographer: @forgetmenot.arts | videographer: @unveiltheday_ | florist: @fleurishatelier | hair: @glamatelierchicago | attire: @dimitrasbridalcouture | attire: @leegrebenau | cake: @danielas___delights | jeweler: @adelaidefinejewelry | other: @mikaela_musial | other: @styling_by_ace"
1895,1120,"fschicago",2026-03-10,2026-08-06,149,0.619048,1,1,"https://www.instagram.com/p/DVr_W6bDiZz/","https://www.instagram.com/p/DbtslrxCYgt/","band: @westcoastmusicevents | beauty_other: @cade.cosmetics | beauty_other: @shannonobrienweddings | dj: @jerzymuzik | dj: @stagefactor | hair: @hairbyerinahern | musician: @goldcoastevents | photographer: @alexandersattler | photographer: @iamaaronbean | photographer: @spoonphotodesign | planner: @designereventchicago | planner: @lindsaystein | rentals: @nuagedesignsinc | venue: @fschicago","venue: @fschicago | planner: @designereventchicago | planner: @lindsaystein | photographer: @alexandersattler | photographer: @iamaaronbean | photographer: @spoonphotodesign | hair: @hairbyerinahern | dj: @jerzymuzik | dj: @stagefactor | musician: @goldcoastevents | musician: @westcoastmusicevents | rentals: @nuagedesignsinc | beauty_other: @cade.cosmetics | beauty_other: @shannonobrienweddings | other: @charlie_hilbrant | other: @frostchicago | other: @liquidskylaser | other: @magicandcocktails | other: @rishithedesigner | other: @theweddingdresser"
1949,963,"fairliechicago",2026-03-20,2026-07-25,127,0.375,1,1,"https://www.instagram.com/p/DWFTSFNDXB0/","https://www.instagram.com/p/DbOkdugB2Jk/","photographer: @samschultzphotography | planner: @fiercepros | rentals: @atmosphereeventsgroup | venue: @fairliechicago","venue: @fairliechicago | planner: @fiercepros | photographer: @samschultzphotography | beauty_other: @rarebirdbeauties | other: @findsoundmind | other: @michael.and.kristin | other: @partyvibeonline"
1960,445,"morgansonfulton",2026-03-23,2026-04-14,22,0.2,1,1,"https://www.instagram.com/p/DWOzAj2t6aH/","https://www.instagram.com/p/DXGGFUSjeUE/","dj: @grooveisintheheartdjs | florist: @thistleandplume | hair: @rarebirdbeauties | photographer: @emmapetersenphoto | planner: @bridget_mary_weddings | venue: @morgansonfulton","venue: @morgansonfulton | photographer: @marktrelaphotography | florist: @thistleandplume | dj: @someguysdj | photobooth: @cammiphotobooth | other: @angieluevents"
1961,983,"sarabandechicago",2026-03-23,2026-07-27,126,0.363636,1,1,"https://www.instagram.com/p/DWPFCgkjp86/","https://www.instagram.com/p/DbTqKxbFihW/","attire: @aisle_and_veil | attire: @christianlouboutin | cake: @bada_bakery | dj: @stylemattersdjs | florist: @thedecordirectory | hair: @kass.bridal | makeup: @makeupwithsandyg | photographer: @thekodakcollective | planner: @eventsbyrmh | venue: @sarabandechicago | videographer: @kevincleephoto","venue: @sarabandechicago | planner: @eventsbyrmh | photographer: @thekodakcollective | attire: @aisle_and_veil"
1988,1091,"loftlucia",2026-03-30,2026-08-04,127,0.307692,1,1,"https://www.instagram.com/p/DWfCn9vFFi_/","https://www.instagram.com/p/DbmWgRilM8K/","attire: @birdygrey | attire: @enzocustom | attire: @jennyyoonyc | attire: @theblacktux | catering: @maisoncuisinechicago | dj: @sparkentgroup | florist: @theflowergirlcompany | hotel: @guestreservations | photographer: @stephanieparshallphotography | rentals: @tablescapeseventrentals | venue: @loftlucia","venue: @loftlucia | photographer: @stephanieparshallphotography | dj: @sparkentgroup | catering: @maisoncuisinechicago | other: @bweid173 | other: @kingkwame001"
1989,402,"palmerhousehilton",2026-03-30,2026-03-24,6,0.111111,1,1,"https://www.instagram.com/p/DWfiOlAAM84/","https://www.instagram.com/p/DWRb3AFjcJu/","catering: @indiahouserestaurants | dj: @djsunnysinghuk | florist: @lafleur.decor | hair: @sonistyled | photographer: @sallyodonnellphotography | planner: @sabrinahansevents | venue: @palmerhousehilton","venue: @palmerhousehilton | planner: @lovestoryweddingevents | florist: @floristhounddesign"
1990,419,"morgan.mfg",2026-03-30,2026-04-01,2,0.1,1,2,"https://www.instagram.com/p/DWf2ZpIFO18/","https://www.instagram.com/p/DWmJCuAlUZb/ | https://www.instagram.com/p/DXcehylj7Jo/","cake: @ecbg_studio | catering: @bokacateringchicago | dj: @djmegantaylor | florist: @lifeinbloom | hair: @danigarciamua | photobooth: @whitetiemodern | photographer: @laurenashleystudios | planner: @steeniefurls | venue: @morgan.mfg","venue: @morgan.mfg | planner: @bethbernstein.events | photographer: @stofferphotographyweddings | dj: @arlenmusicproductions | attire: @theweddingdresser | stationery: @steraclepress | cake: @ecbg_studio | catering: @fftchicago | rentals: @bbjlatavola | rentals: @hallsrental | rentals: @thefestivefrog | beauty_other: @bsansostiartistry | beauty_other: @liviacaporalehair"
1994,478,"chicagoilluminatingcompany",2026-03-31,2026-04-28,28,0.0625,1,1,"https://www.instagram.com/p/DWhy_rzDUdx/","https://www.instagram.com/p/DXsaklaDSL3/","attire: @randyfenoli | attire: @vollesbridal | florist: @fleurinc | hair: @hairbyalexday | makeup: @kellylabanco_mua | photographer: @sallyodonnellphotography | planner: @thegildedaisleweddings | venue: @chicagoilluminatingcompany | videographer: @grovefilm","venue: @chicagoilluminatingcompany | planner: @sustainablesoirees | photographer: @cassieannaphotography | florist: @flowersbykh | hair: @hairbyramsay | makeup: @bridesbydenise | dj: @okynemedialab | catering: @violas.kitchen"
2022,1120,"fschicago",2026-04-06,2026-08-06,122,0.590909,2,1,"https://www.instagram.com/p/DWzH4oJjjlR/ | https://www.instagram.com/p/DXj36fBDlhS/","https://www.instagram.com/p/DbtslrxCYgt/","band: @westcoastmusicevents | beauty_other: @cade.cosmetics | beauty_other: @shannonobrienweddings | dj: @jerzymuzik | dj: @stagefactor | hair: @hairbyerinahern | musician: @goldcoastevents | photographer: @alexandersattler | photographer: @iamaaronbean | photographer: @kentdrakephoto | photographer: @spoonphotodesign | planner: @designereventchicago | planner: @lindsaystein | rentals: @nuagedesignsinc | venue: @fschicago","venue: @fschicago | planner: @designereventchicago | planner: @lindsaystein | photographer: @alexandersattler | photographer: @iamaaronbean | photographer: @spoonphotodesign | hair: @hairbyerinahern | dj: @jerzymuzik | dj: @stagefactor | musician: @goldcoastevents | musician: @westcoastmusicevents | rentals: @nuagedesignsinc | beauty_other: @cade.cosmetics | beauty_other: @shannonobrienweddings | other: @charlie_hilbrant | other: @frostchicago | other: @liquidskylaser | other: @magicandcocktails | other: @rishithedesigner | other: @theweddingdresser"
2029,394,"post433events",2026-04-08,2026-03-20,19,0.0526316,1,1,"https://www.instagram.com/p/DW36y92APwj/","https://www.instagram.com/p/DWHkAtDkT3_/","attire: @bellabridesmaids | attire: @dimitrasbridalcouture | attire: @generationtux | attire: @suitsupply | cake: @sweetmandybs | catering: @ashyanacatering | catering: @fitoorcatering | dj: @djflo05 | florist: @lavenderfieldsflorist | hair: @glamatelierchicago | hotel: @fancyaafrican | hotel: @jwarriottchi | hotel: @saaniyaafenya | musician: @divisistrings | photographer: @arielle.peters | planner: @southwind.events | rentals: @mmeventplanners | stationery: @dejamakes.weddings | transportation: @midwesttransitsystem | venue: @post433events | videographer: @laurenschontafilms","venue: @post433events | venue: @trivolitavern | planner: @lovestoryweddingevents | photographer: @laurenalatriste | florist: @lavenderfieldsflorist | hair: @meganschnellhair | makeup: @byaeris | makeup: @itstmarieg | band: @bluewaterkingsband | attire: @bellebridalatelier | attire: @daniellefrankelbride | attire: @jimmychoo | attire: @theweddingdresser | attire: @zenga | catering: @amazingediblescatering | transportation: @chicagocloud9limos | jeweler: @cdpeacock | content_creator: @socialbridescollective | other: @kdornbier"
2041,1209,"chicagowinery",2026-04-10,2026-08-12,124,0.8,1,1,"https://www.instagram.com/p/DXHezKijaQwWu2lpWlWn_-DY4_YCEtSPuhScMw0/","https://www.instagram.com/p/Db9RusaI35P/","dj: @mattroan | florist: @yourdayfloral | hair: @bridalartistryteam | makeup: @makeupby_alexcaputi | photographer: @allisonbrookephotography_ | photographer: @lamkinscreativephotography | photographer: @weddingcontentbykim | planner: @chelseagildedaisleweddings | venue: @chicagowinery","venue: @chicagowinery | planner: @chelseagildedaisleweddings | photographer: @allisonbrookephotography_ | photographer: @lamkinscreativephotography | videographer: @weddingcontentbykim | florist: @yourdayfloral | hair: @bridalartistryteam | makeup: @makeupby_alexcaputi | dj: @mattroan"
2045,440,"bridgeportartcenter",2026-04-10,2026-04-12,2,0.125,1,1,"https://www.instagram.com/p/DW8AmWNjQ2U/","https://www.instagram.com/p/DXCszMyEVIx/","catering: @cateredbydesign | dj: @dj_luniks | dj: @luniksentertainment | florist: @yourdayfloral | hair: @bridalartistryteam | hotel: @loewschicagohotel | photographer: @mayahleephotography | planner: @bridget_mary_weddings | rentals: @art_imagination | venue: @bridgeportartcenter","venue: @bridgeportartcenter | planner: @theeventchi | photographer: @thisisfeeling | videographer: @bonitosrecuerdos | florist: @thrivefloraldesigns | dj: @luniksentertainment | other: @art_imagination | other: @venuelogic"
2060,532,"firehousechicago",2026-04-14,2026-05-14,30,0.75,1,1,"https://www.instagram.com/p/DXFm7OykbiO/","https://www.instagram.com/p/DYVdzjfkWMq/","attire: @silvermoonchicago | catering: @oneoffhospitality | florist: @annaheldfloralstudio | hair: @_hairbyabi | photographer: @megansaulphotography | venue: @firehousechicago","venue: @firehousechicago | photographer: @megansaulphotography | florist: @annaheldfloralstudio | hair: @_hairbyabi | attire: @silvermoonchicago | catering: @oneoffhospitality | other: @cageandaquarium | other: @goldplaited_"
2061,587,"ulcchicago",2026-04-14,2026-05-26,42,0.8,1,1,"https://www.instagram.com/p/DXHGVy1Djwr/","https://www.instagram.com/p/DY0cLmdjpw5/","attire: @mariegabrielcouturebridal | attire: @mira_couture | attire: @verawanggang | cake: @bittersweetpastryshop | dj: @sparkentgroup | florist: @cjeflowers | hair: @ranniamaria | makeup: @nia.dynasty | photographer: @berlez | planner: @cjjanda | stationery: @chitownlbrown | venue: @ulcchicago | videographer: @aspenavenuestudios","venue: @ulcchicago | planner: @cjjanda | photographer: @berlez | videographer: @aspenavenuestudios | florist: @cjeflowers | hair: @ranniamaria | makeup: @nia.dynasty | dj: @sparkentgroup | band: @sparkentgroup | attire: @mariegabrielcouturebridal | attire: @mira_couture | attire: @verawanggang | stationery: @chitownlbrown | cake: @bittersweetpastryshop | content_creator: @robertnoiastyle"
2083,481,"tigerlilyevents",2026-04-19,2026-04-29,10,0.2,1,2,"https://www.instagram.com/p/DXSvK7nEoeV/","https://www.instagram.com/p/DXuiLDZFIcp/ | https://www.instagram.com/p/DYU_RU4kYb-/","florist: @f4dweddings | planner: @plan_and_gather_events | venue: @tigerlilyevents","venue: @tigerlilyevents | planner: @cygneteventsanddesign | photographer: @christytylerphotography | videographer: @hwustudios | florist: @f4dweddings | florist: @flowersfordreams | dj: @toastandjamdjs | catering: @tigerlilyevents | beauty_other: @anomaliebeautyagency"
2110,310,"buildersbldg",2026-04-24,2026-01-16,98,0.8125,1,2,"https://www.instagram.com/p/DXhFkTHCtnF/","https://www.instagram.com/p/DTk58yID_VO/ | https://www.instagram.com/p/DTtKq0ECUUy/","attire: @pelumioke_ | dj: @godjmatrix | florist: @mjmoccasions | hair: @glamsquad | hotel: @renchicagodowntown | photobooth: @extramomentsphotobooths | photographer: @janellejaquelinephoto | planner: @southwind.events | rentals: @crwevents_rentals | transportation: @midwesttransitsystem | transportation: @sentinelconsultinggrp | venue: @buildersbldg | videographer: @j.j_films","venue: @buildersbldg | planner: @southwind.events | photographer: @janellejaquelinephoto | videographer: @j.j_films | florist: @mjmoccasions | hair: @glamsquad | hair: @hairbyjalynnn | dj: @godjmatrix | attire: @pelumioke_ | rentals: @crwevents_rentals | transportation: @midwesttransitsystem | transportation: @sentinelconsultinggrp | photobooth: @extramomentsphotobooths | hotel: @renchicagodowntown | other: @nicoledeb08 | other: @stefans_words"
2111,514,"artinstitutespecialevents",2026-04-24,2026-05-08,14,0.117647,1,1,"https://www.instagram.com/p/DXhMazsBR-6/","https://www.instagram.com/p/DYFXYDzjrCw/","attire: @bridesofsabyasachi | attire: @zameerkassam | catering: @chefabishek | catering: @limelightcatering | catering: @thedrake | musician: @dholi_noah | musician: @evanstonstrings | musician: @kinghxney | photographer: @joywlane | photographer: @studiothisisphotography | planner: @michiganavenueevents | venue: @artinstitutespecialevents | venue: @revelspace | venue: @thedrakechicago | videographer: @wearewholehearted","venue: @artinstitutespecialevents | planner: @clovereventschicago | florist: @floristhounddesign | catering: @limelightcatering"
2125,1142,"revelspace",2026-04-28,2026-08-07,101,0.357143,3,1,"https://www.instagram.com/p/DXpnmlKDLmI/ | https://www.instagram.com/p/DXt6MdgDIvQ/ | https://www.instagram.com/p/DXuAgamig6V/","https://www.instagram.com/p/Dbvj5qthbf0/","beauty_other: @rarebirdbeauties | cake: @deflouredbakery | catering: @leximiller115 | catering: @limelightcatering | dj: @thedjfirm | photobooth: @snapboothchicago | photographer: @chadhusar | photographer: @studiothisisphotography | planner: @bigcitybride | rentals: @jen.luger | rentals: @revel_decor | venue: @revelspace","venue: @revelspace | planner: @bigcitybride | photographer: @studiothisisphotography | videographer: @wearewholehearted | catering: @limelightcatering | beauty_other: @rarebirdbeauties | other: @frostchicago"
2127,533,"fschicago",2026-04-28,2026-05-14,16,0.7,1,1,"https://www.instagram.com/p/DXp17t4FOIH/","https://www.instagram.com/p/DYVL_xnHU5O/","hair: @reneefeldmanweddings | makeup: @juliasimonebeauty | makeup: @shannonobrienweddings | photographer: @sallyodonnellphotography | planner: @everlieco | rentals: @bbjlatavola | rentals: @hmrdesigns | venue: @fschicago","venue: @fschicago | photographer: @sallyodonnellphotography | hair: @reneefeldmanweddings | makeup: @juliasimonebeauty | makeup: @shannonobrienweddings | rentals: @bbjlatavola | rentals: @hmrdesigns | rentals: @twbaker.events | other: @everlieco"
2131,824,"revelspace",2026-04-28,2026-07-09,72,0.384615,1,1,"https://www.instagram.com/p/DXrVe1oFv0L/","https://www.instagram.com/p/DakullPgRcO/","catering: @leximiller115 | catering: @limelightcatering | dj: @awtardjs | photographer: @svyat_bogdanov | planner: @birchdesignstudio | planner: @jessica_birchdesignstudio | rentals: @ilanaweisbach | rentals: @revel_decor | venue: @revelspace","venue: @revelspace | planner: @jessica_birchdesignstudio | photographer: @svyat_bogdanov | florist: @reveldecor | dj: @awtardjs | cake: @awnihabibahsweets | catering: @limelightcatering | other: @daf_cigars | other: @rachaelmiller12"
2137,503,"artifacteventschicago",2026-04-30,2026-05-05,5,0.12,1,1,"https://www.instagram.com/p/DXu8mAzjNwB/","https://www.instagram.com/p/DX95_KckRew/","attire: @bellabiancabridalcouture | attire: @ritavinieris | attire: @theblacktux | band: @bluewaterkingsband | beauty_other: @anomalie | cake: @sweetmandybs | catering: @heartyboys | florist: @trablume | hotel: @thethompsonchicago | photographer: @cailynnwolfgangphoto | planner: @melodymomentsxo | planner: @simplyelegantxo | transportation: @windycitylimousine | venue: @artifacteventschicago | videographer: @j.j_films","venue: @artifacteventschicago | planner: @bluemooneventschicago | photographer: @nicholebabiezphotography | florist: @stevesflowermarket | dj: @revrb_sound | attire: @aliceinivorybridal | attire: @theblacktux | cake: @bittersweetpastryshop | catering: @heartyboys | rentals: @tablescapeseventrentals | hotel: @ambassadorchicago | other: @loumalnatis | other: @rarebirdbeauties"
2151,604,"thelibraryat190",2026-05-03,2026-05-31,28,0.166667,1,1,"https://www.instagram.com/p/DX4arHZETKM/","https://www.instagram.com/p/DZBWMJyETOv/","band: @bluewaterkingsband | catering: @maisoncuisinechicago | florist: @cityscentschicago | hair: @bridalartistryteam | photographer: @mayahleephotography | planner: @shh.events | venue: @thelibraryat190","venue: @thelibraryat190 | planner: @shh.events | photographer: @emullinsphoto | florist: @flowersfordreams | catering: @cateredbydesign | rentals: @cageandaquarium | beauty_other: @bridalartistryteam"
2153,431,"chicagoculturalcenter",2026-05-04,2026-04-08,26,0.0833333,1,1,"https://www.instagram.com/p/DX6rP7LjYuz/","https://www.instagram.com/p/DW4QnZtFZWh/","attire: @falgunishanepeacockindia | cake: @a.thousandtales | catering: @mantrarestaurant_chicago | hair: @rarebirdbeauties | makeup: @glamatelierchicago | photobooth: @elegantsoundandlighting | photographer: @lorenweddings | planner: @lolaeventpros | planner: @lolamichellev | rentals: @bbjlatavola | rentals: @tablescapeschicago | transportation: @ridestg | venue: @chicagoculturalcenter | videographer: @hunterfloydfilms","venue: @chicagoculturalcenter | planner: @bethbernstein.events | photographer: @averyhouse | florist: @avant_gardenia | dj: @thegoldencoastallstars | attire: @theweddingdresser | stationery: @ericksondesignchicago | stationery: @miteprint | catering: @paramountevents | rentals: @bbjlatavola | rentals: @hallsrental | beauty_other: @nikavaughanbridalartists"
2157,474,"chicagoculturalcenter",2026-05-05,2026-04-27,8,0.117647,1,1,"https://www.instagram.com/p/DX9W8AdjkG0/","https://www.instagram.com/p/DXndGhYDt1K/","attire: @falgunishanepeacockindia | attire: @studioeast6 | catering: @chicchefcatering | dj: @djjeetchicago | dj: @shaadientertainment | florist: @flowersbystem | photographer: @sapanahuja | planner: @hereitblooms | venue: @chicagoculturalcenter | videographer: @oldnorthfilmco","venue: @chicagoculturalcenter | photographer: @madiellisphoto | videographer: @oldnorthfilmco | florist: @trablume | attire: @thetiebar | attire: @winniecouture | beauty_other: @blushandbraidsbeautybar | other: @mel0dierose | other: @nyeventschicago"
2165,531,"riverroomchicago",2026-05-07,2026-05-14,7,0.111111,1,2,"https://www.instagram.com/p/DYAhldygoWL/","https://www.instagram.com/p/DYVlS4oEXvG/ | https://www.instagram.com/p/DYWEy05jcvC/","band: @chicagocatz | cake: @deflouredbakery | catering: @cocinafusioncatering | florist: @kloeckner_preferred_flowers | hair: @magnificentbrides | photographer: @sandraortizphotography | venue: @riverroomchicago | videographer: @rjophoto","venue: @riverroomchicago | planner: @bustleandlace | photographer: @allieidrac | dj: @okynegroup | cake: @cart.delights | catering: @cocinafusioncatering | other: @eeeventco | other: @modernlovedjs | other: @onthegojocoffee | other: @reploglestudios | other: @totalharmonyent | other: @whats.adog"
2181,646,"thewellsley",2026-05-11,2026-06-09,29,0.4,1,1,"https://www.instagram.com/p/DYNVSMGHzZf/","https://www.instagram.com/p/DZYBQEQlGS6/","beauty_other: @blushandbraidsbeautybar | catering: @bokacateringchicago | photographer: @ebbylphotography | venue: @thewellsley","venue: @thewellsley | planner: @detailanddesignindy | photographer: @ebbylphotography"
2189,443,"halimmuseumevents",2026-05-13,2026-04-14,29,0.1,1,1,"https://www.instagram.com/p/DYQRsubkRhO/","https://www.instagram.com/p/DXHsGaalTnV/","florist: @savilleflowers | jeweler: @hannajewelryy | musician: @yazzevents | photographer: @megansaulphotography | photographer: @moonchildphoto | planner: @marrymentweddings | rentals: @bbjlatavola | venue: @halimmuseumevents","venue: @halimmuseumevents | planner: @bethbernstein.events | photographer: @lizbanfieldwed | florist: @hmrdesigns | attire: @moniquelhuillier | attire: @theweddingdresser | stationery: @sarahdrakedesign | cake: @flourishcakedesign | rentals: @bbjlatavola | rentals: @boweryandbash | rentals: @hallsrental | rentals: @nuagedesignsinc | rentals: @thefestivefrog | beauty_other: @nikavaughanbridalartists"
2202,897,"sarabandechicago",2026-05-15,2026-07-18,64,0.454545,1,1,"https://www.instagram.com/p/DYXinYGRPLX/","https://www.instagram.com/p/Da8Qpe2jkoj/","catering: @kumascatering | dj: @stylemattersdj | florist: @thistleandplume | photographer: @noelleadamsphoto | transportation: @the312limo | venue: @sarabandechicago | videographer: @onereellove","venue: @sarabandechicago | photographer: @noelleadamsphoto | videographer: @onereellove | florist: @thistleandplume | hair: @jenna_mckendry_kantsedal | dj: @stylemattersdjs | catering: @kumascatering | other: @dominikagonzalesevents | other: @eventswithmak"
2203,1222,"thelibraryat190",2026-05-16,2026-08-12,88,0.47619,3,1,"https://www.instagram.com/p/DYhpdkSjTTc/ | https://www.instagram.com/p/DYhpx-RNwyB/ | https://www.instagram.com/p/DYhv8aZDqCY/","https://www.instagram.com/p/Db9FRD1mlqD/","cake: @flourishcakedesign | catering: @entertaining_co | content_creator: @lanoviacreations | dj: @beatmixchicago | florist: @lifeinbloom | hair: @bridalartistryteam | officiant: @the.urban.union | photographer: @kentdrakephoto | planner: @eventsbyshaunrajah | rentals: @tailoredelements | rentals: @tailoredelements3520 | stationery: @bydamistudiosnyc | stationery: @luckyonion | transportation: @midwesttransportation | venue: @thelibraryat190 | videographer: @lvi_films","venue: @thelibraryat190 | planner: @eventsbyshaunrajah | photographer: @kentdrakephoto | videographer: @lanoviacreations | videographer: @lvi_films | florist: @lifeinbloom | hair: @bridalartistryteam | dj: @beatmixchicago | stationery: @bydamistudiosnyc | cake: @flourishcakedesign | catering: @entertaining_co | rentals: @tailoredelements3520 | transportation: @midwesttransportation | officiant: @the.urban.union | content_creator: @lanoviacreations | other: @eleganteventlighting | other: @kyjsteiner | other: @thefestivefrog | other: @theweddingdresser"
2210,690,"universityclubofchicago",2026-05-19,2026-06-18,30,0.142857,1,1,"https://www.instagram.com/p/DYfbYX-lAYv/","https://www.instagram.com/p/DZvi1pRo00m/","attire: @anthropologieweddings | attire: @watters | band: @sarlasmusic | content_creator: @addysonalexamedia | florist: @flowersfordreams | hair: @rarebirdbeauties | jeweler: @danarebecca | photographer: @sallyodonnellphotography | planner: @lobowles | planner: @stunningandbrilliantevents | stationery: @miteprint | venue: @universityclubofchicago","venue: @universityclubofchicago | planner: @lofi_events | florist: @ashlandaddison | band: @sarlasmusic"
2211,362,"chicagoilluminatingcompany",2026-05-19,2026-02-27,81,0.466667,1,1,"https://www.instagram.com/p/DYf9h8JDbzt/","https://www.instagram.com/p/DVPgVhHDdtj/","attire: @amsale | attire: @bellabiancabridalcouture | content_creator: @aforevermore.co | dj: @okynemedialab | florist: @studio__poppy | hair: @eringrahamhair | photographer: @goldenhoursweddings | planner: @lionheartedevents | venue: @chicagoilluminatingcompany | venue: @entertaining_co","venue: @chicagoilluminatingcompany | planner: @lionheartedevents | photographer: @goldenhoursweddings | videographer: @aforevermore.co | florist: @studio_poppy | hair: @eringrahamhair | dj: @okynemedialab | attire: @amsale | attire: @bellabiancabridalcouture | catering: @entertaining_co | content_creator: @aforevermore.co | other: @frostchicago | other: @joeysoluvly | other: @studio_poppy"
2213,1222,"thelibraryat190",2026-05-19,2026-08-12,85,0.444444,1,1,"https://www.instagram.com/p/DYhbjU9kfXl/","https://www.instagram.com/p/Db9FRD1mlqD/","band: @beatmixchicago | catering: @entertaining_co | florist: @briankempen | florist: @lifeinbloom | florist: @vince.phan16 | photographer: @kentdrakephoto | planner: @eventsbyshaunrajah | rentals: @tailoredelements3520 | venue: @thelibraryat190 | videographer: @lanoviacreations | videographer: @lvi_films","venue: @thelibraryat190 | planner: @eventsbyshaunrajah | photographer: @kentdrakephoto | videographer: @lanoviacreations | videographer: @lvi_films | florist: @lifeinbloom | hair: @bridalartistryteam | dj: @beatmixchicago | stationery: @bydamistudiosnyc | cake: @flourishcakedesign | catering: @entertaining_co | rentals: @tailoredelements3520 | transportation: @midwesttransportation | officiant: @the.urban.union | content_creator: @lanoviacreations | other: @eleganteventlighting | other: @kyjsteiner | other: @thefestivefrog | other: @theweddingdresser"
2224,1183,"sarabandechicago",2026-05-20,2026-08-10,82,0.75,1,1,"https://www.instagram.com/p/DYkfiZiEYSR/","https://www.instagram.com/p/Db4Pz2EEbou/","attire: @dgcustomsuits | attire: @ruedeseinebridal | cake: @groovyshu | catering: @chicchefcatering | dj: @stylemattersdjs | florist: @greenpetalproject | florist: @studio__poppy | hair: @maltvhair | jeweler: @frankdarling | jeweler: @projectstringquartet | makeup: @debpetrielli | photographer: @artistrieco | planner: @simplyelegantxo | venue: @sarabandechicago","venue: @sarabandechicago | photographer: @artistrieco | florist: @studio__poppy | hair: @maltvhair | makeup: @debpetrielli | dj: @stylemattersdjs | attire: @dgcustomsuits | attire: @ruedeseinebridal | cake: @groovyshu | catering: @chicchefcatering | jeweler: @frankdarling | jeweler: @projectstringquartet | other: @greenpetalproject | other: @simplyelegantxo"
2225,690,"universityclubofchicago",2026-05-20,2026-06-18,29,0.181818,1,1,"https://www.instagram.com/p/DYkhJqbGwfz/","https://www.instagram.com/p/DZvi1pRo00m/","attire: @kamperett | band: @briansylr | florist: @sprouthomechicago | hair: @tamaraholdenhair | makeup: @magdarodmakeup | photographer: @alishatova | photographer: @momoko_fritz | planner: @lofi_events | venue: @universityclubofchicago","venue: @universityclubofchicago | planner: @lofi_events | florist: @ashlandaddison | band: @sarlasmusic"
2232,1120,"fschicago",2026-05-21,2026-08-06,77,0.590909,2,1,"https://www.instagram.com/p/DY-FIkgjonl/ | https://www.instagram.com/p/DYm-rNCDug3/","https://www.instagram.com/p/DbtslrxCYgt/","band: @westcoastmusicevents | beauty_other: @cade.cosmetics | beauty_other: @shannonobrienweddings | dj: @jerzymuzik | dj: @stagefactor | hair: @hairby_jmerc29 | hair: @hairbyerinahern | musician: @goldcoastevents | photographer: @alexandersattler | photographer: @iamaaronbean | photographer: @spoonphotodesign | planner: @designereventchicago | planner: @lindsaystein | rentals: @nuagedesignsinc | venue: @fschicago","venue: @fschicago | planner: @designereventchicago | planner: @lindsaystein | photographer: @alexandersattler | photographer: @iamaaronbean | photographer: @spoonphotodesign | hair: @hairbyerinahern | dj: @jerzymuzik | dj: @stagefactor | musician: @goldcoastevents | musician: @westcoastmusicevents | rentals: @nuagedesignsinc | beauty_other: @cade.cosmetics | beauty_other: @shannonobrienweddings | other: @charlie_hilbrant | other: @frostchicago | other: @liquidskylaser | other: @magicandcocktails | other: @rishithedesigner | other: @theweddingdresser"
2234,737,"chicagowinery",2026-05-22,2026-06-27,36,0.6,2,1,"https://www.instagram.com/p/DYnc2u2PBjV/ | https://www.instagram.com/p/DYpQp-wRHw4/","https://www.instagram.com/p/DaGH4_aEUng/","attire: @mira_couture | content_creator: @dakinhouseco | dj: @spinvxn | florist: @floralwondersevents | hair: @mallorysolosalon | makeup: @makeupfrancesca | photographer: @millieraecophoto | venue: @chicagowinery | videographer: @kurtdabarbarian","venue: @chicagowinery | venue: @fadschicagolakeview | photographer: @millieraecophoto | videographer: @blushandbriarfilms | videographer: @kurtdabarbarian | florist: @floralwondersevents | hair: @mallorysolosalon | makeup: @makeupfrancesca | dj: @spinvxn | musician: @thedjfirm | attire: @mira_couture | attire: @netadover_bridal | rentals: @chaircoversbysylwia | content_creator: @dakinhouseco | other: @travelingdecor"
2235,583,"the.arbory",2026-05-22,2026-05-25,3,0.0869565,1,1,"https://www.instagram.com/p/DYpBjdhlf0F/","https://www.instagram.com/p/DYvhCnRzRJ7/","attire: @theblacktux | attire: @watters | cake: @bittersweetpastryshop | catering: @truecuisine | dj: @partyvibeonline | florist: @greenleaffloral | hair: @pinmeupchicago | hotel: @therobeychicago | makeup: @aleigh_beauty | photographer: @emullinsphoto | photographer: @emullinsphotogram | planner: @lionheartedevents | stationery: @emmakate.designstudio | venue: @the.arbory","venue: @ovationchicago | venue: @the.arbory | photographer: @colinlyonsphoto | videographer: @gordino_photoandvideo | florist: @hedoniaflowers | hair: @pinmeupchicago | dj: @cageandaquarium | catering: @lulacafe | other: @garfieldsbeverage | other: @nyeventschicago | other: @unnati.art.jewellery"
2243,943,"thedalcy",2026-05-22,2026-07-23,62,0.666667,1,1,"https://www.instagram.com/p/DYphCW9jgyg/","https://www.instagram.com/p/DbJULiwJN9s/","beauty_other: @shannonobrienweddings | dj: @goldcoastallstars | florist: @fleurinc | hair: @rarebirdbeauties | photographer: @kentdrakephoto | planner: @lolaeventpros | venue: @thedalcy","venue: @thedalcy | planner: @lolaeventpros | photographer: @kentdrakephoto | florist: @fleurinc | hair: @rarebirdbeauties | dj: @goldcoastallstars | beauty_other: @shannonobrienweddings | other: @lolaeventpros | other: @lvi_films"
2248,687,"armourhouseweddings",2026-05-23,2026-06-18,26,0.0714286,1,2,"https://www.instagram.com/p/DYsSxvHjl-W/","https://www.instagram.com/p/DaDbD9nBnDt/ | https://www.instagram.com/p/DZvSHrAGP44/","photographer: @lusia_studio_photography | planner: @southwind.events | venue: @armourhouseweddings | venue: @saintsjfx_wilmette","venue: @armourhouseweddings | planner: @cjjanda | photographer: @joywlane | photographer: @studiothisisphotography | videographer: @wearewholehearted | hair: @hairbyramsay | makeup: @shannonobrienweddings | band: @stacherocks | musician: @beatmixchicago | musician: @stacherocks | stationery: @chitownlbrown | other: @cjeflowers"
2253,542,"ovationchicago",2026-05-25,2026-05-16,9,0.0714286,1,1,"https://www.instagram.com/p/DYvhCnRzRJ7/","https://www.instagram.com/p/DYYU41FFM_s/","catering: @lulacafe | dj: @cageandaquarium | florist: @hedoniaflowers | hair: @pinmeupchicago | photographer: @colinlyonsphoto | planner: @nyeventschicago | venue: @ovationchicago | venue: @the.arbory | videographer: @gordino_photoandvideo","venue: @ovationchicago | planner: @plan_and_gather_events | photographer: @ian.rempel | florist: @f4dweddings | florist: @flowersfordreams | beauty_other: @feeling_pretty_inc"
2255,481,"tigerlilyevents",2026-05-26,2026-04-29,27,0.142857,1,2,"https://www.instagram.com/p/DYyJr8FlX0x/","https://www.instagram.com/p/DXuiLDZFIcp/ | https://www.instagram.com/p/DYU_RU4kYb-/","attire: @vwidon | florist: @f4dweddings | makeup: @joeysoluvly | photographer: @bradley_moss | planner: @plan_and_gather_events | venue: @tigerlilyevents | videographer: @statefilm","venue: @tigerlilyevents | planner: @cygneteventsanddesign | photographer: @christytylerphotography | videographer: @hwustudios | florist: @f4dweddings | florist: @flowersfordreams | dj: @toastandjamdjs | catering: @tigerlilyevents | beauty_other: @anomaliebeautyagency"
2260,724,"morgan.mfg",2026-05-26,2026-06-25,30,0.130435,2,2,"https://www.instagram.com/p/DY2hQGRR8ZQ/ | https://www.instagram.com/p/DYz40i6Jw6t/","https://www.instagram.com/p/DaBEa-2FdcO/ | https://www.instagram.com/p/DalFao9g48R/","band: @lakeshore_encores | catering: @entertaining_co | florist: @josephsevents_ | hair: @_am_hair_ | hair: @moda_bridal | makeup: @beautybyadelinellc | photographer: @enduringmoments | planner: @jamiebotoninc | rentals: @bbjlatavola | rentals: @tablescapeseventrentals | stationery: @ericksondesignchicago | venue: @morgan.mfg | videographer: @diamondpeakfilms","venue: @morgan.mfg | planner: @bethbernstein.events | photographer: @sallyodonnellphotography | videographer: @amorellaevents | videographer: @characterdfilms | florist: @lifeinbloom | dj: @goldcoastevents | attire: @theweddingdresser | stationery: @steraclepress | catering: @entertaining_co | rentals: @bbjlatavola | rentals: @nuagedesignsinc | other: @silenceactivations"
2264,633,"riverroomchicago",2026-05-27,2026-06-08,12,0.153846,1,1,"https://www.instagram.com/p/DY03t-Xja65/","https://www.instagram.com/p/DZVIim0FvcA/","attire: @vwidon | catering: @fftchicago | dj: @toastandjamdjs | florist: @annaheldfloralstudio | makeup: @christyswainbeauty | photographer: @nicoledefilippisphotography | planner: @bustleandlace | venue: @riverroomchicago","venue: @riverroomchicago | planner: @shh.events | photographer: @emullinsphoto | florist: @flowersfordreams | dj: @toastandjamdjs | cake: @sweetmandybs | catering: @bigstarchicago"
2268,756,"chicagoilluminatingcompany",2026-05-28,2026-06-29,32,0.526316,1,2,"https://www.instagram.com/p/DY276ijlPTD/","https://www.instagram.com/p/DafstVCD6e3/ | https://www.instagram.com/p/DaLTDmFx7au/","cake: @ecbg_studio | catering: @jandlcatering | dj: @thedjfirm | florist: @frostchicago | florist: @revel_decor | hair: @lueurbeauti | photographer: @brookeanddavid | planner: @reverieandcoevents | venue: @chicagoilluminatingcompany | videographer: @aforevermore.co","venue: @chicagoilluminatingcompany | planner: @reverieandcoevents | photographer: @brookeanddavid | videographer: @aforevermore.co | videographer: @ecbg_studio | florist: @aforevermore | florist: @frostchicago | florist: @revel_decor | hair: @lueurbeauti | dj: @thedjfirm | cake: @ecbg_studio | cake: @frostchicago | catering: @jandlcatering | rentals: @revel_decor | rentals: @tablescapeseventrentals | hotel: @magmilemarriott | beauty_other: @lueurbeauti | other: @chicagoilluminatingcompany | other: @magmilemarriott"
2274,667,"louloubylula",2026-05-28,2026-06-15,18,0.0666667,1,1,"https://www.instagram.com/p/DY5DgTZDPcZ/","https://www.instagram.com/p/DZn-ojSkTMV/","attire: @foundbysteph | dj: @mattroan | hair: @lindsaymakeswaves | hair: @shannicat | jeweler: @elvie.fine | photographer: @melodyjoyco | venue: @louloubylula","venue: @louloubylula | photographer: @megansaulphotography | florist: @_bcollective | hair: @bridalartistryteam | attire: @jennyyoonyc | cake: @deflouredbakery | cake: @doritedonuts | jeweler: @frankdarling | jeweler: @madberet"
2277,600,"chicagobotanic",2026-05-29,2026-05-30,1,0.3125,1,1,"https://www.instagram.com/p/DY5cExVgb7r/","https://www.instagram.com/p/DY-nIrxBaWS/","cake: @cocoandevecakes | florist: @stemschicago | planner: @lolaeventpros | planner: @lolakristyd | venue: @chicagobotanic","venue: @chicagobotanic | planner: @lolaeventpros | planner: @lolakristyd | photographer: @jilltiongco_associates | photographer: @jilltiongcophoto | videographer: @oldnorthfilmco | florist: @stemschicago | hair: @rarebirdbeauties | dj: @elegantsoundandlighting | musician: @midtownstrings | cake: @cocoandevecakes | officiant: @somethingprofoundweddings | other: @henwiee | other: @iris_lu1234 | other: @kdornbierillustrations | other: @mdmentertainmentchicago"
2282,1351,"oldstpatschicago",2026-05-29,2026-08-18,81,0.5,1,1,"https://www.instagram.com/p/DY5w6yZpl93/","https://www.instagram.com/p/DcKj9AotnDX/","cake: @cake_chicago | dj: @goldcoastallstars | hair: @bsansostiartistry | hotel: @thelasallechicago | photographer: @timtabstudios | planner: @lkeventschicago | rentals: @ev.designcollective | stationery: @mag.milestones | transportation: @vipvalet | venue: @oldstpatschicago | venue: @universityclubofchicago | videographer: @forma_mgmt | videographer: @k.lafleurfilms","venue: @oldstpatschicago | venue: @universityclubofchicago | planner: @lkeventschicago | photographer: @timtabstudios | videographer: @k.lafleurfilms | band: @goldcoastallstars | attire: @riverandrose_design | stationery: @mag.milestones | cake: @cake_chicago | transportation: @vipvalet | hotel: @thelasallechicago | beauty_other: @bsansostiartistry | other: @ev.designcollective | other: @nadeauice"
2284,1290,"chicagoilluminatingcompany",2026-05-29,2026-08-17,80,0.4,1,1,"https://www.instagram.com/p/DY7eQUsFQgU/","https://www.instagram.com/p/DcJIQsRj4YU/","florist: @lifeinbloom | photographer: @goldenhoursweddings | planner: @clementinechicago | venue: @chicagoilluminatingcompany","venue: @chicagoilluminatingcompany | planner: @clementinechicago | photographer: @goldenhoursweddings | videographer: @socialbridescollective | florist: @lifeinbloom | hair: @eringrahamhair | makeup: @shannonobrienweddings | catering: @entertaining_co | other: @tablescapeseventrentals | other: @thefestivefrog"
2288,735,"salvageoneevents",2026-05-30,2026-06-26,27,0.0454545,1,1,"https://www.instagram.com/p/DY7wSa-IE52/","https://www.instagram.com/p/DaDMv-MCemX/","attire: @cicadabridalseattle | attire: @rubysuits | band: @beatmixchicago | catering: @zeldascatering | florist: @f4dweddings | hair: @blushandbraidsbeautybar | hotel: @mariott | photobooth: @pixter.photo | photographer: @ian.rempel | planner: @ohanaeventsinc | transportation: @brb.valet | venue: @salvageoneevents | videographer: @createpaigefilms","venue: @salvageoneevents | planner: @alexakarkazis | planner: @thecreativeplanners | photographer: @kathrynjeanphotography | florist: @studio__poppy | hair: @windycityglam | cake: @bittersweetpastryshop | catering: @fftchicago | rentals: @bbjlatavola | other: @eleganteventlighting"
2290,396,"fairliechicago",2026-05-30,2026-03-20,71,0.636364,1,1,"https://www.instagram.com/p/DY7xdpHhQpn/","https://www.instagram.com/p/DWHsjAOCc-c/","beauty_other: @nikavaughnbridalartists | catering: @heartyboys | florist: @atmosphereeventsgroup | photographer: @goldenhoursweddings | planner: @fiercepros | venue: @fairliechicago | videographer: @serafilminc","venue: @fairliechicago | planner: @fiercepros | photographer: @goldenhoursweddings | videographer: @serafilminc | florist: @atmosphereeventsgroup | musician: @funktasticproductions | cake: @azucarrococo | catering: @heartyboys | transportation: @ridestg | beauty_other: @nikavaughnbridalartists | other: @boweryandbash"
2291,1042,"ulcchicago",2026-05-30,2026-07-31,62,0.75,1,1,"https://www.instagram.com/p/DY764uXqIzE/","https://www.instagram.com/p/DbeXq92Gr55/","attire: @ultimatebridechicago | band: @bluewaterkingsband | beauty_other: @anomaliebeautyagency | cake: @bittersweetpastryshop | florist: @stevesflowermarket | photographer: @_teresawilliams | planner: @clementinechicago | planner: @suzysparacio | stationery: @ladymonpaper.co | venue: @ulcchicago | videographer: @lvi_films","venue: @ulcchicago | planner: @clementinechicago | planner: @suzysparacio | photographer: @_teresawilliams | videographer: @lvi_films | florist: @stevesflowermarket | musician: @bluewaterkingsband | attire: @ultimatebridechicago | stationery: @ladymonpaper.co | cake: @bittersweetpastryshop | beauty_other: @anomaliebeautyagency"
2299,1111,"thejoinerychicago",2026-06-02,2026-08-05,64,0.875,1,1,"https://www.instagram.com/p/DZDxJwBm2ix/","https://www.instagram.com/p/DbrLUoxm3u8/","beauty_other: @windycityglam | cake: @beacondoughnuts | catering: @cocinafusioncatering | dj: @goldnoisedjs | florist: @xodesign_co | photographer: @madiellisphoto | planner: @lofi_events | venue: @thejoinerychicago","venue: @thejoinerychicago | planner: @lofi_events | photographer: @madiellisphoto | florist: @xodesign_co | dj: @goldnoisedjs | catering: @cocinafusioncatering | beauty_other: @windycityglam"
2300,657,"tigerlilyevents",2026-06-02,2026-06-12,10,0.1,1,1,"https://www.instagram.com/p/DZDxTrdlFEq/","https://www.instagram.com/p/DZf3Sx_kTyI/","attire: @vierobridal_chicago | florist: @flowerlifechicago | hair: @hairbyamandakosiek | photographer: @jailareneephoto | planner: @afterglowweddingsandevents | venue: @tigerlilyevents | videographer: @sowlefilmstudio","venue: @tigerlilyevents | planner: @cygneteventsanddesign | florist: @flowersbystem | dj: @mattroan"
2303,503,"artifacteventschicago",2026-06-02,2026-05-05,28,0.846154,3,1,"https://www.instagram.com/p/DZFcUUSjzEV/ | https://www.instagram.com/p/DZm6SH8j9YD/ | https://www.instagram.com/p/DZU4nbPj0m-/","https://www.instagram.com/p/DX95_KckRew/","attire: @aliceinivorybridal | attire: @theblacktux | cake: @bittersweetpastryshop | catering: @heartyboys | dj: @revrb_sound | florist: @stevesflowermarket | hotel: @ambassadorchicago | photographer: @nicholebabiezphotography | planner: @bluemooneventschicago | rentals: @tablescapeseventrentals | venue: @artifacteventschicago","venue: @artifacteventschicago | planner: @bluemooneventschicago | photographer: @nicholebabiezphotography | florist: @stevesflowermarket | dj: @revrb_sound | attire: @aliceinivorybridal | attire: @theblacktux | cake: @bittersweetpastryshop | catering: @heartyboys | rentals: @tablescapeseventrentals | hotel: @ambassadorchicago | other: @loumalnatis | other: @rarebirdbeauties"
2305,582,"chicagoculturalcenter",2026-06-02,2026-05-25,8,0.08,1,1,"https://www.instagram.com/p/DZFuO2Djgaj/","https://www.instagram.com/p/DYxkxhAINV9/","attire: @customsuitsyou | attire: @fazalandsons | attire: @simkhai | band: @entouragebandchicago | cake: @ecbg_studio | catering: @fftchicago | florist: @flowersbystem | hair: @bridalartistryteam | hotel: @pendrychicago | makeup: @bridalartistryteam | photobooth: @ohanaeventsinc | photographer: @armenteros.weddings | planner: @ohanaeventsinc | stationery: @xoartanddesign | transportation: @chicagocloud9limos | venue: @chicagoculturalcenter | videographer: @sowlefilmstudio","venue: @chicagoculturalcenter | planner: @ohanaeventsinc | photographer: @arielle.peters | videographer: @cassanocreative | florist: @stemline_creative | dj: @okynemedialab | cake: @cr8cakes | catering: @blueplatechicago | beauty_other: @rarebirdbeauties | other: @art_imagination"
2307,745,"bridgeportartcenter",2026-06-03,2026-06-28,25,0.111111,1,1,"https://www.instagram.com/p/DZGWLRLOkFJ/","https://www.instagram.com/p/DaJESmjlOP3/","catering: @paramountevents | dj: @cageandaquarium | rentals: @bbjlatavola | venue: @bridgeportartcenter | venue: @venuelogic","venue: @bridgeportartcenter | planner: @ohanaeventsinc | photographer: @graphsbygretch | videographer: @withlove_productions | florist: @bellafloraweddings | dj: @cageandaquarium | attire: @jennyyoonyc | cake: @dalysdonuts | catering: @cateredbydesign | catering: @venuelogic | transportation: @premiertrolley | photobooth: @grinandbearbooth | hotel: @ambassadorchicago | beauty_other: @pinmeupchicago | other: @artofimaginationdecor"
2308,601,"fairliechicago",2026-06-03,2026-05-30,4,0.142857,1,1,"https://www.instagram.com/p/DZGl2YDFH7k/","https://www.instagram.com/p/DY9yM66kurM/","florist: @ourblessedwoods | photographer: @lar__photography | planner: @plan_and_gather_events | venue: @fairliechicago","venue: @fairliechicago | planner: @urbanallureevents | photographer: @goldenhoursweddings | catering: @heartyboys"
2310,782,"rm1520",2026-06-03,2026-07-03,30,0.125,1,1,"https://www.instagram.com/p/DZG3g-9Bcin/","https://www.instagram.com/p/DaV0ImElKI8/","catering: @ovysignaturecatering | dj: @toastandjamdjs | florist: @stevesflowermarket | hair: @anomaliebeautyagency | musician: @jeffrey.tsax | photographer: @laurenelizabethphotography_ | planner: @reverieandcoevents | rentals: @ashlandaddison | rentals: @tablescapeseventrentals | venue: @rm1520 | videographer: @edwardfoxphotog","venue: @rm1520 | planner: @reverieandcoevents | photographer: @kate_scott_photography | dj: @djrhatedr | catering: @greenspoonkitchen | photobooth: @grinandbearbooth | other: @bittersweetpastryshop"
2314,702,"cityhallchicagoevents",2026-06-03,2026-06-21,18,0.0666667,1,2,"https://www.instagram.com/p/DZIl4bnEkai/","https://www.instagram.com/p/DZ2hthtRkMg/ | https://www.instagram.com/p/DZ3L80iCeuM/","attire: @bridesbyyoung | attire: @chanelofficial | attire: @giuseppezanotti | attire: @theblacktux | cake: @dipsydesserts | catering: @kumascatering | florist: @xodesign_co | hair: @pinmeupchicago | hotel: @virginhotelschi | jeweler: @brilliantearth | jeweler: @kenanddanadesign | jeweler: @tiffanyandco | photographer: @kingandopal | rentals: @arcanarentals | rentals: @bbjlatavola | venue: @cityhallchicagoevents","venue: @cityhallchicagoevents | planner: @rz.pao | planner: @shh.events | planner: @vanessa__delaney | videographer: @blushandbriarfilms | florist: @athanasiadesign | hair: @hair_by_paulinagonzalez | hair: @lilymeloskinandbeauty | hair: @pinmeupchicago | makeup: @lilymeloskinandbeauty | dj: @okynegroup | attire: @crystalbrideofficial | attire: @menswearhouse | catering: @blueplatechicago | transportation: @partybuschicagoemperor | other: @yellowshoeseventrentals"
2316,756,"chicagoilluminatingcompany",2026-06-04,2026-06-29,25,0.0833333,1,2,"https://www.instagram.com/p/DZJMnS9jY8J/","https://www.instagram.com/p/DafstVCD6e3/ | https://www.instagram.com/p/DaLTDmFx7au/","hair: @rarebirdbeauties | photographer: @kerricarlquist | planner: @bigcitybride | planner: @hansenmadison | rentals: @revel_decor | venue: @chicagoilluminatingcompany | videographer: @braxtonwallisweddings","venue: @chicagoilluminatingcompany | planner: @reverieandcoevents | photographer: @brookeanddavid | videographer: @aforevermore.co | videographer: @ecbg_studio | florist: @aforevermore | florist: @frostchicago | florist: @revel_decor | hair: @lueurbeauti | dj: @thedjfirm | cake: @ecbg_studio | cake: @frostchicago | catering: @jandlcatering | rentals: @revel_decor | rentals: @tablescapeseventrentals | hotel: @magmilemarriott | beauty_other: @lueurbeauti | other: @chicagoilluminatingcompany | other: @magmilemarriott"
2320,733,"thedrakechicago",2026-06-05,2026-06-26,21,0.0526316,1,3,"https://www.instagram.com/p/DZLoREWDWTF/","https://www.instagram.com/p/DadFZpakav_/ | https://www.instagram.com/p/DaDJpDcEYtP/ | https://www.instagram.com/p/DaEIiqwFLbg/","hair: @magnificentbrides | makeup: @coreyegge | musician: @rushstreetrhythm | photographer: @leathemphotography | planner: @tracyevents | rentals: @vh__designs | venue: @thedrakechicago | videographer: @oldnorthfilmco","venue: @thedrakechicago | planner: @ohanaeventsinc | photographer: @graphsbygretch | videographer: @oakhouseweddingfilms | florist: @stevesflowermarket | dj: @dreamhouseproductions | musician: @andromedaduet | musician: @dbe.off | musician: @dbe.official | cake: @ecbg_studio | jeweler: @andromedaduet | beauty_other: @brow_art_salon_spa_1 | beauty_other: @lueurbeauti"
2321,733,"thedrakechicago",2026-06-05,2026-06-26,21,0.0625,1,3,"https://www.instagram.com/p/DZLu4r5AR92/","https://www.instagram.com/p/DadFZpakav_/ | https://www.instagram.com/p/DaDJpDcEYtP/ | https://www.instagram.com/p/DaEIiqwFLbg/","beauty_other: @pinmeupchicago | florist: @valeofenna | photographer: @nakaiphotography | planner: @plan_and_gather_events | venue: @thedrakechicago","venue: @thedrakechicago | planner: @ohanaeventsinc | photographer: @graphsbygretch | videographer: @oakhouseweddingfilms | florist: @stevesflowermarket | dj: @dreamhouseproductions | musician: @andromedaduet | musician: @dbe.off | musician: @dbe.official | cake: @ecbg_studio | jeweler: @andromedaduet | beauty_other: @brow_art_salon_spa_1 | beauty_other: @lueurbeauti"
2322,1096,"the.arbory",2026-06-05,2026-08-04,60,0.818182,1,1,"https://www.instagram.com/p/DZL1ysggKY_/","https://www.instagram.com/p/DbmVlONFmOh/","cake: @flourishcakedesign | catering: @violas.kitchen | florist: @eco.wilde | florist: @ecowildweddings | hair: @tamaraholdenhair | makeup: @alyssadianamakeup | photographer: @genuinelyjo | planner: @theeventchi | venue: @the.arbory | videographer: @brookssmedia","venue: @the.arbory | planner: @theeventchi | photographer: @genuinelyjo | videographer: @brookssmedia | florist: @eco.wilde | florist: @ecowildeweddings | hair: @tamaraholdenhair | makeup: @alyssadianamakeup | cake: @flourishcakedesign | catering: @violas.kitchen"
2331,982,"chicagoilluminatingcompany",2026-06-06,2026-07-27,51,0.75,1,3,"https://www.instagram.com/p/DZOXVCVlGGG/","https://www.instagram.com/p/Db4RY6vDTX0/ | https://www.instagram.com/p/Dbb-_APjbUU/ | https://www.instagram.com/p/DbUJILnhOIV/","beauty_other: @windycityglam | catering: @violas.kitchen | florist: @ashaddevents | hotel: @marquis_chicago | photographer: @goldenhoursweddings | planner: @simplyelegantxo | transportation: @the312limo | venue: @chicagoilluminatingcompany | videographer: @goldenhoursweddings | videographer: @okynemedialab","venue: @chicagoilluminatingcompany | planner: @simplyelegantxo | photographer: @goldenhoursweddings | videographer: @goldenhoursweddings | videographer: @okynemedialab | florist: @ashaddevents | catering: @violas.kitchen | transportation: @the312limo | hotel: @marquis_chicago | beauty_other: @windycityglam | other: @blimsanity1 | other: @iiisshaxx"
2337,1075,"universityclubofchicago",2026-06-08,2026-08-03,56,0.615385,1,2,"https://www.instagram.com/p/DZTbkepDnD_/","https://www.instagram.com/p/DblbK9qjkqD/ | https://www.instagram.com/p/DbwCikaFJsS/","attire: @eliesaabbridal | band: @beatmixchicago | beauty_other: @bsansostiartistry | florist: @floristhounddesign | hair: @reneefeldmanweddings | photographer: @kentdrakephoto | planner: @reverieandcoevents | stationery: @emeryanndesign | venue: @universityclubofchicago | videographer: @socialbridescollective","venue: @universityclubofchicago | planner: @reverieandcoevents | photographer: @kentdrakephoto | videographer: @socialbridescollective | florist: @floristhounddesign | hair: @reneefeldmanweddings | makeup: @bsansostiartistry | musician: @beatmixchicago | attire: @eliesaabbridal | stationery: @emeryanndesign | other: @holyfamilycci"
2340,735,"salvageoneevents",2026-06-08,2026-06-26,18,0.0416667,1,1,"https://www.instagram.com/p/DZVGn8Zlv5r/","https://www.instagram.com/p/DaDMv-MCemX/","attire: @bridesbyyoung | cake: @ecbg_studio | catering: @blueplatechicago | catering: @rpmseafood | dj: @greenlinetalent | florist: @jceden | hair: @blushandbraidsbeautybar | hotel: @canopychiloop | hotel: @jwmarriottchi | photobooth: @grinandbearbooth | photographer: @louieabelleraphoto | planner: @bwstudio_events | stationery: @amore_creative | transportation: @echolimousine | venue: @salvageoneevents","venue: @salvageoneevents | planner: @alexakarkazis | planner: @thecreativeplanners | photographer: @kathrynjeanphotography | florist: @studio__poppy | hair: @windycityglam | cake: @bittersweetpastryshop | catering: @fftchicago | rentals: @bbjlatavola | other: @eleganteventlighting"
2345,741,"loftlucia",2026-06-09,2026-06-27,18,0.142857,1,1,"https://www.instagram.com/p/DZV7MgOjuST/","https://www.instagram.com/p/DaGShlXRkhN/","florist: @atmosphereeventsgroup | makeup: @makeupbysarajustine | photographer: @lillyphoto | planner: @effortless_events | venue: @loftlucia","venue: @loftlucia | photographer: @emilybelsonphoto | florist: @annaheldfloralstudio"
2349,527,"lmstudiochi",2026-06-09,2026-05-12,28,0.166667,1,1,"https://www.instagram.com/p/DZXZR1KHLD4/","https://www.instagram.com/p/DYPH2QXkofP/","hair: @kissthismakeup | photographer: @georgestreetphoto | planner: @enchanted_events_weddings | venue: @lmstudiochi","venue: @lmstudiochi | photographer: @twa_weddingphotographers | catering: @lmcateringchi"
2352,907,"chicagowinery",2026-06-09,2026-07-20,41,0.857143,1,1,"https://www.instagram.com/p/DZXibGKDi2v/","https://www.instagram.com/p/DbBP4iEjoEN/","dj: @dazzlechi | florist: @esthersprivategarden | hair: @barmorebeauty | makeup: @jazzebeauty | photographer: @alyeskarphotography | venue: @chicagowinery","venue: @chicagowinery | photographer: @alyeskarphotography | florist: @esthersprivategarden | hair: @barmorebeauty | makeup: @jazzebeauty | dj: @dazzlechi | other: @mariachiedc"
2354,601,"fairliechicago",2026-06-09,2026-05-30,10,0.0714286,1,1,"https://www.instagram.com/p/DZYCiw_FiVq/","https://www.instagram.com/p/DY9yM66kurM/","attire: @anthro_chicago | attire: @anthropologie | attire: @anthropologieweddings | beauty_other: @__beautybydaniela__ | cake: @1_800_cakes | catering: @woodenpaddle | dj: @impulse.entertainment | hair: @hairbeauty_by_almira | planner: @oak.avenue.events | venue: @fairliechicago | videographer: @unveiltheday_","venue: @fairliechicago | planner: @urbanallureevents | photographer: @goldenhoursweddings | catering: @heartyboys"
2359,544,"chicagomuseumevents",2026-06-10,2026-05-17,24,0.176471,1,1,"https://www.instagram.com/p/DZY1cOXDjNE/","https://www.instagram.com/p/DYdOLxfoNT4/","cake: @gerhardsdesserts | catering: @blueplatechicago | dj: @thedjfirm | florist: @f4dweddings | hair: @tamaraholdenhair | hotel: @claridge_house | makeup: @alyssadianamakeup | photobooth: @pixsterphotobooth | photographer: @danaannweddings | photographer: @goldenhoursweddings | planner: @ohanaeventsinc | venue: @chicagomuseumevents","venue: @chicagomuseumevents | planner: @ohanaeventsinc | photographer: @rachelandradephoto | videographer: @oldnorthfilmco | florist: @crescostems | dj: @soundsaboundtonyho | catering: @blueplatechicago | beauty_other: @bsansostiartistry"
2362,533,"fschicago",2026-06-10,2026-05-14,27,0.0588235,1,1,"https://www.instagram.com/p/DZaeNEOjibB/","https://www.instagram.com/p/DYVL_xnHU5O/","band: @entouragebandchicago | hair: @kelly_demoz_hair | makeup: @darcylynnmcgrath | photographer: @kentdrakephoto | planner: @hopeweis | rentals: @kehoedesigns | stationery: @hannahhandmade | venue: @fschicago | videographer: @wearewholehearted","venue: @fschicago | photographer: @sallyodonnellphotography | hair: @reneefeldmanweddings | makeup: @juliasimonebeauty | makeup: @shannonobrienweddings | rentals: @bbjlatavola | rentals: @hmrdesigns | rentals: @twbaker.events | other: @everlieco"
2372,733,"thedrakechicago",2026-06-12,2026-06-26,14,0.105263,1,3,"https://www.instagram.com/p/DZdyGzuBn70/","https://www.instagram.com/p/DadFZpakav_/ | https://www.instagram.com/p/DaDJpDcEYtP/ | https://www.instagram.com/p/DaEIiqwFLbg/","attire: @leahdagloria | attire: @theweddingdresser | band: @toastandjamdjs | cake: @ecbg_studio | hair: @glamatelierchicago | photographer: @joshandandreaphotography | planner: @chelseagildedaisleweddings | venue: @thedrakechicago | videographer: @socialbridescollective","venue: @thedrakechicago | planner: @ohanaeventsinc | photographer: @graphsbygretch | videographer: @oakhouseweddingfilms | florist: @stevesflowermarket | dj: @dreamhouseproductions | musician: @andromedaduet | musician: @dbe.off | musician: @dbe.official | cake: @ecbg_studio | jeweler: @andromedaduet | beauty_other: @brow_art_salon_spa_1 | beauty_other: @lueurbeauti"
2377,745,"bridgeportartcenter",2026-06-12,2026-06-28,16,0.111111,1,1,"https://www.instagram.com/p/DZfqxYaEYXo/","https://www.instagram.com/p/DaJESmjlOP3/","catering: @cateredbydesign | dj: @sparkentgroup | photographer: @lillyphoto | venue: @bridgeportartcenter | venue: @venuelogic","venue: @bridgeportartcenter | planner: @ohanaeventsinc | photographer: @graphsbygretch | videographer: @withlove_productions | florist: @bellafloraweddings | dj: @cageandaquarium | attire: @jennyyoonyc | cake: @dalysdonuts | catering: @cateredbydesign | catering: @venuelogic | transportation: @premiertrolley | photobooth: @grinandbearbooth | hotel: @ambassadorchicago | beauty_other: @pinmeupchicago | other: @artofimaginationdecor"
2382,1050,"rpmprivateevents",2026-06-15,2026-08-01,47,0.636364,3,1,"https://www.instagram.com/p/DaA-_-iEbmD/ | https://www.instagram.com/p/DaLS0pcEUN4/ | https://www.instagram.com/p/DZk7osSpwWw/","https://www.instagram.com/p/DbghQToEewW/","attire: @annebargebride | attire: @bellabiancabridalcouture | attire: @cultgaia | cake: @ecbg_studio | dj: @djbryenhall | florist: @thistleandplume | hair: @laurentaylorhairr | hotel: @nobuchicago | hotel: @nobuhotels | makeup: @fearlessandbella | makeup: @makeupwithkristin | photobooth: @fotioco | photographer: @devaephotography | photographer: @yvonejanephoto | planner: @silhouette_group | transportation: @premiertrolley | transportation: @windycitylimousine | venue: @rpmprivateevents","venue: @rpmprivateevents | planner: @silhouette_group | photographer: @devaephotography | photographer: @yvonejanephoto | florist: @thistleandplume | hair: @laurentaylorhairr | makeup: @fearlessandbella | makeup: @makeupwithkristin | dj: @djbryenhall | cake: @ecbg_studio | transportation: @premiertrolley | transportation: @windycitylimousine | photobooth: @fotioco | hotel: @nobuchicago | other: @bellabiancabridalcouture | other: @katiemonster365 | other: @piazzamphotography | other: @tamila_viola"
2386,901,"thegeraghty",2026-06-15,2026-07-18,33,0.714286,1,1,"https://www.instagram.com/p/DZlv_0DjojW/","https://www.instagram.com/p/Da8qHibD6OJ/","band: @themusiccityallstars | beauty_other: @magdarodmakeup | cake: @sweetmandybs | catering: @entertaining_co | florist: @austin_kehoedesigns | florist: @kehoedesigns | hair: @tinamarie.hair | hotel: @rcchicago | photographer: @kentdrakephoto | planner: @alisonrossevents | venue: @thegeraghty | videographer: @xpressvideoproductions","venue: @thegeraghty | photographer: @kentdrakephoto | videographer: @xpressvideoproductions | florist: @austin_kehoedesigns | florist: @kehoedesigns | hair: @tinamarie.hair | musician: @themusiccityallstars | cake: @sweetmandybs | catering: @entertaining_co | hotel: @rcchicago | beauty_other: @magdarodmakeup | other: @theweddingdresser"
2392,705,"chicagomuseumevents",2026-06-15,2026-06-22,7,0.131579,1,2,"https://www.instagram.com/p/DZnUSIyxG6W/","https://www.instagram.com/p/DZ-PXj1kWo-/ | https://www.instagram.com/p/DZ5Z9GaxBXq/","attire: @chicagocustomclothier | attire: @peterlangner | attire: @ultimatebridechicago | cake: @ecbg_ | cake: @fftchicago | catering: @fftchicago | content_creator: @socialbridescollective | dj: @djleemichaels | florist: @annegreyowers | hair: @rarebirdbeauties | makeup: @joeysoluvly | photobooth: @pixsterphotobooth | photographer: @mariahjonesphoto | planner: @kflens | planner: @wedicity_ | rentals: @bbjlatavola | rentals: @tablescapeseventrentals | transportation: @the312limo | venue: @chicagomuseumevents","venue: @chicagomuseumevents | planner: @northwestweddings | photographer: @megan_magee_photography | videographer: @oakhouseweddingfilms | videographer: @socialbridescollective | florist: @prairiehoneyfloralstudio | hair: @megmichelbrides | hair: @megmichelhair | makeup: @joeysoluvly | dj: @dreamhouseproductions | musician: @cloudgatequartet | musician: @treblemonsters | attire: @kyhabride | attire: @kyhastudios | attire: @the_st.jaymes | cake: @ecbg_studio | catering: @gibsonsitalia | rentals: @tablescapeseventrentals | transportation: @the312limo | content_creator: @socialbridescollective | beauty_other: @_goglow | beauty_other: @karissa_naturalbeauty | other: @cloudgatequartet | other: @tablescapeseventrentals"
2394,1262,"fourthchurch",2026-06-15,2026-08-14,60,0.4375,1,2,"https://www.instagram.com/p/DZnZbeEHKxB/","https://www.instagram.com/p/DcCMFkvGmYS/ | https://www.instagram.com/p/DcCNEPTmpsz/","cake: @bittersweetpastryshop | cake: @blackdoggelato | cake: @westinchicagorivernorth | florist: @poppyflowersco | hair: @anomaliebeautyagency | musician: @elegantmusicgroup | photographer: @_teresawilliams | planner: @weddingdaychicago | transportation: @the312limo | venue: @fourthchurch | venue: @theexchangechicago | videographer: @itsemmaxrose","venue: @fourthchurch | venue: @theexchangechicago | planner: @weddingdaychicago | photographer: @_teresawilliams | videographer: @aforevermore.co | florist: @poppyflowersco | musician: @elegantmusicgroup | attire: @leahdagloriabrides | attire: @parkandfifthco | cake: @bittersweetpastryshop | cake: @blackdoggelato | content_creator: @aforevermore.co | beauty_other: @anomaliebeautyagency"
2396,1188,"galleriamarchetti",2026-06-16,2026-08-11,56,0.375,1,1,"https://www.instagram.com/p/DZnzJfwkbjO/","https://www.instagram.com/p/Db6K_BmllOh/","florist: @phillips_flowers | hair: @emilyraebridalhair | makeup: @alyssadianamakeup | photographer: @marissakellyphotography | planner: @clementinechicago | venue: @galleriamarchetti | videographer: @wholeheartvideo","venue: @galleriamarchetti | photographer: @marissakellyphotography | florist: @phillips_flowers | band: @thechicagoplayers"
2402,1106,"revelspace",2026-06-16,2026-08-05,50,0.6875,2,3,"https://www.instagram.com/p/DZpgUyGDZrm/ | https://www.instagram.com/p/DZsFJq7Cjm_/","https://www.instagram.com/p/Db3VeSeDYJt/ | https://www.instagram.com/p/DbqgJsvgI_e/ | https://www.instagram.com/p/Dbs7G3RjQdE/","attire: @theweddingdresser | band: @thechicagoplayers | cake: @lutzbakery | catering: @limelightcatering | florist: @revel_decor | hair: @luxebridesbynicci | makeup: @joeysoluvly | photographer: @studiothisisphotography | planner: @bigcitybride | planner: @hansenmadison | venue: @revelspace | videographer: @wearewholehearted","venue: @revelspace | planner: @bigcitybride | planner: @hansenmadison | photographer: @studiothisisphotography | videographer: @wearewholehearted | florist: @ilana.weisbach | florist: @revel_decor | hair: @luxebridesbynicci | makeup: @joeysoluvly | musician: @thechicagoplayers | attire: @theweddingdresser | cake: @lutzbakery | catering: @limelightcatering | other: @bluepeaktents | other: @frostchicago"
2405,601,"fairliechicago",2026-06-16,2026-05-30,17,0.181818,1,1,"https://www.instagram.com/p/DZp_kBNOWs5/","https://www.instagram.com/p/DY9yM66kurM/","attire: @lbrbridal | catering: @heartyboys | dj: @clikent | florist: @thistleandplume | hair: @that_hair_paige | makeup: @alyssalynnmakeup | photographer: @cass.and.brad | planner: @simplyelegantxo | venue: @fairliechicago","venue: @fairliechicago | planner: @urbanallureevents | photographer: @goldenhoursweddings | catering: @heartyboys"
2410,1290,"chicagoilluminatingcompany",2026-06-17,2026-08-17,61,0.8,2,1,"https://www.instagram.com/p/DaOrJgkDUQi/ | https://www.instagram.com/p/DZqqlmqjcYT/","https://www.instagram.com/p/DcJIQsRj4YU/","catering: @entertaining_co | florist: @lifeinbloom | hair: @eringrahamhair | makeup: @shannonobrienweddings | photographer: @goldenhoursweddings | planner: @clementinechicago | venue: @chicagoilluminatingcompany | videographer: @socialbridescollective","venue: @chicagoilluminatingcompany | planner: @clementinechicago | photographer: @goldenhoursweddings | videographer: @socialbridescollective | florist: @lifeinbloom | hair: @eringrahamhair | makeup: @shannonobrienweddings | catering: @entertaining_co | other: @tablescapeseventrentals | other: @thefestivefrog"
2412,1303,"post433events",2026-06-17,2026-08-17,61,0.363636,1,1,"https://www.instagram.com/p/DZsJ6VOkR2o/","https://www.instagram.com/p/DcHxf8QjHHP/","band: @goldcoastallstars | beauty_other: @leesib | beauty_other: @megmichelhair | cake: @ecbg_studio | catering: @danzigercatering | florist: @lifeinbloom | photographer: @cristinagphoto | planner: @designereventchicago | venue: @post433events | videographer: @imaginationdesigners","venue: @post433events | planner: @designereventchicago | photographer: @cristinagphoto | florist: @lifeinbloom | other: @frostchicago"
2422,1120,"fschicago",2026-06-18,2026-08-06,49,0.619048,1,1,"https://www.instagram.com/p/DZs4UPEpbAm/","https://www.instagram.com/p/DbtslrxCYgt/","band: @westcoastmusicevents | beauty_other: @cade.cosmetics | beauty_other: @shannonobrienweddings | dj: @jerzymuzik | dj: @stagefactor | hair: @hairbyerinahern | musician: @goldcoastevents | photographer: @alexandersattler | photographer: @iamaaronbean | photographer: @spoonphotodesign | planner: @designereventchicago | planner: @lindsaystein | rentals: @nuagedesignsinc | venue: @fschicago","venue: @fschicago | planner: @designereventchicago | planner: @lindsaystein | photographer: @alexandersattler | photographer: @iamaaronbean | photographer: @spoonphotodesign | hair: @hairbyerinahern | dj: @jerzymuzik | dj: @stagefactor | musician: @goldcoastevents | musician: @westcoastmusicevents | rentals: @nuagedesignsinc | beauty_other: @cade.cosmetics | beauty_other: @shannonobrienweddings | other: @charlie_hilbrant | other: @frostchicago | other: @liquidskylaser | other: @magicandcocktails | other: @rishithedesigner | other: @theweddingdresser"
2425,622,"mesonsabika",2026-06-18,2026-06-05,13,0.0952381,1,1,"https://www.instagram.com/p/DZtFA5RFJbj/","https://www.instagram.com/p/DZNv-jBE3K_/","attire: @atelierigarbridal | attire: @betseyjohnson | attire: @dessy_dress | attire: @generationtux | beauty_other: @bridal_by_ashley181 | beauty_other: @magnificentbrides | cake: @alexas_sweetboutique | florist: @floralevents_chicago | hair: @magnificentbrides | photographer: @thekovalchuks | venue: @mesonsabika","venue: @mesonsabika | planner: @happilyeverafterbyamy | photographer: @rachaelwatsonphotography | videographer: @dreamhouseproductions | florist: @floralevents_chicago | attire: @azaziebridal | attire: @herecomesthebrideinc | stationery: @kellyreifss | cake: @deettasbakery | transportation: @napervilleluxurylimousine | photobooth: @shutterboothofficial | beauty_other: @pattymcguirehmuartists"
2454,1146,"armourhouseweddings",2026-06-20,2026-08-08,49,0.384615,1,1,"https://www.instagram.com/p/DZ0KZmyOKEb/","https://www.instagram.com/p/Dby0y1tIPrF/","dj: @sparkentgroup | dj: @therichrockstars | florist: @lavenderfieldsflorist | photographer: @hayleymoorephoto | planner: @northwestweddings | venue: @armourhouseweddings | videographer: @wholeheartvideo","venue: @armourhouseweddings | planner: @northwestweddings | photographer: @hayleymoorephoto | videographer: @wholeheartvideo | dj: @sparkentgroup | attire: @genevievesbridalcouture | attire: @suitsupply | rentals: @lavenderfieldsflorist | beauty_other: @anomaliebeautyagency | other: @andres.zocchi | other: @emzocchi | other: @r.g.jewelers"
2461,687,"armourhouseweddings",2026-06-23,2026-06-18,5,0.05,1,2,"https://www.instagram.com/p/DZ5lcZiRMg5/","https://www.instagram.com/p/DaDbD9nBnDt/ | https://www.instagram.com/p/DZvSHrAGP44/","dj: @arogersofficial | dj: @djleemichaels | florist: @flowersbykh | hair: @bsansostiartistry | makeup: @makeupbyannelisse | photographer: @amandamegmiller | planner: @amfatigato | planner: @lkeventschicago | venue: @armourhouseweddings | videographer: @oldnorthfilmco","venue: @armourhouseweddings | planner: @cjjanda | photographer: @joywlane | photographer: @studiothisisphotography | videographer: @wearewholehearted | hair: @hairbyramsay | makeup: @shannonobrienweddings | band: @stacherocks | musician: @beatmixchicago | musician: @stacherocks | stationery: @chitownlbrown | other: @cjeflowers"
2466,805,"galleriamarchetti",2026-06-23,2026-07-07,14,0.142857,1,1,"https://www.instagram.com/p/DZ6fkXoAAC0/","https://www.instagram.com/p/DaeZU1LFhNQ/","attire: @lovelybridechicago | dj: @greenlinetalent | florist: @mertleanddot | hair: @i_ellebeauty | musician: @piotrowski_strings | photobooth: @360eventrentalz | photographer: @mayahleephotography | planner: @amandapevents_ | venue: @galleriamarchetti | videographer: @j.j_films","venue: @galleriamarchetti | planner: @amandapevents_ | videographer: @smilingtoadfilms | florist: @hedoniaflowers | musician: @toastandjamdjs | beauty_other: @blushandbraidsbeautybar"
2468,1309,"harristheaterchicago",2026-06-23,2026-08-17,55,0.515152,1,1,"https://www.instagram.com/p/DZ7oOZCkez3/","https://www.instagram.com/p/DcJQiB9EVz_/","attire: @bridalreflectionsny | attire: @galialahav | attire: @theweddingdresser | band: @elis.band | cake: @ecbg_studio | catering: @limelightcatering | content_creator: @socialbridescollective | dj: @djmetro16 | dj: @johnvincentlive | hair: @cuts.by.amanda | makeup: @rarebirdbeauties | photobooth: @bugbooth | photographer: @kylejohnphoto | planner: @lolaeventpros | rentals: @bbjlatavola | rentals: @hmrdesigns | rentals: @nuagedesignsinc | rentals: @thefestivefrog | stationery: @impress_designstudio | transportation: @ridestg | transportation: @windycitylimousine | venue: @harristheaterchicago","venue: @harristheaterchicago | planner: @lolaeventpros | planner: @lolamichellev | photographer: @kylejohnphoto | videographer: @highway61films | videographer: @socialbridescollective | hair: @cutsbyamanda | hair: @hairbyamandakosiek | makeup: @rarebirdbeauties | dj: @djmetro16 | dj: @johnvincentlive | dj: @successful_twan | band: @elis.band | musician: @elis.band | attire: @bridalreflectionsny | attire: @galialahav | attire: @theweddingdresser | stationery: @impress_designstudio | cake: @ecbg_studio | catering: @binnysbev | catering: @limelightcatering | rentals: @bbjlatavola | rentals: @brittanieahrens | rentals: @hmrdesigns | rentals: @nuagedesignsinc | rentals: @thefestivefrog | transportation: @ridestg | transportation: @waytogolimousine | transportation: @windycitylimousine | photobooth: @bugbooth | content_creator: @socialbridescollective | other: @frostchicago | other: @impress_designstudio | other: @vipvaletservice"
2474,484,"thewellsley",2026-06-23,2026-04-30,54,0.5,2,1,"https://www.instagram.com/p/DaS6AkwDT3s/ | https://www.instagram.com/p/DZ77Avkk6K0/","https://www.instagram.com/p/DXxJUtAmFV7/","band: @bluewaterkingsband | cake: @whatsfortea_chicago | florist: @flowersfordreams | hair: @finemakeupart312 | photographer: @paigemckenzi | photographer: @paigemckenzie | planner: @amandapevents_ | venue: @thewellsley","venue: @thewellsley | photographer: @paigemckenzi | florist: @flowersfordreams | hair: @finemakeupart312 | musician: @bluewaterkingsband | cake: @whatsfortea_chicago | catering: @bokacateringchicago"
2486,733,"thedrakechicago",2026-06-25,2026-06-26,1,0.111111,2,3,"https://www.instagram.com/p/DaDoSotmTOr/ | https://www.instagram.com/p/DZ_WOg9FCV-/","https://www.instagram.com/p/DadFZpakav_/ | https://www.instagram.com/p/DaDJpDcEYtP/ | https://www.instagram.com/p/DaEIiqwFLbg/","cake: @ecbg_studio | dj: @okynegroup | florist: @flowersfordreams | hair: @pinmeupchicago | photographer: @bonphotage | photographer: @bonphotage.associates | planner: @simplyelegantxo | venue: @thedrakechicago","venue: @thedrakechicago | planner: @ohanaeventsinc | photographer: @graphsbygretch | videographer: @oakhouseweddingfilms | florist: @stevesflowermarket | dj: @dreamhouseproductions | musician: @andromedaduet | musician: @dbe.off | musician: @dbe.official | cake: @ecbg_studio | jeweler: @andromedaduet | beauty_other: @brow_art_salon_spa_1 | beauty_other: @lueurbeauti"
2489,724,"morgan.mfg",2026-06-25,2026-06-25,0,0.130435,1,2,"https://www.instagram.com/p/DaA2jcuO04a/","https://www.instagram.com/p/DaBEa-2FdcO/ | https://www.instagram.com/p/DalFao9g48R/","band: @lakeshore_encores | catering: @entertaining_co | florist: @josephsevents_ | hair: @_am_hair_ | hair: @moda_bridal | makeup: @beautybyadelinellc | photographer: @enduringmoments | planner: @jamiebotoninc | rentals: @bbjlatavola | rentals: @tablescapeseventrentals | stationery: @ericksondesignchicago | venue: @morgan.mfg | videographer: @diamondpeakfilms","venue: @morgan.mfg | planner: @bethbernstein.events | photographer: @sallyodonnellphotography | videographer: @amorellaevents | videographer: @characterdfilms | florist: @lifeinbloom | dj: @goldcoastevents | attire: @theweddingdresser | stationery: @steraclepress | catering: @entertaining_co | rentals: @bbjlatavola | rentals: @nuagedesignsinc | other: @silenceactivations"
2493,999,"post433events",2026-06-26,2026-07-28,32,0.705882,1,1,"https://www.instagram.com/p/DaLZeryOMLx/","https://www.instagram.com/p/DbWcg3YDwDc/","attire: @dublinwench | attire: @theweddingdresser | cake: @flourishcakedesign | catering: @entertaining_co | dj: @mattroan | florist: @brittanieahrens | florist: @hmrdesigns | hair: @hairbykarlaj_ | makeup: @dawnblissbeauty | musician: @beatmixchicago | photographer: @olivialeigh | planner: @eventsbyshaunrajah | stationery: @ericksondesignchicago | venue: @post433events | videographer: @lvi_films","venue: @post433events | planner: @eventsbyshaunrajah | photographer: @olivialeigh | videographer: @ivi_films | florist: @brittanieahrens | florist: @hmrdesigns | hair: @hairbykarlaj_ | makeup: @dawnblissbeauty | band: @mattroan | musician: @beatmixchicago | attire: @theweddingdresser | stationery: @ericksondesignchicago | cake: @flourishcakedesign | catering: @entertaining_co"
2496,622,"mesonsabika",2026-06-26,2026-06-05,21,0.0454545,1,1,"https://www.instagram.com/p/DaBVYypiU3c/","https://www.instagram.com/p/DZNv-jBE3K_/","attire: @jjshoes.oficial | attire: @menswearhouse | attire: @vanessasmodernbride | cake: @mooseandmebakery | content_creator: @amoranalog | dj: @soundsgoodgeoff | florist: @dlnfloral | hair: @appease2you | musician: @elegantmusicgroup | stationery: @zola | venue: @mesonsabika","venue: @mesonsabika | planner: @happilyeverafterbyamy | photographer: @rachaelwatsonphotography | videographer: @dreamhouseproductions | florist: @floralevents_chicago | attire: @azaziebridal | attire: @herecomesthebrideinc | stationery: @kellyreifss | cake: @deettasbakery | transportation: @napervilleluxurylimousine | photobooth: @shutterboothofficial | beauty_other: @pattymcguirehmuartists"
2506,685,"lshiremarriott",2026-06-26,2026-06-17,9,0.1875,1,1,"https://www.instagram.com/p/DaDxY--nJQN/","https://www.instagram.com/p/DZsWfjADtpV/","cake: @lovinovencakery | dj: @djdjones | florist: @flowersbykh | hair: @makeupfrancesca | photographer: @igphotovideo | planner: @goldmineevents | venue: @lshiremarriott","venue: @lshiremarriott | planner: @rachaelsteacyevents | photographer: @emullinsphoto | florist: @flowersbykh | dj: @okynemedialab | attire: @emanueletuxedo | attire: @pronovias | stationery: @minted | cake: @lovinovencakery | officiant: @hitchedbymv | jeweler: @jaredjewelers | beauty_other: @bridalartistryteam"
2508,1318,"bridgeportartcenter",2026-06-27,2026-08-18,52,0.428571,1,1,"https://www.instagram.com/p/DbO8k9qjkWh/","https://www.instagram.com/p/DcMlji1nEsm/","attire: @menswearhouse | attire: @vollesbridal | catering: @cateredbydesign | dj: @rebelentertainmentgroup | florist: @bellesandthistles | makeup: @sandythinnes_mua | photographer: @madiellisphoto | planner: @glowingmomentsevents | rentals: @art_imagination | venue: @bridgeportartcenter","venue: @bridgeportartcenter | planner: @glowingmomentschicago | photographer: @madiellisphoto | florist: @bellesandthistles | makeup: @sandythinnes_mua | band: @rebelentertainmentgroup | attire: @menswearhouse | attire: @vollesbridal | catering: @venuelogic | other: @art_imagination"
2513,1222,"thelibraryat190",2026-06-27,2026-08-12,46,0.526316,1,1,"https://www.instagram.com/p/DaGIiVqDunC/","https://www.instagram.com/p/Db9FRD1mlqD/","cake: @flourishcakedesign | catering: @entertaining_co | content_creator: @lanoviacreations | dj: @beatmixchicago | florist: @lifeinbloom | hair: @bridalartistryteam | officiant: @the.urban.union | photographer: @kentdrakephoto | planner: @eventsbyshaunrajah | rentals: @tailoredelements3520 | stationery: @bydamistudiosnyc | transportation: @midwesttransportation | venue: @thelibraryat190 | videographer: @lvi_films","venue: @thelibraryat190 | planner: @eventsbyshaunrajah | photographer: @kentdrakephoto | videographer: @lanoviacreations | videographer: @lvi_films | florist: @lifeinbloom | hair: @bridalartistryteam | dj: @beatmixchicago | stationery: @bydamistudiosnyc | cake: @flourishcakedesign | catering: @entertaining_co | rentals: @tailoredelements3520 | transportation: @midwesttransportation | officiant: @the.urban.union | content_creator: @lanoviacreations | other: @eleganteventlighting | other: @kyjsteiner | other: @thefestivefrog | other: @theweddingdresser"
2515,1009,"lshiremarriott",2026-06-28,2026-07-29,31,0.928571,1,2,"https://www.instagram.com/p/DaIoeD6RdtT/","https://www.instagram.com/p/Dba8GFtEagc/ | https://www.instagram.com/p/DbYhS9WkUF7/","beauty_other: @hairs2thebride | dj: @djjeetchicago | dj: @shaadientertainment | dj: @the.donnybrooks | florist: @f4dweddings | officiant: @forever.incredible | photographer: @devaephotography | photographer: @kaileereiphotography | photographer: @roostandharborphoto | planner: @_eleganteweddingsandevents | planner: @misspaigeelizabeth | venue: @lshiremarriott | videographer: @goodweddingfilms","venue: @lshiremarriott | planner: @_eleganteweddingsandevents | planner: @misspaigeelizabeth | photographer: @devaephotography | photographer: @kaileereiphotography | photographer: @roostandharborphoto | videographer: @goodweddingfilms | florist: @f4dweddings | dj: @djeetchicago | dj: @djjeetchicago | dj: @shaadientertainment | dj: @the.donnybrooks | catering: @ashyanacatering | officiant: @forever.incredible | beauty_other: @hairs2thebride"
2531,1011,"uccweddings",2026-07-01,2026-07-29,28,0.538462,1,1,"https://www.instagram.com/p/DaQfYJWFEU9/","https://www.instagram.com/p/DbYo1NnlryO/","attire: @kyhabrid | dj: @thedjfirm | florist: @flowerchild_floraldesign | hair: @emilyraebridalhair | makeup: @alyssadianamakeup | photographer: @marissakellyphotography | planner: @clementinechicago | planner: @maryplansweddings | venue: @uccweddings | videographer: @aforevermore.co","venue: @clementinechicago | venue: @uccweddings | planner: @maryplansweddings | photographer: @marissakellyphotography | florist: @flowerchild_floraldesign | hair: @emilyraebridalhair | makeup: @alyssadianamakeup | dj: @thedjfirm | other: @aforevermore.co | other: @kyhabride"
2532,222,"vcollectiverooftop",2026-07-01,2025-09-26,278,0.6,1,1,"https://www.instagram.com/p/DaQjnLkDr4S/","https://www.instagram.com/p/DPDEYY_jWFI/","cake: @sweetmandybs | catering: @cocinafusioncatering | content_creator: @socialbridescollective | florist: @sweet.peadesignstudio | photographer: @jessonesto | planner: @bwstudio_events | rentals: @covered_affairs | venue: @vcollectiverooftop","venue: @vcollectiverooftop | planner: @bwstudio_events | photographer: @jessonesto | videographer: @socialbridescollective | florist: @sweet.peadesignstudio | dj: @greenlinetalent | cake: @sweetmandybs | rentals: @covered_affairs"
2537,829,"thelibraryat190",2026-07-02,2026-07-10,8,0.136364,2,1,"https://www.instagram.com/p/DabreTcDkYh/ | https://www.instagram.com/p/DaSynRQjgp7/","https://www.instagram.com/p/Dan4YdqRljG/","attire: @taruntahiliani | beauty_other: @bridalartistryteam | catering: @ashayanacatering | dj: @nicky_avalo_studios | hotel: @westinmichiganave | jeweler: @kairavthewhitelotusjewels | jeweler: @punjab.jewels | photographer: @ariellegallione | planner: @designedanddetailedevents | transportation: @midwesttransitsystem | venue: @thelibraryat190 | venue: @tigerlilyevents | videographer: @wholeheartvideo","venue: @thelibraryat190 | planner: @angelatremore | planner: @jennifernsch | planner: @shh.events | photographer: @nishifoto | videographer: @wholeheartvideo | florist: @juliettanfloraldesign | hair: @windycityglam | dj: @cageandaquarium | cake: @bittersweetpastryshop | transportation: @midwesttransitsystem | other: @uchicago"
2539,789,"lpconservancy",2026-07-02,2026-07-05,3,0.125,1,1,"https://www.instagram.com/p/DaTBwnRDgL7/","https://www.instagram.com/p/DabgoEvGJJm/","cake: @universityclubofchicago | florist: @f4dweddings | florist: @flowersfordreams | photographer: @emullinsphoto | venue: @lpconservancy | venue: @uccweddings","venue: @lpconservancy | florist: @cjeflowers | officiant: @4everincredible"
2540,756,"chicagoilluminatingcompany",2026-07-02,2026-06-29,3,0.0714286,1,2,"https://www.instagram.com/p/DaTExBrkSNI/","https://www.instagram.com/p/DafstVCD6e3/ | https://www.instagram.com/p/DaLTDmFx7au/","attire: @justinalexandersignature | attire: @menssuitwarehouse | cake: @cake_chicago | catering: @bokacateringchicago | dj: @yazzjazzmusicandproductions | florist: @erinmcdonaldco | hair: @beautybyannkrause | photographer: @rachaelkazmier | planner: @noraeventschicago | rentals: @tablescapeseventrentals | venue: @chicagoilluminatingcompany","venue: @chicagoilluminatingcompany | planner: @reverieandcoevents | photographer: @brookeanddavid | videographer: @aforevermore.co | videographer: @ecbg_studio | florist: @aforevermore | florist: @frostchicago | florist: @revel_decor | hair: @lueurbeauti | dj: @thedjfirm | cake: @ecbg_studio | cake: @frostchicago | catering: @jandlcatering | rentals: @revel_decor | rentals: @tablescapeseventrentals | hotel: @magmilemarriott | beauty_other: @lueurbeauti | other: @chicagoilluminatingcompany | other: @magmilemarriott"
2543,733,"thedrakechicago",2026-07-03,2026-06-26,7,0.117647,1,3,"https://www.instagram.com/p/DaTcnB6nwa_/","https://www.instagram.com/p/DadFZpakav_/ | https://www.instagram.com/p/DaDJpDcEYtP/ | https://www.instagram.com/p/DaEIiqwFLbg/","cake: @ecbg_studio | dj: @toastandjamdjs | florist: @juliettanfloraldesign | photographer: @arielle.peters | planner: @afterglowweddingsandevents | venue: @thedrakechicago | videographer: @thenoahrough","venue: @thedrakechicago | planner: @ohanaeventsinc | photographer: @graphsbygretch | videographer: @oakhouseweddingfilms | florist: @stevesflowermarket | dj: @dreamhouseproductions | musician: @andromedaduet | musician: @dbe.off | musician: @dbe.official | cake: @ecbg_studio | jeweler: @andromedaduet | beauty_other: @brow_art_salon_spa_1 | beauty_other: @lueurbeauti"
2545,622,"mesonsabika",2026-07-03,2026-06-05,28,0.222222,1,1,"https://www.instagram.com/p/DaVYd4Ejqtg/","https://www.instagram.com/p/DZNv-jBE3K_/","attire: @herecomesthebrideinc | cake: @deettasbakery | dj: @impulsedjs | florist: @floralevents_chicago | hair: @montagesalonspa | photographer: @karlyellisphotography | photographer: @lex_payne8 | photographer: @rachel__create | venue: @mesonsabika | videographer: @wynnfilms","venue: @mesonsabika | planner: @happilyeverafterbyamy | photographer: @rachaelwatsonphotography | videographer: @dreamhouseproductions | florist: @floralevents_chicago | attire: @azaziebridal | attire: @herecomesthebrideinc | stationery: @kellyreifss | cake: @deettasbakery | transportation: @napervilleluxurylimousine | photobooth: @shutterboothofficial | beauty_other: @pattymcguirehmuartists"
2546,733,"thedrakechicago",2026-07-03,2026-06-26,7,0.0526316,1,3,"https://www.instagram.com/p/DaVcCvJhSOM/","https://www.instagram.com/p/DadFZpakav_/ | https://www.instagram.com/p/DaDJpDcEYtP/ | https://www.instagram.com/p/DaEIiqwFLbg/","beauty_other: @rarebirdbeauties | florist: @mangelflorist | photographer: @chadhusar | photographer: @studiothisisphotography | planner: @bigcitybride | planner: @johnnaneilson | venue: @thedrakechicago | videographer: @wearewholehearted","venue: @thedrakechicago | planner: @ohanaeventsinc | photographer: @graphsbygretch | videographer: @oakhouseweddingfilms | florist: @stevesflowermarket | dj: @dreamhouseproductions | musician: @andromedaduet | musician: @dbe.off | musician: @dbe.official | cake: @ecbg_studio | jeweler: @andromedaduet | beauty_other: @brow_art_salon_spa_1 | beauty_other: @lueurbeauti"
2548,954,"colvinevents",2026-07-03,2026-07-24,21,0.272727,1,1,"https://www.instagram.com/p/DaViGYLuL8E/","https://www.instagram.com/p/DbL0kgwFpQF/","attire: @atelierigarbridal | dj: @cageandaquarium | dj: @rawzhel | florist: @ecowildeweddings | hair: @glamhairbyjoanna | makeup: @giselledozier | photographer: @anna_mustyats | venue: @colvinevents | videographer: @goodweddingfilms | videographer: @socialweddclub","venue: @colvinevents | photographer: @anna_mustyats | hair: @glamhairbyjoanna | beauty_other: @giselledozier"
2549,791,"sarabandechicago",2026-07-03,2026-07-05,2,0.333333,1,1,"https://www.instagram.com/p/DaVk_DllAN7/","https://www.instagram.com/p/DaaqythEVQ7/","attire: @kittychencouture | attire: @petermillar | catering: @paramountevents | dj: @stylemattersdjs | florist: @stellagreyblooms | hair: @robin_mroz | jeweler: @holtzmannsjewelry | makeup: @tamaramakeup | photographer: @emullinsphoto | planner: @elegantsophisticatedaffairs | venue: @sarabandechicago","venue: @sarabandechicago | photographer: @emullinsphotogram | florist: @stellagreyblooms | hair: @robin_mroz | hair: @tamaramakeup | dj: @stylemattersdjs | catering: @paramountevents | transportation: @the312limo | other: @prestige6249"
2550,949,"rpmprivateevents",2026-07-03,2026-07-23,20,0.0666667,1,1,"https://www.instagram.com/p/DaVqrx7lp8h/","https://www.instagram.com/p/DbJ0FGNwdfR/","cake: @flourishcakedesign | catering: @lettuceparties | dj: @mauricejoshua | dj: @newmoonchicago | florist: @oliverdogwood | photobooth: @magicmomentphotobooth | photographer: @sheriwhitko | planner: @paulettewolfevents | rentals: @boweryandbash | rentals: @nuagedesignsinc | rentals: @tablescapeseventrentals | rentals: @tailoredelements3520 | venue: @rpmprivateevents","venue: @rpmprivateevents | planner: @erikasummersevents | rentals: @taylorandcoevents"
2556,687,"armourhouseweddings",2026-07-05,2026-06-18,17,0.0714286,1,2,"https://www.instagram.com/p/DaaijtsAP9h/","https://www.instagram.com/p/DaDbD9nBnDt/ | https://www.instagram.com/p/DZvSHrAGP44/","photographer: @lusia_studio_photography | planner: @southwind.events | venue: @armourhouseweddings | venue: @saintsjfx_wilmette","venue: @armourhouseweddings | planner: @cjjanda | photographer: @joywlane | photographer: @studiothisisphotography | videographer: @wearewholehearted | hair: @hairbyramsay | makeup: @shannonobrienweddings | band: @stacherocks | musician: @beatmixchicago | musician: @stacherocks | stationery: @chitownlbrown | other: @cjeflowers"
2579,678,"cantignypark",2026-07-09,2026-06-17,22,0.0769231,1,1,"https://www.instagram.com/p/Dak6jE3kVAI/","https://www.instagram.com/p/DZs55HJFAa4/","hair: @artistryhairbridal | photographer: @adeereebphotography | venue: @cantignypark | videographer: @aforevermore.co | videographer: @foreverhellofilms","venue: @cantignypark | planner: @afterglowweddingsandevents | photographer: @graphsbygretch | florist: @willrettflowercompany | dj: @toastandjamdjs | cake: @sweetmandybs | transportation: @royalcarriage_limo | beauty_other: @debpetrielli | beauty_other: @windycityglam"
2582,626,"formentoschi",2026-07-09,2026-06-06,33,0.583333,1,1,"https://www.instagram.com/p/DalL3Y9GgiX/","https://www.instagram.com/p/DZPy8kvuPvf/","cake: @ecbg_studio | dj: @totalharmonyent | florist: @sweet.peadesignstudio | hair: @ashleyyounghair | makeup: @makeupwithsandyg | photographer: @varya.png | planner: @afterglowweddingsandevents | venue: @formentoschi | videographer: @kostoproduction","venue: @formentoschi | planner: @afterglowweddingsandevents | photographer: @varya.png | videographer: @kostoproduction | florist: @sweet.peadesignstudio | hair: @ashleyyounghair | attire: @honey_bridal | cake: @ecbg_studio | rentals: @party_arch | other: @makeupwithsandyg"
2595,937,"thefarmhouseplainfield",2026-07-14,2026-07-22,8,0.416667,1,2,"https://www.instagram.com/p/Dav9syvoHhz/","https://www.instagram.com/p/Db5u2AyTgdJ/ | https://www.instagram.com/p/DbGvU1TTfDF/","cake: @deettasbakery | dj: @okynegroup | florist: @stemsandpetalsplainfield | hair: @kristenlpaige | makeup: @magnificentbrides | planner: @bigcitybride | planner: @jena__hansen | venue: @thefarmhouseplainfield","venue: @thefarmhouseplainfield | planner: @bigcitybride | photographer: @spoonphotodesign | videographer: @gordino_photoandvideo | florist: @stemsandpetalsplainfield | makeup: @magnificentbrides | dj: @okynemedialab | cake: @deettasbakery | catering: @chef_by_request"
2598,1237,"revelspace",2026-07-14,2026-08-13,30,0.909091,2,1,"https://www.instagram.com/p/DaxmwQdiMOu/ | https://www.instagram.com/p/DbGM_pWCJkk/","https://www.instagram.com/p/Db-7qe8AgsV/","attire: @dessygroup | attire: @dimitrasbridalcouture | beauty_other: @rarebirdbeauties | cake: @alliancebakery | catering: @jules_bbe | catering: @limelightcatering | florist: @ilana.weisbach | florist: @revel_decor | hotel: @hamptonbyhilton | hotel: @marquis_chicago | musician: @rushstreetrhythm | officiant: @somethingprofoundweddings | photobooth: @pixterphotobooth | photographer: @allisonfrancois_ | planner: @olivefineweddings | stationery: @steraclepress | transportation: @premiertrolley | transportation: @ridestg | transportation: @vipvaletservices | venue: @revelspace | videographer: @ziinoweddingfilms","venue: @revelspace | planner: @olivefineweddings | photographer: @allisonfrancois_ | videographer: @ziinoweddingfilms | florist: @revel_decor | musician: @rushstreetrhythm | attire: @dessygroup | attire: @dimitrasbridalcouture | stationery: @steraclepress | cake: @alliancebakery | catering: @jules_bbe | catering: @limelightcatering | transportation: @premiertrolley | transportation: @ridestg | transportation: @vipvaletservices | photobooth: @pixterphotobooth | officiant: @somethingprofoundweddings | hotel: @hamptonbyhilton | hotel: @marquis_chicago | beauty_other: @rarebirdbeauties | other: @portilloshotdogs"
2599,1226,"adlerplanet",2026-07-14,2026-08-13,30,0.44,1,1,"https://www.instagram.com/p/DayEoONgbXo/","https://www.instagram.com/p/Db_4ebxJuff/","band: @goldcoastevents | band: @thechicagoplayers | cake: @sweetmandybs | catering: @fftchicago | dj: @sparkentgroup | hair: @magnificentbrides | hotel: @parkhyattchicago | makeup: @danielagarciabeauty | photobooth: @photique.co | photographer: @lillyphoto | planner: @alexakarkazis | planner: @thecreativeplanners | rentals: @lafleur.decor | stationery: @idjmad | transportation: @chicagosupercoach | venue: @adlerplanet","venue: @adlerplanet | planner: @alexakarkazis | planner: @thecreativeplanners | photographer: @lillyphoto | hair: @magnificentbrides | makeup: @danielagarciabeauty | dj: @dridstar | dj: @sparkentgroup | musician: @komaldagaria | musician: @thechicagoplayers | musician: @windycitydiamonds | attire: @enauranewyork | cake: @sweetmandybs | catering: @fftchicago | rentals: @alyona_lafleur | rentals: @lafleur.decor | rentals: @lafleurdecor.miami | photobooth: @plan.a.studios | hotel: @parkhyattchicago | other: @johnkatesart"
2613,702,"cityhallchicagoevents",2026-07-16,2026-06-21,25,0.705882,1,2,"https://www.instagram.com/p/Da1IlZIyO6X/","https://www.instagram.com/p/DZ2hthtRkMg/ | https://www.instagram.com/p/DZ3L80iCeuM/","attire: @crystalbrideofficial | attire: @menswearhouse | catering: @blueplatechicago | dj: @okynegroup | florist: @athanasiadesign | hair: @pinmeupchicago | makeup: @pinmeupchicago | planner: @rz.pao | planner: @shh.events | planner: @vanessa__delaney | transportation: @partybuschicagoemperor | venue: @cityhallchicagoevents | videographer: @blushandbriarfilms","venue: @cityhallchicagoevents | planner: @rz.pao | planner: @shh.events | planner: @vanessa__delaney | videographer: @blushandbriarfilms | florist: @athanasiadesign | hair: @hair_by_paulinagonzalez | hair: @lilymeloskinandbeauty | hair: @pinmeupchicago | makeup: @lilymeloskinandbeauty | dj: @okynegroup | attire: @crystalbrideofficial | attire: @menswearhouse | catering: @blueplatechicago | transportation: @partybuschicagoemperor | other: @yellowshoeseventrentals"
2615,855,"ivyroomchicago",2026-07-16,2026-07-14,2,0.105263,1,1,"https://www.instagram.com/p/Da25hX6FZt1/","https://www.instagram.com/p/Dax5lO0xOuE/","beauty_other: @anomaliebeautyagency | cake: @bittersweetpastryshop | catering: @ivyroomchicago | dj: @highsocietyorch | florist: @yannidesignstudio | photographer: @mayahleephotography | photographer: @mlp.associates | planner: @kflens | planner: @wedicity_ | transportation: @chicagocloud9limos | venue: @ivyroomchicago | videographer: @jonathanpalomo_ | videographer: @mayahleephotography","venue: @ivyroomchicago | photographer: @randialycephoto | florist: @petalpushr | dj: @stylemattersdjs | musician: @quartetparapluie | transportation: @chicagocloud9limos | other: @blushandbraidsbeautybar | other: @stjosaphatparish"
2629,678,"cantignypark",2026-07-17,2026-06-17,30,0.0588235,2,1,"https://www.instagram.com/p/Da4H7dSjbl3/ | https://www.instagram.com/p/Da5i3d_kd5B/","https://www.instagram.com/p/DZs55HJFAa4/","attire: @mira_couture | attire: @theblacktux | florist: @themomentintime_ | hair: @glamhairbyjoanna | makeup: @beautybytassi | photographer: @williams_emily | planner: @northwestweddings | venue: @cantignypark | videographer: @chi.movies","venue: @cantignypark | planner: @afterglowweddingsandevents | photographer: @graphsbygretch | florist: @willrettflowercompany | dj: @toastandjamdjs | cake: @sweetmandybs | transportation: @royalcarriage_limo | beauty_other: @debpetrielli | beauty_other: @windycityglam"
2630,1167,"waldenchicago",2026-07-17,2026-08-10,24,0.0526316,1,1,"https://www.instagram.com/p/Da5EAu_FXJF/","https://www.instagram.com/p/Db3hW1ssn9j/","attire: @bellabelleshoes | attire: @knotstandard | attire: @mira_couture | attire: @netadover_bridal | florist: @thistleandplume | hair: @nichebeauty.bykaedi | jeweler: @rljewelers | makeup: @joeysoluvly | photographer: @genuinelyjo | venue: @waldenchicago","venue: @waldenchicago | photographer: @anapiersonphotography | videographer: @wholeheartvideo | florist: @sweet.peadesignstudio | hair: @krystlefrey | dj: @djdoncarlo | band: @mdmentertainmentchicago | catering: @cannoliboychicago | rentals: @windycitylinen | other: @doncarloevents"
2631,710,"chicagoculturalcenter",2026-07-17,2026-06-23,24,0.12,1,2,"https://www.instagram.com/p/Da5YWBxGkvO/","https://www.instagram.com/p/DZ-lXOGREwL/ | https://www.instagram.com/p/DZ8JxmegZTk/","beauty_other: @diemangiebeauty | catering: @jandlcatering | dj: @312entertainment | dj: @djakib | florist: @yannidesignstudio | photographer: @amandamegmiller | planner: @_eleganteweddingsandevents | rentals: @bbjlatavola | venue: @chicagoculturalcenter | videographer: @morninglightfilmco","venue: @chicagoculturalcenter | planner: @detailschi | photographer: @danaannweddings | photographer: @goldenhoursweddings | videographer: @aforevermore.co | florist: @hmrdesigns | florist: @twbaker.events | dj: @djakib | dj: @goldcoastallstars | attire: @lbrbridal | attire: @suitsupply | catering: @bokacateringchicago | catering: @bokachicago | rentals: @bbjlatavola | rentals: @tablescapeseventrentals | content_creator: @aforevermore.co | other: @byaeris_ | other: @clarecfisher | other: @meaningfulletters_"
2638,1286,"uccweddings",2026-07-18,2026-08-16,29,0.117647,2,1,"https://www.instagram.com/p/Da68RXhDT7b/ | https://www.instagram.com/p/DbWhbn5RGDI/","https://www.instagram.com/p/DcHJEynv8yx/","band: @drywaterband | florist: @stevesflowermarket | hair: @pattymcguirehmuartists | photographer: @nakaiphotography | planner: @clementinechicago | planner: @suzysparacio | venue: @uccweddings | venue: @universityclubofchicago | videographer: @mirarweddings","venue: @uccweddings | venue: @universityclubofchicago | planner: @lobowles | planner: @stunningandbrilliantevents | photographer: @nicolemoriscophotography | videographer: @shutterandsound | florist: @lavenderfieldsflorist | band: @bluewaterkingsband | content_creator: @socialbridescollective | beauty_other: @byaeris_"
2642,925,"post433chicago",2026-07-18,2026-07-21,3,0.0588235,1,1,"https://www.instagram.com/p/Da79SA0jlIg/","https://www.instagram.com/p/DbEK9x3EVyr/","florist: @vh__designs | hair: @rarebirdbeauties | makeup: @esmemuaxo | musician: @brentrolland | musician: @figmedia | musician: @fretlessmusic | officiant: @iamlizrae | officiant: @lizraeandco | photobooth: @ffftchicago | photographer: @katyycarl | planner: @hbicweddings | rentals: @eleganteventlighting | venue: @post433chicago | venue: @post433events","venue: @post433chicago | planner: @emeraldeventsbysonam | dj: @hollybollyunlimited | rentals: @yannidesignstudio"
2648,1307,"revelspace",2026-07-19,2026-08-17,29,0.222222,1,1,"https://www.instagram.com/p/Da-TMBIRQy0/","https://www.instagram.com/p/DcJQjFJgIbN/","dj: @djdjones | dj: @sparkentgroup | photographer: @alishatova | planner: @lolaeventpros | rentals: @revel_decor | venue: @revelspace | videographer: @palumfilms","venue: @revelspace | planner: @revelglobalevents | catering: @limelightcatering | rentals: @revel_decor"
2657,1290,"chicagoilluminatingcompany",2026-07-21,2026-08-17,27,0.1,2,1,"https://www.instagram.com/p/DbB6LETlOfV/ | https://www.instagram.com/p/DbmRzIYjXz4/","https://www.instagram.com/p/DcJIQsRj4YU/","cake: @sweetmandybs | catering: @entertaining_co | dj: @djbryenhall | florist: @fleurinc | hair: @rarebirdbeauties | musician: @3rdcoastlive | photobooth: @ohanaeventsinc | photographer: @graphsbygretch | planner: @jenna_rainey | planner: @ohanaeventsinc | venue: @chicagoilluminatingcompany | videographer: @flowerandoakfilms","venue: @chicagoilluminatingcompany | planner: @clementinechicago | photographer: @goldenhoursweddings | videographer: @socialbridescollective | florist: @lifeinbloom | hair: @eringrahamhair | makeup: @shannonobrienweddings | catering: @entertaining_co | other: @tablescapeseventrentals | other: @thefestivefrog"
2668,1293,"bridgeportartcenter",2026-07-21,2026-08-17,27,0.1,1,1,"https://www.instagram.com/p/DbD2Fs2HAUJ/","https://www.instagram.com/p/DcKQYKfBRsF/","catering: @butterandvine | dj: @thedjfirm | florist: @westgateflowers | photographer: @wilderluststudio | venue: @bridgeportartcenter","venue: @bridgeportartcenter | florist: @thistleandplume | dj: @djvestus | content_creator: @chicagostyleweddings | other: @venuelogic | other: @weddingdaychicago"
2669,570,"thewellsley",2026-07-21,2026-05-21,61,0.333333,1,1,"https://www.instagram.com/p/DbECEcpjAu9/","https://www.instagram.com/p/DYmrl0XkSa2/","band: @upbeatorchestra | florist: @hedoniaflowers | photographer: @everly.collective | planner: @amandapevents_ | venue: @thewellsley","venue: @thewellsley | florist: @hedoniaflowers | band: @upbeatorchestra | attire: @plumebridal | attire: @verstolo | catering: @bokacateringchicago | beauty_other: @rarebirdbeauties"
2670,1120,"fschicago",2026-07-21,2026-08-06,16,0.619048,2,1,"https://www.instagram.com/p/DbEFipyCcds/ | https://www.instagram.com/p/DbtslrxCYgt/","https://www.instagram.com/p/DbtslrxCYgt/","band: @westcoastmusicevents | beauty_other: @cade.cosmetics | beauty_other: @shannonobrienweddings | dj: @jerzymuzik | dj: @stagefactor | hair: @hairbyerinahern | musician: @goldcoastevents | photographer: @alexandersattler | photographer: @iamaaronbean | photographer: @spoonphotodesign | planner: @designereventchicago | planner: @lindsaystein | rentals: @nuagedesignsinc | venue: @fschicago","venue: @fschicago | planner: @designereventchicago | planner: @lindsaystein | photographer: @alexandersattler | photographer: @iamaaronbean | photographer: @spoonphotodesign | hair: @hairbyerinahern | dj: @jerzymuzik | dj: @stagefactor | musician: @goldcoastevents | musician: @westcoastmusicevents | rentals: @nuagedesignsinc | beauty_other: @cade.cosmetics | beauty_other: @shannonobrienweddings | other: @charlie_hilbrant | other: @frostchicago | other: @liquidskylaser | other: @magicandcocktails | other: @rishithedesigner | other: @theweddingdresser"
2674,1167,"waldenchicago",2026-07-23,2026-08-10,18,0.0526316,1,1,"https://www.instagram.com/p/DbHG5ZWmYZ8/","https://www.instagram.com/p/Db3hW1ssn9j/","attire: @weddingshoppeinc | cake: @sweetmandybs | florist: @primrose_chicago | hair: @elleartistryllc | makeup: @tamaramakeup | musician: @toastandjamdjs | photographer: @genuinelyjo | planner: @kalilaharris | venue: @waldenchicago | videographer: @durrcreative","venue: @waldenchicago | photographer: @anapiersonphotography | videographer: @wholeheartvideo | florist: @sweet.peadesignstudio | hair: @krystlefrey | dj: @djdoncarlo | band: @mdmentertainmentchicago | catering: @cannoliboychicago | rentals: @windycitylinen | other: @doncarloevents"
2679,1293,"bridgeportartcenter",2026-07-23,2026-08-17,25,0.111111,1,1,"https://www.instagram.com/p/DbI2pDgjmpD/","https://www.instagram.com/p/DcKQYKfBRsF/","hair: @makeupby_izabela | photographer: @nicholebabiezphotography | planner: @monarchcreativeevents | venue: @bridgeportartcenter","venue: @bridgeportartcenter | florist: @thistleandplume | dj: @djvestus | content_creator: @chicagostyleweddings | other: @venuelogic | other: @weddingdaychicago"
2680,745,"bridgeportartcenter",2026-07-23,2026-06-28,25,0.0952381,2,1,"https://www.instagram.com/p/DbJJp3YkdKr/ | https://www.instagram.com/p/DbL2WuNCb-u/","https://www.instagram.com/p/DaJESmjlOP3/","catering: @paramountevents | dj: @cageandaquarium | florist: @kloeckner_preferred_flowers | hair: @rhonakanehair | makeup: @rarebirdbeauties | photographer: @williams_emily | planner: @bluelilacevents | venue: @bridgeportartcenter","venue: @bridgeportartcenter | planner: @ohanaeventsinc | photographer: @graphsbygretch | videographer: @withlove_productions | florist: @bellafloraweddings | dj: @cageandaquarium | attire: @jennyyoonyc | cake: @dalysdonuts | catering: @cateredbydesign | catering: @venuelogic | transportation: @premiertrolley | photobooth: @grinandbearbooth | hotel: @ambassadorchicago | beauty_other: @pinmeupchicago | other: @artofimaginationdecor"
2687,1182,"rockwellontheriver",2026-07-24,2026-08-10,17,0.0625,4,1,"https://www.instagram.com/p/DbNHxqUlqVv/ | https://www.instagram.com/p/DbqxQOROWef/ | https://www.instagram.com/p/DbT25LbHRtL/ | https://www.instagram.com/p/DbxOdGmx29A/","https://www.instagram.com/p/Db3iTrGxN9J/","attire: @bellabiancabridalcouture | band: @goldcoastevents | band: @thechicagoplayers | beauty_other: @toshiszpyra | catering: @fftchicago | florist: @cjjanda | photographer: @nakaiphotography | planner: @chelseagildedaisleweddings | planner: @thegildedaisleweddings | stationery: @leftylucyillustrations | venue: @rockwellontheriver | venue: @venuelogic | videographer: @oldnorthfilmco","venue: @rockwellontheriver | florist: @juliettanfloraldesign | catering: @paramountevents | other: @art_imagination"
2696,1193,"morgan.mfg",2026-07-24,2026-08-11,18,0.0909091,1,1,"https://www.instagram.com/p/DbLwRL5lcVP/","https://www.instagram.com/p/Db6NOZfA0PI/","cake: @cake_chicago | catering: @fftchicago | florist: @thrivefloraldesigns | hair: @hairbymarina | hotel: @hyattchicago | makeup: @makeupbyjaquiii | musician: @maggiespeaksband | musician: @miriachi_imperial_chicago | photobooth: @pixterphotobooth | photographer: @jaelynnalexisphotography | planner: @clementinechicago | planner: @graceannmags | planner: @thegraceedit___ | stationery: @fitzgeraldsfinestationery | transportation: @besttrolleychicago | transportation: @ridestg | transportation: @vipvalet | venue: @morgan.mfg | venue: @stjameschapel | videographer: @oldnorthfilmco","venue: @morgan.mfg | planner: @bethbernstein.events | photographer: @kerricarlquist | videographer: @oldnorthfilmco | florist: @thistleandplume | hair: @bsansostiartistry | hair: @hairbybesa_ | dj: @goldcoastallstars | dj: @goldcoastevents | attire: @theweddingdresser | stationery: @steraclepress | catering: @cateringchicago | rentals: @bbjlatavola | transportation: @vipvalet | other: @4suredjs | other: @rmarkable_events"
2698,733,"thedrakechicago",2026-07-24,2026-06-26,28,0.0625,1,3,"https://www.instagram.com/p/DbLy0vyFAyM/","https://www.instagram.com/p/DadFZpakav_/ | https://www.instagram.com/p/DaDJpDcEYtP/ | https://www.instagram.com/p/DaEIiqwFLbg/","hair: @anthonycristianosalon | makeup: @jpatrickstudio | photographer: @arielle.peters | planner: @afterglowweddingsandevents | venue: @thedrakechicago","venue: @thedrakechicago | planner: @ohanaeventsinc | photographer: @graphsbygretch | videographer: @oakhouseweddingfilms | florist: @stevesflowermarket | dj: @dreamhouseproductions | musician: @andromedaduet | musician: @dbe.off | musician: @dbe.official | cake: @ecbg_studio | jeweler: @andromedaduet | beauty_other: @brow_art_salon_spa_1 | beauty_other: @lueurbeauti"
2701,753,"bridgeportartcenter",2026-07-25,2026-06-29,26,0.285714,1,1,"https://www.instagram.com/p/DbMPt9Cibgs/","https://www.instagram.com/p/DaL2jsTEfrY/","florist: @flowersfordreams | photographer: @_teresawilliams | planner: @jselevateddreams | stationery: @illustrated.bride | venue: @bridgeportartcenter | venue: @quartinochicago","venue: @bridgeportartcenter | planner: @jselevateddreams | photographer: @_teresawilliams | florist: @flowersfordreams | hair: @tamaraholdenhair | makeup: @bridesbydenise | dj: @mattroan | musician: @cloudgatequartet | attire: @bridalandformal | catering: @cocinafusioncatering | rentals: @art_imagination | other: @venuelogic"
2704,983,"sarabandechicago",2026-07-26,2026-07-27,1,0.363636,1,1,"https://www.instagram.com/p/DbOvQCAkvnS/","https://www.instagram.com/p/DbTqKxbFihW/","attire: @aisle_and_veil | attire: @christianlouboutin | cake: @bada_bakery | dj: @stylemattersdjs | florist: @thedecordirectory | hair: @kass.bridal | makeup: @makeupwithsandyg | photographer: @thekodakcollective | planner: @eventsbyrmh | venue: @sarabandechicago | videographer: @kevinclee97","venue: @sarabandechicago | planner: @eventsbyrmh | photographer: @thekodakcollective | attire: @aisle_and_veil"
2706,943,"thedalcy",2026-07-26,2026-07-23,3,0.2,1,1,"https://www.instagram.com/p/DbQvj1Qift8/","https://www.instagram.com/p/DbJULiwJN9s/","dj: @frontofhouseband | photographer: @kentdrakephoto | planner: @simplyelegantxo | venue: @thedalcy","venue: @thedalcy | planner: @lolaeventpros | photographer: @kentdrakephoto | florist: @fleurinc | hair: @rarebirdbeauties | dj: @goldcoastallstars | beauty_other: @shannonobrienweddings | other: @lolaeventpros | other: @lvi_films"
2713,985,"theblackstonehotel",2026-07-28,2026-07-27,1,0.5,1,2,"https://www.instagram.com/p/DbTrhUWGFQq/","https://www.instagram.com/p/DbTkxhrGvf2/ | https://www.instagram.com/p/DbTrhUWGFQq/","band: @chicagocatz | beauty_other: @bridalartistryteam | florist: @atmosphereeventsgroup | photographer: @marissakellyphotography | planner: @simplyelegantxo | venue: @theblackstonehotel | videographer: @aforevermore.co","venue: @theblackstonehotel | planner: @aforevermore.co | planner: @atmosphereeventsgroup | planner: @simplyelegantxo | photographer: @marissakellyphotography | videographer: @aforevermore.co | florist: @atmosphereeventsgroup | florist: @simplyelegantxo | musician: @chicagocatz | beauty_other: @bridalartistryteam | other: @chicagocatz"
2715,980,"morgan.mfg",2026-07-28,2026-07-27,1,0.5,1,1,"https://www.instagram.com/p/DbT31UzkS_v/","https://www.instagram.com/p/DbT31UzkS_v/","band: @rushstreetrhythm | catering: @entertaining_co | planner: @sostacyevents | venue: @morgan.mfg","venue: @morgan.mfg | planner: @sostacyevents | musician: @rushstreetrhythm | catering: @entertaining_co | other: @thediamondeventgroup"
2717,953,"brixonfox",2026-07-28,2026-07-24,4,0.181818,1,1,"https://www.instagram.com/p/DbUNKQFAi4c/","https://www.instagram.com/p/DbLw1dkHAR4/","catering: @truecuisine | dj: @snpproductions | florist: @eventsbytcg | hair: @hairs2thebride | photographer: @mattwarren_photography | rentals: @mortardesigns | venue: @brixonfox","venue: @brixonfox | planner: @idoweddingsbest | photographer: @mattwarren_photography | officiant: @4everincredible | other: @_samanthamythenbarratt_ | other: @wags_of_love"
2719,942,"rockwellontheriver",2026-07-28,2026-07-23,5,0.0952381,1,1,"https://www.instagram.com/p/DbUTpqHlAiw/","https://www.instagram.com/p/DbHV4NhiUET/","attire: @saintbridal | attire: @suitsupply | attire: @suitsupply_chi | band: @funk_almighty | catering: @blueplatechicago | florist: @art_imagination | hair: @makeupbykileyy | photographer: @edandaileenphotography | planner: @caeleeyum | planner: @ohanaeventsinc | venue: @rockwellontheriver | venue: @venuelogic | videographer: @we.are.echos","venue: @rockwellontheriver | planner: @weddingdaychicago | photographer: @emullinsphoto | florist: @art_imagination | dj: @bashbeats_music | attire: @alexandragrecco | cake: @bittersweetpastryshop | catering: @cateredbydesign | hotel: @hotellincoln | beauty_other: @triciaclarkemakeup"
2724,1290,"chicagoilluminatingcompany",2026-07-29,2026-08-17,19,0.2,1,1,"https://www.instagram.com/p/DbWoB7DmT-v/","https://www.instagram.com/p/DcJIQsRj4YU/","band: @funktasticproductions | catering: @entertaining_co | florist: @lifeinbloom | hair: @triciaclarkemakeup | hotel: @thelasallechicago | photographer: @christytylerphotography | planner: @shannongailevents | venue: @chicagoilluminatingcompany","venue: @chicagoilluminatingcompany | planner: @clementinechicago | photographer: @goldenhoursweddings | videographer: @socialbridescollective | florist: @lifeinbloom | hair: @eringrahamhair | makeup: @shannonobrienweddings | catering: @entertaining_co | other: @tablescapeseventrentals | other: @thefestivefrog"
2728,1168,"adlerplanet",2026-07-30,2026-08-10,11,0.25,1,1,"https://www.instagram.com/p/DbY1-0AGG0a/","https://www.instagram.com/p/Db4OPXmAG4G/","band: @arlenmusicproductions | catering: @fftchicago | florist: @kehoedesigns | photographer: @jilltiongcophoto | planner: @bigcitybride | venue: @adlerplanet","venue: @adlerplanet | planner: @firmlyrootedevents | florist: @mertleanddot | catering: @fftchicago"
2729,768,"wildmanbt",2026-07-30,2026-07-01,29,0.0952381,1,1,"https://www.instagram.com/p/DbZSYyQkgqR/","https://www.instagram.com/p/DaQ-b0lCQsj/","attire: @jennyyoonyc | attire: @suitshopofficial | attire: @vwidon | cake: @bittersweetpastryshop | catering: @chicchefcatering | dj: @ovationchicago | florist: @all_unique_events_inc | hair: @pinmeupchicago | photographer: @bozenavoytkophotography | planner: @weddingdayadventures | venue: @wildmanbt","venue: @wildmanbt | planner: @noelle__bushman | planner: @olivefineweddings | photographer: @williams_emily | florist: @thistleandplume | hair: @elleartistryllc | band: @beatmixchicago | musician: @beatmixchicago | attire: @jennyyoonyc | attire: @sotteroandmidgley | stationery: @steraclepress | catering: @cocinafusioncatering | hotel: @nobuchicago"
2731,1300,"chicagowinery",2026-07-30,2026-08-17,18,0.230769,1,1,"https://www.instagram.com/p/DbZhVPfjW52/","https://www.instagram.com/p/DcJ9ljGD4bv/","attire: @jennyyoonyc | cake: @sweetmandyb | content_creator: @cookicaseymedia | florist: @thistleandplume | hair: @beautybyaraceli | photographer: @danielacardiliphotography | planner: @glowingmomentsevents | transportation: @windycitylimousine | venue: @chicagowinery | venue: @honeycombchicago","venue: @chicagowinery | photographer: @danielacardiliphotography | florist: @thistleandplume | makeup: @makeupbyamericaf | rentals: @glowingmomentsrentals | beauty_other: @beautybyaraceli"
2736,1239,"rockwellontheriver",2026-07-31,2026-08-13,13,0.117647,1,1,"https://www.instagram.com/p/DbbnE54CTBr/","https://www.instagram.com/p/Db_icIyC0Kt/","attire: @genevievesbridalcouture | attire: @propercloth | beauty_other: @rarebirdbeauties | catering: @blueplatechicago | dj: @velocitybandchicago | florist: @flowersfordreams | photobooth: @fotioco | photographer: @emullinsphoto | planner: @jpbdesigns | venue: @rockwellontheriver","venue: @rockwellontheriver | photographer: @impactimagesstudio | florist: @flowersfordreams | catering: @breakthrubeveragegroup | catering: @venuelogic | rentals: @gsh_casinoparties | rentals: @proemevents | photobooth: @airboothsocial | other: @sound_investment"
2750,871,"butterfieldcc_grounds",2026-08-03,2026-07-16,18,0.0526316,1,2,"https://www.instagram.com/p/Dbk59J-kXjm/","https://www.instagram.com/p/Da22awblsX-/ | https://www.instagram.com/p/Dbs7gEbFlF-/","florist: @stevesflowermarket | hair: @rarebirdbeauties | photographer: @janetdphotography | venue: @butterfieldcc_grounds","venue: @butterfieldcc_grounds | planner: @mccarronevents | photographer: @katieswider | photographer: @kerricarlquist | videographer: @anchoredfilms | florist: @carouselflowershop | hair: @thebridalcollective__ | makeup: @makeupbyamericaf | band: @davidrothsteinmusic | catering: @nadeauice | rentals: @hallsrental | rentals: @infinityeventproduction | rentals: @satinchair | transportation: @chicagocloud9limos | photobooth: @whitetiemodern | other: @nadeauice"
2766,922,"chicagoathletichotel",2026-08-06,2026-07-21,16,0.294118,1,1,"https://www.instagram.com/p/DbrDxVQlc3T/","https://www.instagram.com/p/DbEhXY5ltJJ/","attire: @viviennewestwood | dj: @lakeshore_encores | hair: @rarebirdbeauties | officiant: @zeneventschicago | photographer: @amandamegmiller | planner: @lolaeventpros | planner: @lolaloristephenson | rentals: @hmrdesigns | rentals: @nuagedesignsinc | rentals: @thefestivefrog | stationery: @steraclepress | venue: @chicagoathletichotel","venue: @chicagoathletichotel | planner: @lolaeventpros | planner: @lolaloristephenson | photographer: @joywlane | photographer: @studiothisisphotography | videographer: @highway61films | dj: @beatmixchicago | stationery: @steraclepress | rentals: @bbjlatavola | rentals: @nuagedesignsinc"
2773,818,"post433chicago",2026-08-07,2026-07-08,30,0.666667,1,1,"https://www.instagram.com/p/Dbt5b6pDnEa/","https://www.instagram.com/p/Daiq7Q-Pu8o/","dj: @sparkentgroup | makeup: @jacquesxmakeup | photographer: @protsyk_studio | venue: @post433chicago | videographer: @levfilms_ | videographer: @socialbridescollective","venue: @post433chicago | planner: @beyondcateringchi | photographer: @protsyk_studio | videographer: @levfilms_ | videographer: @socialbridescollective | makeup: @jacquesxmakeup | dj: @sparkentgroup | other: @aposhproduction | other: @mariachisirenas"
2774,1290,"chicagoilluminatingcompany",2026-08-07,2026-08-17,10,0.111111,1,1,"https://www.instagram.com/p/Dbt83ycDbva/","https://www.instagram.com/p/DcJIQsRj4YU/","attire: @dimitrasbridalcouture | catering: @entertaining_co | florist: @thelocalpetaler | hair: @nichebeauty.bykaedi | makeup: @marissas_makeuplan | photographer: @karlyellisphotography | photographer: @lex_payne8 | photographer: @rachel_create | planner: @shannongailevents | venue: @chicagoilluminatingcompany","venue: @chicagoilluminatingcompany | planner: @clementinechicago | photographer: @goldenhoursweddings | videographer: @socialbridescollective | florist: @lifeinbloom | hair: @eringrahamhair | makeup: @shannonobrienweddings | catering: @entertaining_co | other: @tablescapeseventrentals | other: @thefestivefrog"
2786,1125,"tigerlilyevents",2026-08-09,2026-08-06,3,0.130435,1,1,"https://www.instagram.com/p/Dby3iAgEZ0G/","https://www.instagram.com/p/DbtOXeRm7t7/","cake: @bittersweetpastryshop | catering: @jandlcatering | florist: @bonnieflowers3400 | makeup: @magdarodmakeup | photographer: @graceriosphotography | planner: @angelatremore | planner: @shh.events | planner: @stephgal34 | planner: @vanessa__delaney | rentals: @bbjlatavola | rentals: @tablescapeseventrentals | transportation: @chicagocloud9limos | venue: @tigerlilyevents","venue: @tigerlilyevents | planner: @kandkcelebrates | photographer: @saramyersphotography | florist: @revel_decor | hair: @eringrahamhair | makeup: @rw.browandmakeup | makeup: @shannonobrienweddings | dj: @thedjfirm | catering: @entertaining_co | rentals: @bbjlatavola | transportation: @chicagocloud9limos | hotel: @thegwenchicago | content_creator: @amorellaevents"
2788,828,"thegeraghty",2026-08-09,2026-07-10,30,0.15,1,1,"https://www.instagram.com/p/Db05fIHjvJh/","https://www.instagram.com/p/Danptrwjox9/","attire: @amsale | attire: @bellabiancabridalcouture | beauty_other: @suzannaavakian | catering: @entertaining_co | dj: @evolutionorchestra | hair: @nikkicohenhair | photographer: @kentdrakephoto | photographer: @spoonphotodesign | planner: @hopeweis | rentals: @kehoedesigns | rentals: @mathew.kuntz | rentals: @nuagedesignsinc | rentals: @tablescapeseventrentals | venue: @thegeraghty","venue: @thegeraghty | planner: @hopeweis | planner: @sostacyevents | photographer: @averyhouse | photographer: @bobanddawndavis | photographer: @elizabethgrevephoto | photographer: @kentdrakephoto | other: @blackoak.tech | other: @meredith_blackoak"
2792,1078,"galleriamarchetti",2026-08-10,2026-08-03,7,0.5,1,1,"https://www.instagram.com/p/Db3gpG3lsMz/","https://www.instagram.com/p/DblfWkIhTUa/","florist: @studio__poppy | hair: @pinmeupchicago | planner: @theeventchi | venue: @galleriamarchetti","venue: @galleriamarchetti | planner: @theeventchi | florist: @studio__poppy | other: @cassandrahogg | other: @cgags33"
2794,657,"tigerlilyevents",2026-08-10,2026-06-12,59,0.4,1,1,"https://www.instagram.com/p/Db3m5zQmxVV/","https://www.instagram.com/p/DZf3Sx_kTyI/","photographer: @erinhoytphotography | planner: @cygneteventsanddesign | venue: @tigerlilyevents","venue: @tigerlilyevents | planner: @cygneteventsanddesign | florist: @flowersbystem | dj: @mattroan"
2799,1351,"oldstpatschicago",2026-08-11,2026-08-18,7,0.0384615,1,1,"https://www.instagram.com/p/Db4VGOoHL5t/","https://www.instagram.com/p/DcKj9AotnDX/","band: @bluewaterkingsband | cake: @ecbg_studio | content_creator: @fromsomeone.co | dj: @stylemattersdjs | florist: @stevesflowermarket | hair: @itshairbynina | makeup: @rosie.artistry | photographer: @rebeccahaleyphotography | planner: @ameliacoleevents | rentals: @bbjlatavola | transportation: @chicagocloud9limos | venue: @oldstpatschicago | venue: @thedrakechicago","venue: @oldstpatschicago | venue: @universityclubofchicago | planner: @lkeventschicago | photographer: @timtabstudios | videographer: @k.lafleurfilms | band: @goldcoastallstars | attire: @riverandrose_design | stationery: @mag.milestones | cake: @cake_chicago | transportation: @vipvalet | hotel: @thelasallechicago | beauty_other: @bsansostiartistry | other: @ev.designcollective | other: @nadeauice"
2802,1311,"rcchicago",2026-08-11,2026-08-17,6,0.0714286,1,1,"https://www.instagram.com/p/Db6CgJAjqGs/","https://www.instagram.com/p/DcJvqkRt-1X/","band: @thechicagoplayers | beauty_other: @suzannaavakian | hair: @reneefeldmanweddings | photographer: @kentdrakephoto | photographer: @spoonphotodesign | planner: @alisonrossheevents | rentals: @epic.events.chicago | venue: @rcchicago | videographer: @xpressvideoproductions","venue: @rcchicago | musician: @sarlasmusic | cake: @bittersweetpastryshop | catering: @bbjlatavola | rentals: @tablescapeschgo | rentals: @tablescapeseventrentals"
2805,855,"ivyroomchicago",2026-08-12,2026-07-14,29,0.666667,1,1,"https://www.instagram.com/p/Db6d7XvHZSu/","https://www.instagram.com/p/Dax5lO0xOuE/","dj: @stylemattersdjs | florist: @petalpushr | musician: @quartetparapluie | photographer: @randialycephoto | transportation: @chicagocloud9limos | venue: @ivyroomchicago | venue: @stjosaphatparish","venue: @ivyroomchicago | photographer: @randialycephoto | florist: @petalpushr | dj: @stylemattersdjs | musician: @quartetparapluie | transportation: @chicagocloud9limos | other: @blushandbraidsbeautybar | other: @stjosaphatparish"
2806,1168,"adlerplanet",2026-08-12,2026-08-10,2,0.0357143,1,1,"https://www.instagram.com/p/Db6msCwnP2Q/","https://www.instagram.com/p/Db4OPXmAG4G/","attire: @christianlouboutin | attire: @etonshirts | attire: @fendi | attire: @ferragamo | attire: @inesdisanto | attire: @langhamchicago | attire: @manoloblahnik | attire: @mindylamjewelry | attire: @ringconcierge | attire: @tagheuer | attire: @tedbaker | attire: @ultimatebridechicago | cake: @vanillechicago | content_creator: @natalie.h.collective | dj: @djrexj | florist: @emily.corrine.florals | hair: @juliarose.hair | hair: @kelseartistry | makeup: @chibeautygirl | photographer: @stacibrucksphoto | planner: @celebrate_planning | planner: @fftchicago | planner: @jaciweber1212 | transportation: @windycitylimos | venue: @adlerplanet","venue: @adlerplanet | planner: @firmlyrootedevents | florist: @mertleanddot | catering: @fftchicago"
2808,874,"chicagoathletichotel",2026-08-12,2026-07-16,27,0.8125,1,1,"https://www.instagram.com/p/Db6uiRKCY8b/","https://www.instagram.com/p/Da2_EbsjgQq/","attire: @morileeofficial | attire: @verawang | beauty_other: @beautybyannkrause | cake: @cake_chicago | content_creator: @capturedbyamymichelle | dj: @toastandjamdjs | florist: @hedoniaflowers | jeweler: @nyjchicago | photographer: @emullinsphoto | planner: @ameliacoleevents | stationery: @minted | venue: @chicagoathletichotel | videographer: @oldnorthfilmco","venue: @chicagoathletichotel | planner: @ameliacoleevents | photographer: @emullinsphoto | videographer: @oldnorthfilmco | florist: @hedoniaflowers | dj: @toastandjamdjs | attire: @morileeofficial | attire: @priscillaofboston | attire: @veiledbychacha | attire: @verawang | stationery: @minted | cake: @cake_chicago | jeweler: @nyjchicago | content_creator: @capturedbyamymichelle | beauty_other: @beautybyannkrause | other: @chicagoliveweddingpainter"
2815,834,"thedalcy",2026-08-13,2026-07-10,34,0.615385,1,1,"https://www.instagram.com/p/Db9ClKnFCkD/","https://www.instagram.com/p/Dal_76FgDYV/","dj: @bluewaterkingsband | florist: @lifeinbloom | hair: @bsansotiartistry | photographer: @rachelandradephoto | planner: @shannongailevents | rentals: @bbjlatavola | rentals: @hallsrental | transportation: @chicagobusservices | venue: @thedalcy | videographer: @yourbtsfriend","venue: @thedalcy | planner: @shannongail | photographer: @rachelandradephoto | videographer: @yourbtsfriend | florist: @lifeinbloom | hair: @bsansostiartistry | dj: @bluewaterkingsband | rentals: @bbjlatavola | rentals: @hallsrental | transportation: @chicagobusservices | other: @eleganteventlighting"
2823,1260,"chicagoilluminatingcompany",2026-08-13,2026-08-14,1,0.5,2,4,"https://www.instagram.com/p/Db_QJaIlEva/ | https://www.instagram.com/p/DcBc-K3Fdi-/","https://www.instagram.com/p/DcBc-K3Fdi-/ | https://www.instagram.com/p/DcCAf7SFSkN/ | https://www.instagram.com/p/DcEcGvUKFed/ | https://www.instagram.com/p/DcJpR-cxQ_b/","attire: @dimitrasbridalcouture | attire: @leahdagloria | attire: @woolandlinen | content_creator: @socialbridescollective | florist: @floristhounddesign | musician: @tiffanymooreviolin | photographer: @pamelabearden | planner: @reverieandcoevents | rentals: @tailoredelements3520 | venue: @chicagoilluminatingcompany | videographer: @kostoproduction","venue: @chicagoilluminatingcompany | planner: @reverieandcoevents | photographer: @pamelabearden | videographer: @kostoproduction | videographer: @socialbridescollective | florist: @floristhounddesign | hair: @glamatelierchicago | hair: @nuagedesignsinc | musician: @tiffanymooreviolin | attire: @dimitrasbridalcouture | attire: @leahdagloria | attire: @woolandlinen | rentals: @tailoredelements3520 | other: @folabio12 | other: @glamatelierchicago | other: @hinsdaletable | other: @mel.agunloye | other: @nuagedesignsinc | other: @tablescapeseventrentals"
2827,687,"armourhouseweddings",2026-08-14,2026-06-18,57,0.75,1,2,"https://www.instagram.com/p/DcB07tvxdr_/","https://www.instagram.com/p/DaDbD9nBnDt/ | https://www.instagram.com/p/DZvSHrAGP44/","band: @stacherocks | hair: @hairbyramsay | makeup: @shannonobrienweddings | musician: @beatmixchicago | photographer: @joywlane | photographer: @studiothisisphotography | planner: @cjjanda | stationery: @chitownlbrown | venue: @armourhouseweddings | videographer: @wearewholehearted","venue: @armourhouseweddings | planner: @cjjanda | photographer: @joywlane | photographer: @studiothisisphotography | videographer: @wearewholehearted | hair: @hairbyramsay | makeup: @shannonobrienweddings | band: @stacherocks | musician: @beatmixchicago | musician: @stacherocks | stationery: @chitownlbrown | other: @cjeflowers"
2828,1167,"waldenchicago",2026-08-14,2026-08-10,4,0.0555556,1,1,"https://www.instagram.com/p/DcB4iP3IMFu/","https://www.instagram.com/p/Db3hW1ssn9j/","attire: @birdygrey | attire: @sewbridalchicago | beauty_other: @windycityglam | cake: @sarasweetstudio | dj: @itsjayaura | florist: @sbblooms | jeweler: @anthropologie | photographer: @abefernandez.fotos | venue: @waldenchicago","venue: @waldenchicago | photographer: @anapiersonphotography | videographer: @wholeheartvideo | florist: @sweet.peadesignstudio | hair: @krystlefrey | dj: @djdoncarlo | band: @mdmentertainmentchicago | catering: @cannoliboychicago | rentals: @windycitylinen | other: @doncarloevents"
2829,753,"bridgeportartcenter",2026-08-14,2026-06-29,46,0.333333,1,1,"https://www.instagram.com/p/DcB_z8WlOs8/","https://www.instagram.com/p/DaL2jsTEfrY/","florist: @f4dweddings | florist: @flowersfordreams | jeweler: @cloudgatequartet | photographer: @_teresawilliams | planner: @jselevateddreams | rentals: @art_imagination | venue: @bridgeportartcenter | venue: @venuelogic","venue: @bridgeportartcenter | planner: @jselevateddreams | photographer: @_teresawilliams | florist: @flowersfordreams | hair: @tamaraholdenhair | makeup: @bridesbydenise | dj: @mattroan | musician: @cloudgatequartet | attire: @bridalandformal | catering: @cocinafusioncatering | rentals: @art_imagination | other: @venuelogic"
2831,925,"post433chicago",2026-08-15,2026-07-21,25,0.0555556,1,1,"https://www.instagram.com/p/DcCHw9ggcQO/","https://www.instagram.com/p/DbEK9x3EVyr/","attire: @mihacouture | band: @lrt_events | cake: @fruitzina | cake: @kallynsconfections | catering: @albawadigrill | hair: @itshairbynina | makeup: @makeupbyemana | photographer: @thekodakcollective | planner: @aestheticaffairsco | rentals: @kashkreationsandevents | rentals: @mmeventrental_ | venue: @post433chicago | venue: @post433events | videographer: @eivans_inc | videographer: @mair.films","venue: @post433chicago | planner: @emeraldeventsbysonam | dj: @hollybollyunlimited | rentals: @yannidesignstudio"
2832,875,"ivyroomchicago",2026-08-15,2026-07-16,30,0.333333,1,1,"https://www.instagram.com/p/DcCKt-MjBI0/","https://www.instagram.com/p/Da3MIQ4GsEM/","band: @beatmixchicago | florist: @xodesign_co | photographer: @erinhoytphotography | planner: @shannongailevents | planner: @steeniefurls | venue: @ivyroomchicago","venue: @ivyroomchicago | planner: @shannongailevents | videographer: @sowlefilmstudio | florist: @xodesign_co | hair: @anomaliebeautyagency | musician: @beatmixchicago"
2835,1167,"waldenchicago",2026-08-15,2026-08-10,5,0.0526316,1,1,"https://www.instagram.com/p/DcCmxyviW5M/","https://www.instagram.com/p/Db3hW1ssn9j/","attire: @theweddingshoppemi | cake: @sweetmandybs | florist: @primrose_chicago | hair: @elleartistryllc | makeup: @tamaramakeup | musician: @toastandjamdjs | photographer: @genuinelyjo | planner: @kalilaharris | venue: @waldenchicago | videographer: @durrcreative","venue: @waldenchicago | photographer: @anapiersonphotography | videographer: @wholeheartvideo | florist: @sweet.peadesignstudio | hair: @krystlefrey | dj: @djdoncarlo | band: @mdmentertainmentchicago | catering: @cannoliboychicago | rentals: @windycitylinen | other: @doncarloevents"
2839,1290,"chicagoilluminatingcompany",2026-08-16,2026-08-17,1,0.0833333,1,1,"https://www.instagram.com/p/DcG1ZdbCtx6/","https://www.instagram.com/p/DcJIQsRj4YU/","attire: @blvdier | cake: @dreamcaketestkitchen | catering: @entertaining_co | dj: @grooveisintheheartdjs | florist: @bou_k_designco | hair: @bridalartistryteam | hotel: @allegrochicago | hotel: @lemeridienessex | hotel: @loewschicagohotel | jeweler: @citiesindust | musician: @moellermusicevents | photobooth: @grinandbearbooth | photographer: @jessdiazco | planner: @bwstudio_events | transportation: @chicagocloud9limos | venue: @chicagoilluminatingcompany","venue: @chicagoilluminatingcompany | planner: @clementinechicago | photographer: @goldenhoursweddings | videographer: @socialbridescollective | florist: @lifeinbloom | hair: @eringrahamhair | makeup: @shannonobrienweddings | catering: @entertaining_co | other: @tablescapeseventrentals | other: @thefestivefrog"
2850,664,"thegroveredfieldestate",2026-08-18,2026-06-15,64,0.307692,1,1,"https://www.instagram.com/p/DcJzLeNlBoq/","https://www.instagram.com/p/DZlpYKfjWpt/","band: @tvkmusic | beauty_other: @magnificentbrides | cake: @oakmillbakery | catering: @cateredbydesign | florist: @hedoniaflowers | photographer: @foxandivory | planner: @afterglowweddingsandevents | venue: @thegroveredfieldestate","venue: @thegroveredfieldestate | planner: @afterglowweddingsandevents | photographer: @foxandivory | videographer: @aposhproduction | florist: @hedoniaflowers | hair: @magnificentbrides | makeup: @magnificentbrides | musician: @tvkmusic | attire: @justinalexander | attire: @weddings826"
2851,1007,"chicagowinery",2026-08-18,2026-07-29,20,0.133333,1,1,"https://www.instagram.com/p/DcKD_D6Eilt/","https://www.instagram.com/p/DbYyfofp_gh/","dj: @bluewaterkingsband | florist: @flowersfordreams | hair: @emilyraebridalhair | makeup: @alyssadianamakeup | photographer: @nikkikatephoto | planner: @ohanaeventsinc | venue: @chicagowinery | videographer: @oldnorthfilmco","venue: @chicagowinery | venue: @parkhyattchicago | planner: @shannongailevents | photographer: @sabiprocacci | videographer: @oldnorthfilmco | florist: @flowersbystem | dj: @mychicagoweddingdj | attire: @inesdisanto | transportation: @chicagocloud9limos"
2857,642,"northpondchi",2026-08-18,2026-06-09,70,0.5,2,1,"https://www.instagram.com/p/DcL_kUynIuD/ | https://www.instagram.com/p/DcRbZThHBn9/","https://www.instagram.com/p/DZXrOPhHDXz/","beauty_other: @rarebirdbeauties | florist: @f4dweddings | hotel: @therobeychicago | photographer: @unabridged.photo | planner: @lofi_events | venue: @northpondchi","venue: @northpondchi | planner: @lofi_events | florist: @f4dweddings | hotel: @therobeychicago | beauty_other: @rarebirdbeauties | other: @chicagopedicab | other: @lofi_events"
2860,1353,"galleriamarchetti",2026-08-19,2026-08-19,0,0.416667,1,1,"https://www.instagram.com/p/DcOkSEVR0CU/","https://www.instagram.com/p/DcOYU2eEUHE/","dj: @mattroan | florist: @thistleandplume | photographer: @christytylerphotography | planner: @blushandborrowed | venue: @galleriamarchetti","venue: @galleriamarchetti | planner: @blushandborrowed | photographer: @christytylerphotography | videographer: @oldnorthfilmco | florist: @thistleandplume | hair: @megmichelbrides | makeup: @makeupbyamericaf | dj: @mattroan | attire: @alenaleenabridal | attire: @aliceinivorybridal | attire: @suitsupply | stationery: @minted"
2868,1314,"ulcchicago",2026-08-21,2026-08-17,4,0.1,1,1,"https://www.instagram.com/p/DcRkxXFFDaZ/","https://www.instagram.com/p/DcJXE_1xqsY/","band: @maggiespeaksband | florist: @f4dweddings | photographer: @williams_emily | planner: @jmrevents_weddings | venue: @ulcchicago","venue: @ulcchicago | planner: @ymleliteevents | photographer: @aspenavenuestudios | florist: @madebymoriahfloral | band: @yazzevents | rentals: @rmarkable_events"
2869,1182,"rockwellontheriver",2026-08-21,2026-08-10,11,0.1,1,1,"https://www.instagram.com/p/DcRqBY7FWHZ/","https://www.instagram.com/p/Db3iTrGxN9J/","beauty_other: @pinmeupchicago | dj: @modernlovedjs | florist: @studio__poppy | planner: @agirlaboutweddings | planner: @ohanaeventsinc | venue: @rockwellontheriver | venue: @venuelogic","venue: @rockwellontheriver | florist: @juliettanfloraldesign | catering: @paramountevents | other: @art_imagination"
