candidate_id,matched_wedding_id,venue_handle,candidate_date,ben_wedding_date,date_delta_days,vendor_jaccard,candidate_post_count,ben_wedding_post_count,jeremy_post_urls,ben_wedding_post_urls,candidate_vendors,ben_wedding_vendors
11,46,"rm1520",2023-03-17,2023-03-17,0,0.7,1,1,"https://www.instagram.com/p/Cp49l5IopH9/","https://www.instagram.com/p/Cp49l5IopH9/","attire: @enzocustom | attire: @sarahseven | cake: @ecbg_studio | catering: @cocinafusioncatering | dj: @stylemattersdjs | florist: @bou_k_bridal | hair: @eringrahamhair | jeweler: @rollandsjewelers | makeup: @joannabartistry | photographer: @_teresawilliams | planner: @olivefineweddings | rentals: @thefestivefrog | stationery: @inkloveandpaper | venue: @rm1520 | videographer: @wholeheartvideo","venue: @rm1520 | planner: @olivefineweddings | photographer: @_teresawilliams | videographer: @wholeheartvideo | florist: @bou_k_bridal | hair: @eringrahamhair | makeup: @joannabartistry | dj: @stylemattersdjs | attire: @enzocustom | attire: @sarahseven | cake: @ecbg_studio | catering: @cocinafusioncatering | rentals: @thefestivefrog | jeweler: @rollandsjewelers | other: @inkloveandpaper | other: @mikeschmadebeck | other: @rebeccaannedesigns | other: @samanthastyne | other: @windycityweddingdance"
12,48,"rm1520",2023-03-24,2023-03-24,0,0.777778,1,1,"https://www.instagram.com/p/CqK4HHFueAK/","https://www.instagram.com/p/CqK4HHFueAK/","cake: @scafuribakery | catering: @cocinafusioncatering | florist: @prairiehoneyfloralstudio | florist: @shaadicreations | photographer: @edandaileenphotography | planner: @designedanddetailedchi | venue: @rm1520 | videographer: @yomifilms","venue: @rm1520 | planner: @designedanddetailedchi | photographer: @edandaileenphotography | videographer: @yomifilms | florist: @prairiehoneyfloralstudio | cake: @scafuribakery | catering: @cocinafusioncatering | rentals: @shaadicreations"
1083,201,"citycruises",2025-08-11,2025-08-11,0,0.769231,1,1,"https://www.instagram.com/p/DNOVqLQvpBE/","https://www.instagram.com/p/DNOVqLQvpBE/","attire: @martinalianabridal | cake: @bittersweetpastryshop | hair: @dazzledby.ze | makeup: @iservelewks | officiant: @adolfoandco | photobooth: @thequecollab | photographer: @brandonshoots_ | rentals: @anayelisdecorations | venue: @citycruises | videographer: @cloverandhive.co","venue: @citycruises | photographer: @brandonshoots_ | videographer: @cloverandhive.co | hair: @dazzledby.ze | makeup: @iservelewks | attire: @martinalianabridal | cake: @bittersweetpastryshop | rentals: @anayelisdecorations | photobooth: @thequecollab | officiant: @adolfoandco | other: @_vegasnails_ | other: @brayke | other: @samibabycakes"
1174,210,"loewschicagohotel",2025-09-05,2025-09-05,0,0.666667,1,1,"https://www.instagram.com/p/DOOqax1EWo7/","https://www.instagram.com/p/DOOqax1EWo7/","content_creator: @dreamy_content | dj: @djleemichaels | florist: @anthonygowderdesigns | photographer: @karliedru_photographer | planner: @frankeventdesign | rentals: @bbjlatavola | rentals: @tablescapeseventrentals | stationery: @carlsoncraft | venue: @loewschicagohotel | videographer: @diamondpeakfilms","venue: @loewschicagohotel | planner: @frankeventdesign | photographer: @karliedru_photographer | videographer: @diamondpeakfilms | videographer: @dreamy_content | florist: @anthonygowderdesigns | dj: @djleemichaels | rentals: @bbjlatavola | rentals: @tablescapeseventrentals | other: @carlsoncraft"
1267,224,"loyola_cuneomansion",2025-09-28,2025-09-28,0,0.666667,1,1,"https://www.instagram.com/p/DPJgKBdjY7D/","https://www.instagram.com/p/DPJgKBdjY7D/","cake: @thebakinginstitute | catering: @cateredbydesign | dj: @milkmajer | hair: @beaute_luxe | musician: @essentialjasonnelson | photobooth: @pixsterphotobooths | photographer: @colettemariephoto | planner: @lolaeventpros | planner: @lolasanjad | rentals: @aposhproduction | transportation: @the312limo | venue: @loyola_cuneomansion","venue: @loyola_cuneomansion | photographer: @colettemariephoto | hair: @beaute_luxe | dj: @milkmajer | musician: @essentialjasonnelson | cake: @thebakinginstitute | catering: @cateredbydesign | rentals: @aposhproduction | transportation: @the312limo | photobooth: @pixsterphotobooths | other: @bobbyburm | other: @lolaeventpros | other: @lolasanjad"
1288,230,"garden_banquets_chicago",2025-10-03,2025-10-02,1,0.555556,1,1,"https://www.instagram.com/p/DPUssd-DUMr/","https://www.instagram.com/p/DPUssd-DUMr/","dj: @jtcinthemix | photographer: @mbdweddingphotography | planner: @elevent.weddings | transportation: @windycitylimousine | venue: @garden_banquets_chicago | venue: @olmchicago | videographer: @reellovevideo","venue: @garden_banquets_chicago | photographer: @mbdweddingphotography | videographer: @reellovevideo | dj: @jtcinthemix | transportation: @windycitylimousine | other: @elevent.weddings | other: @olmchicago"
1327,237,"haleymansion",2025-10-10,2025-10-09,1,0.8,1,1,"https://www.instagram.com/p/DPmhtY1ESNY/","https://www.instagram.com/p/DPmhtY1ESNY/","florist: @anenglishgardenflorist | hair: @annacota_company | makeup: @nickirougebridalteam | venue: @haleymansion","venue: @haleymansion | florist: @anenglishgardenflorist | hair: @annacota_company | makeup: @nickirougebridalteam | other: @thebsce"
1367,249,"igniteeventschi",2025-10-21,2025-10-22,1,0.6,1,1,"https://www.instagram.com/p/DQFFn1cDebD/","https://www.instagram.com/p/DQIWpJvjKyk/","attire: @lbrbridal | catering: @amazingediblescatering | dj: @djliveentertainment | florist: @flowersfordreams | hair: @prettycommittee_beauty | planner: @eminencemks | venue: @igniteeventschi","venue: @igniteeventschi | planner: @eminencemks | hair: @prettycommittee_beauty | dj: @djliveentertainment | attire: @lbrbridal | catering: @amazingediblescatering | other: @flowersfordreams | other: @hannah_mrozowicz | other: @nottoobradofalife"
1485,271,"homesteadontheroof",2025-11-19,2025-11-18,1,0.8,1,1,"https://www.instagram.com/p/DRNXA0RASdO/","https://www.instagram.com/p/DRNXA0RASdO/","attire: @jennyyoonyc | attire: @suitsupply | beauty_other: @bridalartistryteam | cake: @westtownbakery | dj: @toastandjamdjs | florist: @flowersbystem | photographer: @theadamkovi | planner: @designedanddetailedweddings | venue: @homesteadontheroof","venue: @homesteadontheroof | planner: @designedanddetailedweddings | photographer: @theadamkovi | florist: @flowersbystem | dj: @toastandjamdjs | attire: @jennyyoonyc | attire: @suitsupply | beauty_other: @bridalartistryteam | other: @westtownbakery"
1577,280,"tigerlilyevents",2025-12-13,2025-12-13,0,0.733333,1,1,"https://www.instagram.com/p/DSL1vUcDMkd/","https://www.instagram.com/p/DSL1vUcDMkd/","attire: @alarobe | attire: @indochino | beauty_other: @joannabartistry | beauty_other: @tamaraholdenhair | cake: @bittersweetpastryshop | dj: @toastandjamdjs | florist: @flowersbystem | jeweler: @frankdarling | jeweler: @rebeccaovermannjewelry | musician: @chicagoweddingstrings | photographer: @emullinsphoto | planner: @aelochicago | venue: @tigerlilyevents","venue: @tigerlilyevents | planner: @aelochicago | photographer: @emullinsphoto | florist: @flowersbystem | hair: @tamaraholdenhair | makeup: @joannabartistry | dj: @toastandjamdjs | musician: @chicagoweddingstrings | attire: @alarobe | attire: @indochino | cake: @bittersweetpastryshop | jeweler: @frankdarling | jeweler: @rebeccaovermannjewelry"
1578,281,"loyola_cuneomansion",2025-12-13,2025-12-13,0,0.625,1,1,"https://www.instagram.com/p/DSNeQftEVKi/","https://www.instagram.com/p/DSNeQftEVKi/","cake: @thebakinginstitute | catering: @cateredbydesign | dj: @milkmajer | hair: @beaute_luxe | musician: @essentialjasonnelson | photobooth: @pixterphotobooths | photographer: @colettemariephoto | planner: @lolaeventpros | planner: @lolasanjad | rentals: @aposhproduction | transportation: @the312limo | venue: @loyola_cuneomansion","venue: @loyola_cuneomansion | photographer: @colettemariephoto | hair: @beaute_luxe | dj: @milkmajer | musician: @essentialjasonnelson | cake: @thebakinginstitute | catering: @cateredbydesign | rentals: @aposhproduction | transportation: @the312limo | photobooth: @pixterphotobooths | other: @bobbyburm | other: @lolaeventpros | other: @lolasanjad | other: @stephieswiat"
1644,301,"sarabandechicago",2026-01-07,2026-01-07,0,1,1,1,"https://www.instagram.com/p/DTN7dgOj16W/","https://www.instagram.com/p/DTN7dgOj16W/","catering: @tamalespaceship | dj: @stylemattersdjs | florist: @urbanallureevents | photographer: @tamarapatel_photography | planner: @bustleandlace | venue: @sarabandechicago | videographer: @wholeheartvideo","venue: @sarabandechicago | planner: @bustleandlace | photographer: @tamarapatel_photography | videographer: @wholeheartvideo | florist: @urbanallureevents | dj: @stylemattersdjs | catering: @tamalespaceship"
1681,311,"thelytlehouse",2026-01-16,2026-01-16,0,1,1,1,"https://www.instagram.com/p/DTjWcNWkeNd/","https://www.instagram.com/p/DTjWcNWkeNd/","cake: @stansdonutschicago | catering: @tamalespaceship | photographer: @emmatrevinophoto | venue: @thelytlehouse","venue: @thelytlehouse | photographer: @emmatrevinophoto | cake: @stansdonutschicago | catering: @tamalespaceship"
1691,310,"buildersbldg",2026-01-20,2026-01-16,4,0.875,1,2,"https://www.instagram.com/p/DTtKq0ECUUy/","https://www.instagram.com/p/DTk58yID_VO/ | https://www.instagram.com/p/DTtKq0ECUUy/","attire: @pelumioke_ | dj: @godjmatrix | florist: @mjmoccasions | hair: @glamsquad | hair: @hairbyjalynnn | hotel: @renchicagodowntown | photobooth: @extramomentsphotobooths | photographer: @janellejaquelinephoto | planner: @southwind.events | rentals: @crwevents_rentals | transportation: @midwesttransitsystem | transportation: @sentinelconsultinggrp | venue: @buildersbldg | videographer: @j.j_films","venue: @buildersbldg | planner: @southwind.events | photographer: @janellejaquelinephoto | videographer: @j.j_films | florist: @mjmoccasions | hair: @glamsquad | hair: @hairbyjalynnn | dj: @godjmatrix | attire: @pelumioke_ | rentals: @crwevents_rentals | transportation: @midwesttransitsystem | transportation: @sentinelconsultinggrp | photobooth: @extramomentsphotobooths | hotel: @renchicagodowntown | other: @nicoledeb08 | other: @stefans_words"
1716,319,"thelytlehouse",2026-01-26,2026-01-25,1,1,1,1,"https://www.instagram.com/p/DT8-F4kkV-6/","https://www.instagram.com/p/DT8-F4kkV-6/","cake: @nothingbundtcakes | catering: @tamalespaceship | florist: @flowersflowersevanston | photographer: @renatavoci | venue: @thelytlehouse","venue: @thelytlehouse | photographer: @renatavoci | florist: @flowersflowersevanston | cake: @nothingbundtcakes | catering: @tamalespaceship"
1858,362,"chicagoilluminatingcompany",2026-02-27,2026-02-27,0,0.571429,1,1,"https://www.instagram.com/p/DVPgVhHDdtj/","https://www.instagram.com/p/DVPgVhHDdtj/","attire: @amsale | attire: @bellabiancabridalcouture | catering: @entertaining_co | content_creator: @aforevermore.co | dj: @okynemedialab | florist: @studio_poppy | hair: @eringrahamhair | photographer: @goldenhoursweddings | planner: @lionheartedevents | venue: @chicagoilluminatingcompany","venue: @chicagoilluminatingcompany | planner: @lionheartedevents | photographer: @goldenhoursweddings | videographer: @aforevermore.co | hair: @eringrahamhair | dj: @okynemedialab | attire: @amsale | attire: @bellabiancabridalcouture | catering: @entertaining_co | other: @frostchicago | other: @joeysoluvly | other: @studio_poppy"
1874,365,"maedistrict",2026-03-05,2026-03-04,1,1,1,1,"https://www.instagram.com/p/DVeSza7DYez/","https://www.instagram.com/p/DVeSza7DYez/","beauty_other: @theartistryvibe | catering: @fftchicago | dj: @toastandjamdjs | florist: @ordinary_seed | photographer: @wedoweddingschi | planner: @baroj.events | venue: @maedistrict","venue: @maedistrict | planner: @baroj.events | photographer: @wedoweddingschi | florist: @ordinary_seed | dj: @toastandjamdjs | catering: @fftchicago | beauty_other: @theartistryvibe"
1876,367,"maedistrict",2026-03-05,2026-03-05,0,1,1,1,"https://www.instagram.com/p/DVflYsUjg9y/","https://www.instagram.com/p/DVflYsUjg9y/","cake: @stansdonutschicago | catering: @fftchicago | dj: @best.life.entertainment | florist: @f4dweddings | florist: @flowersfordreams | photographer: @clynnphotography | planner: @moinyett.theeventagency | venue: @maedistrict","venue: @maedistrict | planner: @moinyett.theeventagency | photographer: @clynnphotography | florist: @f4dweddings | florist: @flowersfordreams | dj: @best.life.entertainment | cake: @stansdonutschicago | catering: @fftchicago"
1935,388,"bridgeportartcenter",2026-03-18,2026-03-17,1,0.857143,1,1,"https://www.instagram.com/p/DV_-09yiYq1/","https://www.instagram.com/p/DV_-09yiYq1/","attire: @sarahseven | attire: @theblacktux | catering: @fftchicago | dj: @j.larroc | florist: @studio__poppy | hair: @hairbyramsay | jeweler: @brynmawrjewelry | makeup: @alyssadianamakeup | photographer: @melissaferraraphoto | planner: @olivefineweddings | rentals: @artofimaginationdecor | venue: @bridgeportartcenter | videographer: @hwustudios","venue: @bridgeportartcenter | planner: @olivefineweddings | photographer: @melissaferraraphoto | videographer: @hwustudios | hair: @hairbyramsay | makeup: @alyssadianamakeup | dj: @j.larroc | attire: @sarahseven | attire: @theblacktux | catering: @fftchicago | rentals: @artofimaginationdecor | jeweler: @brynmawrjewelry | other: @studio__poppy"
1971,400,"hilton_chicago_hotel",2026-03-24,2026-03-24,0,0.666667,1,1,"https://www.instagram.com/p/DWRwVlHkY-x/","https://www.instagram.com/p/DWRwVlHkY-x/","band: @davidrothsteinmusic | florist: @catherinesgarden | hair: @tranquilitysalonco | makeup: @denisemuartistry | photographer: @photographybylauryn | planner: @shh.events | venue: @hilton_chicago_hotel","venue: @hilton_chicago_hotel | planner: @shh.events | photographer: @photographybylauryn | florist: @catherinesgarden | hair: @tranquilitysalonco | makeup: @denisemuartistry | musician: @davidrothsteinmusic | other: @catrionahegarty"
1996,416,"tigerlilyevents",2026-03-31,2026-03-31,0,0.733333,1,1,"https://www.instagram.com/p/DWjjhQnDjFf/","https://www.instagram.com/p/DWjjhQnDjFf/","attire: @alarobe | attire: @indochino | beauty_other: @joannabartistry | beauty_other: @tamaraholdenhair | cake: @bittersweetpastryshop | dj: @toastandjamdjs | florist: @flowersbystem | jeweler: @frankdarling | jeweler: @rebeccaovermannjewelry | musician: @chicagoweddingstrings | photographer: @emullinsphoto | planner: @aneventlessordinary | venue: @tigerlilyevents","venue: @tigerlilyevents | planner: @aneventlessordinary | photographer: @emullinsphoto | florist: @flowersbystem | hair: @tamaraholdenhair | makeup: @joannabartistry | dj: @toastandjamdjs | musician: @chicagoweddingstrings | attire: @alarobe | attire: @indochino | cake: @bittersweetpastryshop | jeweler: @frankdarling | jeweler: @rebeccaovermannjewelry"
2004,420,"buildersbldg",2026-04-02,2026-04-01,1,0.888889,1,1,"https://www.instagram.com/p/DWm63Y4lMy6/","https://www.instagram.com/p/DWm63Y4lMy6/","florist: @vh__designs | hair: @windycityglam | musician: @fretlessmusic | musician: @sparkentgroup | photographer: @edandaileenphotography | planner: @hbicweddings | rentals: @tablescapeseventrentals | venue: @buildersbldg","venue: @buildersbldg | planner: @hbicweddings | photographer: @edandaileenphotography | florist: @vh__designs | hair: @windycityglam | musician: @fretlessmusic | musician: @sparkentgroup | rentals: @tablescapeseventrentals | other: @aposhproduction"
2011,424,"celestechicago",2026-04-03,2026-04-02,1,0.75,1,1,"https://www.instagram.com/p/DWpFJiYiRK5/","https://www.instagram.com/p/DWpFJiYiRK5/","attire: @londie.bridal | florist: @dirtybootsflowers | hair: @warpaintbeautyagency | jeweler: @costellojewelry | planner: @aperfectpairchicago | venue: @celestechicago | venue: @surgicalmuseumevents","venue: @celestechicago | venue: @surgicalmuseumevents | florist: @dirtybootsflowers | hair: @warpaintbeautyagency | attire: @londie.bridal | jeweler: @costellojewelry | other: @aperfectpairchicago"
2020,427,"tigerlilyevents",2026-04-06,2026-04-04,2,0.857143,1,2,"https://www.instagram.com/p/DWyxteQDR3z/","https://www.instagram.com/p/DWtmINTkSte/ | https://www.instagram.com/p/DWyxteQDR3z/","beauty_other: @anomaliebeautyagency | dj: @toastandjamdjs | florist: @flowersfordreams | photographer: @christytylerphotography | planner: @cygneteventsanddesign | venue: @tigerlilyevents","venue: @tigerlilyevents | planner: @cygneteventsanddesign | photographer: @christytylerphotography | videographer: @hwustudios | florist: @flowersfordreams | dj: @toastandjamdjs | beauty_other: @anomaliebeautyagency"
2065,446,"bridgeportartcenter",2026-04-15,2026-04-14,1,0.545455,1,2,"https://www.instagram.com/p/DXIMsYTDsUr/","https://www.instagram.com/p/DXIMsYTDsUr/ | https://www.instagram.com/p/DXU1DMtCjHR/","attire: @suitsupply | attire: @wolsfeltsbridal | band: @banda_potrillos | catering: @cocinafusioncatering | content_creator: @bonitosrecuerdos | dj: @luniksentertainment | florist: @thrivefloraldesigns | hair: @tamaramakeup | photobooth: @pixsterchicago | photographer: @thisisfeeling | planner: @theeventchi | transportation: @chicagocloud9limos | venue: @bridgeportartcenter","venue: @bridgeportartcenter | planner: @theeventchi | photographer: @thisisfeeling | videographer: @bonitosrecuerdos | florist: @thrivefloraldesigns | hair: @tamaramakeup | makeup: @tamaramakeup | dj: @luniksentertainment | band: @banda_potrillos | musician: @banda_potrillos | musician: @mariachiherenciamex | attire: @suitsupply | attire: @wolsfeltsbridal | catering: @cocinafusioncatering | catering: @venuelogic | transportation: @chicagocloud9limos | photobooth: @pixsterchicago | content_creator: @art_imagination | other: @art_imagination | other: @mariachiherenciamex | other: @venuelogic"
2069,449,"thearbory",2026-04-16,2026-04-15,1,0.923077,1,1,"https://www.instagram.com/p/DXKuDeKiXMf/","https://www.instagram.com/p/DXKuDeKiXMf/","attire: @balanicustom | attire: @bhldn | beauty_other: @bsansostiartistry | cake: @piepiemydarling | catering: @heartyboys | dj: @toastandjamdjs | florist: @atmosphereeventsgroup | jeweler: @stagheaddesigns | photographer: @emullinsphoto | planner: @cygneteventsanddesign | stationery: @ericksondesignchicago | venue: @thearbory","venue: @thearbory | planner: @cygneteventsanddesign | photographer: @emullinsphoto | florist: @atmosphereeventsgroup | dj: @toastandjamdjs | attire: @balanicustom | attire: @bhldn | stationery: @ericksondesignchicago | cake: @piepiemydarling | catering: @heartyboys | jeweler: @stagheaddesigns | beauty_other: @bsansostiartistry | other: @the.arbory"
2105,468,"riverroomchicago",2026-04-24,2026-04-26,2,0.588235,2,1,"https://www.instagram.com/p/DXrkdSDju9Y/ | https://www.instagram.com/p/DZVIim0FvcA/","https://www.instagram.com/p/DXmojvKEWIo/","attire: @ettetailor | attire: @indochino | beauty_other: @pinmeupchicago | cake: @sweetmandybs | catering: @bigstarchicago | catering: @oneoffhospitality | dj: @toastandjamdjs | florist: @f4dweddings | florist: @flowersfordreams | jeweler: @catbirdnyc | photographer: @emullinsphoto | planner: @shh.events | venue: @riverroomchicago","venue: @riverroomchicago | planner: @shh.events | photographer: @emullinsphoto | florist: @f4dweddings | florist: @flowersfordreams | hair: @pinmeupchicago | dj: @toastandjamdjs | attire: @ettetailor | attire: @indochinoweddings | attire: @lovelybridechicago | attire: @vagabond_bridal | cake: @sweetmandybs | catering: @bigstarchicago | catering: @oneoffhospitality"
2116,468,"riverroomchicago",2026-04-26,2026-04-26,0,1,1,1,"https://www.instagram.com/p/DXmojvKEWIo/","https://www.instagram.com/p/DXmojvKEWIo/","attire: @ettetailor | attire: @indochinoweddings | attire: @lovelybridechicago | attire: @vagabond_bridal | cake: @sweetmandybs | catering: @bigstarchicago | catering: @oneoffhospitality | dj: @toastandjamdjs | florist: @f4dweddings | florist: @flowersfordreams | hair: @pinmeupchicago | photographer: @emullinsphoto | planner: @shh.events | venue: @riverroomchicago","venue: @riverroomchicago | planner: @shh.events | photographer: @emullinsphoto | florist: @f4dweddings | florist: @flowersfordreams | hair: @pinmeupchicago | dj: @toastandjamdjs | attire: @ettetailor | attire: @indochinoweddings | attire: @lovelybridechicago | attire: @vagabond_bridal | cake: @sweetmandybs | catering: @bigstarchicago | catering: @oneoffhospitality"
2126,473,"lmstudiochi",2026-04-28,2026-04-27,1,0.666667,1,1,"https://www.instagram.com/p/DXpraPtAaTk/","https://www.instagram.com/p/DXpraPtAaTk/","content_creator: @pagebypagefilms | dj: @cageandaquarium | florist: @flowersfordreams | hair: @beautyyluxe__ | officiant: @weddingdaychicago | photographer: @saragardnerphotography | venue: @lmstudiochi","venue: @lmstudiochi | photographer: @saragardnerphotography | videographer: @pagebypagefilms | florist: @flowersfordreams | hair: @beautyyluxe__ | dj: @cageandaquarium | officiant: @weddingdaychicago | other: @inthedetails_studio"
2142,486,"the.arbory",2026-05-01,2026-04-30,1,0.777778,1,1,"https://www.instagram.com/p/DXxXI97jv54/","https://www.instagram.com/p/DXxXI97jv54/","beauty_other: @blushandbraidsbeautybar | catering: @lulacafeevents | dj: @goldnoisedjs | florist: @f4dweddings | florist: @flowersfordreams | photographer: @madiellisphoto | planner: @nyeventschicago | venue: @the.arbory","venue: @the.arbory | photographer: @madiellisphoto | florist: @f4dweddings | florist: @flowersfordreams | dj: @goldnoisedjs | catering: @lulacafeevents | beauty_other: @blushandbraidsbeautybar | other: @nyeventschicago"
2155,495,"thewellsley",2026-05-05,2026-05-04,1,0.666667,1,1,"https://www.instagram.com/p/DX7oM2OkR0T/","https://www.instagram.com/p/DX7oM2OkR0T/","attire: @omaimacouture | band: @maggiespeaksband | cake: @deflouredbakery | catering: @bokacateringchicago | florist: @hedoniaflowers | hotel: @godfreyhotelchicago | photobooth: @zippybooth | photographer: @thisisfeeling | planner: @bluemooneventschicago | rentals: @bbjlatavola | rentals: @tablescapeseventrentals | transportation: @the312limo | venue: @thewellsley","venue: @thewellsley | planner: @bluemooneventschicago | photographer: @thisisfeeling | florist: @hedoniaflowers | musician: @maggiespeaksband | attire: @omaimacouture | cake: @deflouredbakery | catering: @bokacateringchicago | rentals: @bbjlatavola | rentals: @tablescapeseventrentals | transportation: @the312limo | photobooth: @zippybooth | hotel: @godfreyhotelchicago | other: @debrapetrielli.team | other: @garfieldsbeverage | other: @photique.co | other: @portilloshotdogs"
2156,500,"charcoalfactoryloft",2026-05-05,2026-05-05,0,0.647059,1,1,"https://www.instagram.com/p/DX8HZRVFfp2/","https://www.instagram.com/p/DX8HZRVFfp2/","attire: @sarahseven | attire: @suitsupply | catering: @lulacafe | florist: @_pulp | hair: @hair_bygabrielle | jeweler: @theclassicgemjewelry | makeup: @sandythinnes_mua | photographer: @bradley_moss | planner: @sustainablesoirees | rentals: @tablescapeseventrentals | venue: @charcoalfactoryloft | videographer: @statefilm","venue: @charcoalfactoryloft | photographer: @bradley_moss | videographer: @statefilm | florist: @_pulp | hair: @hair_bygabrielle | makeup: @sandythinnes_mua | attire: @sarahseven | attire: @suitsupply | catering: @lulacafe | rentals: @tablescapeseventrentals | jeweler: @theclassicgemjewelry | other: @acechicagoevents | other: @biscuitfactory1 | other: @steraclepress | other: @sustainablesoirees | other: @weddings826"
2159,503,"artifacteventschicago",2026-05-05,2026-05-05,0,0.846154,1,1,"https://www.instagram.com/p/DX95_KckRew/","https://www.instagram.com/p/DX95_KckRew/","attire: @aliceinivorybridal | attire: @theblacktux | cake: @bittersweetpastryshop | catering: @heartyboys | dj: @revrb_sound | florist: @stevesflowermarket | hotel: @ambassadorchicago | photographer: @nicholebabiezphotography | planner: @bluemooneventschicago | rentals: @tablescapeseventrentals | venue: @artifacteventschicago","venue: @artifacteventschicago | planner: @bluemooneventschicago | photographer: @nicholebabiezphotography | florist: @stevesflowermarket | dj: @revrb_sound | attire: @aliceinivorybridal | attire: @theblacktux | cake: @bittersweetpastryshop | catering: @heartyboys | rentals: @tablescapeseventrentals | hotel: @ambassadorchicago | other: @loumalnatis | other: @rarebirdbeauties"
2170,509,"buildersbldg",2026-05-08,2026-05-07,1,1,1,1,"https://www.instagram.com/p/DYDT90zhwTb/","https://www.instagram.com/p/DYDT90zhwTb/","photographer: @artisticelegancephotography | planner: @kiamarievents | rentals: @siblanaevents | venue: @buildersbldg","venue: @buildersbldg | planner: @kiamarievents | photographer: @artisticelegancephotography | rentals: @siblanaevents"
2179,520,"morgan.mfg",2026-05-11,2026-05-11,0,1,1,1,"https://www.instagram.com/p/DYNJMopDq2v/","https://www.instagram.com/p/DYNJMopDq2v/","cake: @sweetmandybs | catering: @blueplatechicago | hair: @bsansostiartistry | musician: @elegantsoundandlighting | officiant: @zeneventschicago | photographer: @kentdrakephoto | planner: @lolaeventpros | planner: @lolamichellev | rentals: @bbjlatavola | rentals: @eleganteventlighting | rentals: @lifeinbloom | rentals: @thefestivefrog | stationery: @steraclepress | venue: @morgan.mfg","venue: @morgan.mfg | planner: @lolaeventpros | planner: @lolamichellev | photographer: @kentdrakephoto | hair: @bsansostiartistry | musician: @elegantsoundandlighting | stationery: @steraclepress | cake: @sweetmandybs | catering: @blueplatechicago | rentals: @bbjlatavola | rentals: @eleganteventlighting | rentals: @lifeinbloom | rentals: @thefestivefrog | officiant: @zeneventschicago"
2190,529,"osteriaviastato",2026-05-13,2026-05-13,0,0.666667,1,1,"https://www.instagram.com/p/DYSO-KCDoaB/","https://www.instagram.com/p/DYSO-KCDoaB/","attire: @jennyyoonyc | attire: @kaileepweddings | attire: @suitsupply | beauty_other: @amandawmua | dj: @stylemattersdjs | florist: @poppyflowersco | hotel: @virginhotelschi | jeweler: @casadoropgh | photographer: @emullinsphoto | stationery: @truly.engaging | venue: @osteriaviastato","venue: @osteriaviastato | photographer: @emullinsphoto | florist: @poppyflowersco | makeup: @amandawmua | dj: @stylemattersdjs | musician: @mariachiedc | attire: @jennyyoonyc | attire: @kaileepweddings | attire: @suitsupply | stationery: @truly.engaging | cake: @damatosbakeryandsubs | hotel: @virginhotelschi | jeweler: @casadoropgh | other: @osteriaviastato."
2196,532,"firehousechicago",2026-05-15,2026-05-14,1,0.75,1,1,"https://www.instagram.com/p/DYVdzjfkWMq/","https://www.instagram.com/p/DYVdzjfkWMq/","attire: @silvermoonchicago | catering: @oneoffhospitality | florist: @annaheldfloralstudio | hair: @_hairbyabi | photographer: @megansaulphotography | venue: @firehousechicago","venue: @firehousechicago | photographer: @megansaulphotography | florist: @annaheldfloralstudio | hair: @_hairbyabi | attire: @silvermoonchicago | catering: @oneoffhospitality | other: @cageandaquarium | other: @goldplaited_"
2261,590,"maedistrict",2026-05-27,2026-05-26,1,1,1,1,"https://www.instagram.com/p/DY0KKcDmb5Q/","https://www.instagram.com/p/DY0KKcDmb5Q/","attire: @enzocustom | attire: @missstellayork | catering: @fftchicago | dj: @cageandaquarium | florist: @floral_glory_design | hair: @windycityglam | officiant: @4everincredible | photographer: @nikkikatephoto | venue: @maedistrict","venue: @maedistrict | photographer: @nikkikatephoto | florist: @floral_glory_design | hair: @windycityglam | dj: @cageandaquarium | attire: @enzocustom | attire: @missstellayork | catering: @fftchicago | officiant: @4everincredible"
2283,598,"lacunaloftevents",2026-05-29,2026-05-29,0,1,1,1,"https://www.instagram.com/p/DY7JnVxETW8/","https://www.instagram.com/p/DY7JnVxETW8/","catering: @lmcateringchi | dj: @toastandjamdjs | florist: @flowerchild_floraldesign | musician: @fretlessmusic | photographer: @edandaileenphotography | planner: @extraordinaryeventz | planner: @zeopard | venue: @lacunaloftevents","venue: @lacunaloftevents | planner: @extraordinaryeventz | planner: @zeopard | photographer: @edandaileenphotography | florist: @flowerchild_floraldesign | dj: @toastandjamdjs | musician: @fretlessmusic | catering: @lmcateringchi"
2286,642,"northpondchi",2026-05-30,2026-06-09,10,0.571429,1,1,"https://www.instagram.com/p/DZXrOPhHDXz/","https://www.instagram.com/p/DZXrOPhHDXz/","beauty_other: @rarebirdbeauties | florist: @f4dweddings | hotel: @therobeychicago | planner: @lofi_events | venue: @northpondchi","venue: @northpondchi | florist: @f4dweddings | hotel: @therobeychicago | beauty_other: @rarebirdbeauties | other: @chicagopedicab | other: @lofi_events"
2313,587,"ulcchicago",2026-06-03,2026-05-26,8,0.8,1,1,"https://www.instagram.com/p/DZIh9iygH7u/","https://www.instagram.com/p/DY0cLmdjpw5/","attire: @mariegabrielcouturebridal | attire: @mira_couture | attire: @verawanggang | cake: @bittersweetpastryshop | dj: @sparkentgroup | florist: @cjeflowers | hair: @ranniamaria | makeup: @nia.dynasty | photographer: @berlez | planner: @cjjanda | stationery: @chitownlbrown | venue: @ulcchicago | videographer: @aspenavenuestudios","venue: @ulcchicago | planner: @cjjanda | photographer: @berlez | videographer: @aspenavenuestudios | florist: @cjeflowers | hair: @ranniamaria | makeup: @nia.dynasty | band: @sparkentgroup | attire: @mariegabrielcouturebridal | attire: @mira_couture | attire: @verawanggang | stationery: @chitownlbrown | cake: @bittersweetpastryshop | content_creator: @robertnoiastyle"
2328,623,"revelspace",2026-06-06,2026-06-05,1,1,1,1,"https://www.instagram.com/p/DZN6F7kCY3M/","https://www.instagram.com/p/DZN6F7kCY3M/","cake: @tonipatisseriecafe | catering: @limelightcatering | dj: @thedjfirm | florist: @revel_decor | makeup: @rarebirdbeauties | photographer: @mayahleephotography | planner: @welldesignedevents | venue: @revelspace | videographer: @filmandfableco","venue: @revelspace | planner: @welldesignedevents | photographer: @mayahleephotography | videographer: @filmandfableco | florist: @revel_decor | makeup: @rarebirdbeauties | dj: @thedjfirm | cake: @tonipatisseriecafe | catering: @limelightcatering"
2335,629,"cityhallchicagoevents",2026-06-07,2026-06-07,0,0.666667,1,1,"https://www.instagram.com/p/DZSbV_0jtq1/","https://www.instagram.com/p/DZSbV_0jtq1/","beauty_other: @beautybyannkrause | catering: @beyondcateringchi | dj: @greenlinetalent | florist: @valeofenna | photobooth: @chicagospremierphotobooth | photographer: @studiozwerveling | planner: @bridget_mary_weddings | planner: @vanessa__delaney | transportation: @_pontarelli | venue: @cityhallchicagoevents","venue: @cityhallchicagoevents | photographer: @studiozwerveling | florist: @valeofenna | dj: @greenlinetalent | catering: @beyondcateringchi | transportation: @_pontarelli | photobooth: @chicagospremierphotobooth | beauty_other: @beautybyannkrause | other: @bridget_mary_weddings | other: @vanessa__delaney"
2342,636,"revelspace",2026-06-08,2026-06-08,0,0.777778,1,1,"https://www.instagram.com/p/DZVYJBQPSLN/","https://www.instagram.com/p/DZVYJBQPSLN/","band: @yazzevents | florist: @revel_decor | hair: @windycityglam | photographer: @colettemariephoto | planner: @bridget_mary_weddings | transportation: @waytogotrolley | venue: @revelspace | videographer: @with.gracecollective","venue: @revelspace | planner: @bridget_mary_weddings | photographer: @colettemariephoto | videographer: @with.gracecollective | florist: @revel_decor | hair: @windycityglam | musician: @yazzevents | transportation: @waytogotrolley"
2357,640,"uccweddings",2026-06-10,2026-06-09,1,0.823529,1,1,"https://www.instagram.com/p/DZYWdI6kWve/","https://www.instagram.com/p/DZYWdI6kWve/","attire: @evalendel | attire: @lbrbridal | attire: @theblacktux | dj: @toastandjamdjs | florist: @lavenderfieldsflorist | hair: @windycityglam | jeweler: @abra_at_shelle | photobooth: @photique.co | photographer: @andreagodfreyphotography | planner: @lovestoryweddingevents | rentals: @mmeventplanners | transportation: @chitown__limobus | venue: @uccweddings | venue: @universityclubofchicago | videographer: @oldnorthfilmco","venue: @uccweddings | venue: @universityclubofchicago | planner: @lovestoryweddingevents | photographer: @andreagodfreyphotography | videographer: @oldnorthfilmco | florist: @lavenderfieldsflorist | dj: @toastandjamdjs | attire: @evalendel | attire: @lbrbridal | attire: @theblacktux | stationery: @zola | rentals: @mmeventplanners | transportation: @chitown__limobus | photobooth: @photique.co | jeweler: @abra_at_shelle | beauty_other: @windycityglam"
2368,654,"greenhouseloft",2026-06-11,2026-06-11,0,1,1,1,"https://www.instagram.com/p/DZbg9bqlQBX/","https://www.instagram.com/p/DZbg9bqlQBX/","beauty_other: @diemangiebeautyteam | catering: @cocinafusioncatering | florist: @hedoniaflowers | photographer: @vsprungphoto | planner: @ktdoesevents | venue: @greenhouseloft","venue: @greenhouseloft | planner: @ktdoesevents | photographer: @vsprungphoto | florist: @hedoniaflowers | catering: @cocinafusioncatering | beauty_other: @diemangiebeautyteam"
2374,655,"311pazzos",2026-06-12,2026-06-12,0,0.888889,1,1,"https://www.instagram.com/p/DZfWpPWBURe/","https://www.instagram.com/p/DZfWpPWBURe/","dj: @dja1chi | hair: @nickirougebridalteam | photographer: @artisticelegancephotography | planner: @dejanaeevents | rentals: @vip_events_decor | venue: @311pazzos | videographer: @goodweddingfilms | videographer: @socialweddclub","venue: @311pazzos | planner: @dejanaeevents | photographer: @artisticelegancephotography | videographer: @goodweddingfilms | videographer: @socialweddclub | hair: @nickirougebridalteam | dj: @dja1chi | rentals: @vip_events_decor | other: @deannasweetdreams"
2385,664,"thegroveredfieldestate",2026-06-15,2026-06-15,0,0.7,1,1,"https://www.instagram.com/p/DZlpYKfjWpt/","https://www.instagram.com/p/DZlpYKfjWpt/","attire: @weddings826 | florist: @hedoniaflowers | hair: @magnificentbrides | makeup: @magnificentbrides | musician: @tvkmusic | photographer: @foxandivory | planner: @afterglowweddingsandevents | venue: @thegroveredfieldestate","venue: @thegroveredfieldestate | planner: @afterglowweddingsandevents | photographer: @foxandivory | videographer: @aposhproduction | florist: @hedoniaflowers | hair: @magnificentbrides | musician: @tvkmusic | attire: @justinalexander | attire: @weddings826"
2393,669,"lmstudiochi",2026-06-15,2026-06-15,0,0.52,1,1,"https://www.instagram.com/p/DZnXqeQGMVc/","https://www.instagram.com/p/DZnXqeQGMVc/","attire: @ettetailor | attire: @ritavinieris | attire: @theweddingshoppemi | band: @chrisbajmak | cake: @vanillechicago | content_creator: @tohavenandtopostweddings | dj: @rhythmandromancedjs | florist: @ashaddevents | hair: @bridalartistryteam | jeweler: @lucidojewelry | makeup: @windy.city.makeup | photographer: @vsprungphoto | stationery: @minted | venue: @lmstudiochi | venue: @stgeorgechicagogoc | videographer: @lawrenceconnorfilms","venue: @lmstudiochi | venue: @stgeorgechicagogoc | photographer: @vsprungphoto | videographer: @lawrenceconnorfilms | videographer: @tohavenandtopostweddings | florist: @ashaddevents | hair: @bridalartistryteam | makeup: @windy.city.makeup | dj: @rhythmandromancedjs | musician: @chrisbajmak | attire: @ritavinieris | attire: @theweddingshoppemi | stationery: @minted | cake: @vanillechicago | jeweler: @lucidojewelry | other: @antonioducamusic | other: @bweddingschicago | other: @chicagoweddingharpist | other: @ettetailor | other: @lemeridienessex | other: @menswearhouse | other: @ronigolanart"
2395,665,"thelytlehouse",2026-06-16,2026-06-15,1,0.8,1,1,"https://www.instagram.com/p/DZnimn-iwpJ/","https://www.instagram.com/p/DZnimn-iwpJ/","cake: @ecbg_studio | catering: @amazingediblescatering | photographer: @lexy_hecksel | venue: @thelytlehouse","venue: @thelytlehouse | photographer: @lexy_hecksel | cake: @ecbg_studio | catering: @amazingediblescatering | other: @parkweststrings"
2399,667,"louloubylula",2026-06-16,2026-06-15,1,1,1,1,"https://www.instagram.com/p/DZn-ojSkTMV/","https://www.instagram.com/p/DZn-ojSkTMV/","attire: @jennyyoonyc | cake: @deflouredbakery | cake: @doritedonuts | florist: @_bcollective | hair: @bridalartistryteam | jeweler: @frankdarling | jeweler: @madberet | photographer: @megansaulphotography | venue: @louloubylula","venue: @louloubylula | photographer: @megansaulphotography | florist: @_bcollective | hair: @bridalartistryteam | attire: @jennyyoonyc | cake: @deflouredbakery | cake: @doritedonuts | jeweler: @frankdarling | jeweler: @madberet"
2414,685,"lshiremarriott",2026-06-17,2026-06-17,0,1,1,1,"https://www.instagram.com/p/DZsWfjADtpV/","https://www.instagram.com/p/DZsWfjADtpV/","attire: @emanueletuxedo | attire: @pronovias | beauty_other: @bridalartistryteam | cake: @lovinovencakery | dj: @okynemedialab | florist: @flowersbykh | jeweler: @jaredjewelers | officiant: @hitchedbymv | photographer: @emullinsphoto | planner: @rachaelsteacyevents | stationery: @minted | venue: @lshiremarriott","venue: @lshiremarriott | planner: @rachaelsteacyevents | photographer: @emullinsphoto | florist: @flowersbykh | dj: @okynemedialab | attire: @emanueletuxedo | attire: @pronovias | stationery: @minted | cake: @lovinovencakery | officiant: @hitchedbymv | jeweler: @jaredjewelers | beauty_other: @bridalartistryteam"
2419,683,"greenhouseloft",2026-06-18,2026-06-17,1,0.833333,1,1,"https://www.instagram.com/p/DZsvjMgkVbe/","https://www.instagram.com/p/DZsvjMgkVbe/","catering: @maisoncuisinechicago | florist: @southsideblooms | hair: @pinmeupchicago | musician: @midtownstrings | photographer: @jppstudios | planner: @meghanstegemann | planner: @shh.events | planner: @vanessa__delaney | transportation: @midwesttransitsystem | venue: @greenhouseloft","venue: @greenhouseloft | planner: @meghanstegemann | planner: @shh.events | planner: @vanessa__delaney | photographer: @jppstudios | florist: @southsideblooms | hair: @pinmeupchicago | musician: @midtownstrings | catering: @maisoncuisinechicago | transportation: @midwesttransitsystem | other: @garfieldsbeverage | other: @zeitlinsdelicatessen"
2423,678,"cantignypark",2026-06-18,2026-06-17,1,1,1,1,"https://www.instagram.com/p/DZs55HJFAa4/","https://www.instagram.com/p/DZs55HJFAa4/","beauty_other: @debpetrielli | beauty_other: @windycityglam | cake: @sweetmandybs | dj: @toastandjamdjs | florist: @willrettflowercompany | photographer: @graphsbygretch | planner: @afterglowweddingsandevents | transportation: @royalcarriage_limo | venue: @cantignypark","venue: @cantignypark | planner: @afterglowweddingsandevents | photographer: @graphsbygretch | florist: @willrettflowercompany | dj: @toastandjamdjs | cake: @sweetmandybs | transportation: @royalcarriage_limo | beauty_other: @debpetrielli | beauty_other: @windycityglam"
2424,681,"westinlombard",2026-06-18,2026-06-17,1,0.875,1,1,"https://www.instagram.com/p/DZtDqcHRWOi/","https://www.instagram.com/p/DZtDqcHRWOi/","dj: @dreamhouseproductions | hair: @roopvashiartistry | photographer: @maha_studios | planner: @dvsevents | rentals: @ramis_mandap | venue: @westinlombard | videographer: @rhettthompsonfilms","venue: @westinlombard | planner: @dvsevents | photographer: @maha_studios | videographer: @rhettthompsonfilms | hair: @roopvashiartistry | dj: @dreamhouseproductions | rentals: @ramis_mandap | other: @unnatizart"
2432,682,"gpconservatory",2026-06-18,2026-06-17,1,0.666667,1,3,"https://www.instagram.com/p/DZu7lLGDkZS/","https://www.instagram.com/p/DZ-hDdAEdey/ | https://www.instagram.com/p/DZsQKMvxxU4/ | https://www.instagram.com/p/DZu7lLGDkZS/","beauty_other: @bridalartistryteam | cake: @piepiemydarling | catering: @mantracatering_chicago | catering: @mazalapizza | content_creator: @ever.after.archives | dj: @stylemattersdjs | florist: @ashaddevents | photographer: @emullinsphoto | planner: @nyeventschicago | stationery: @minted | venue: @gpconservatory | venue: @ovationchicago","venue: @gpconservatory | venue: @ovationchicago | planner: @nyeventschicago | photographer: @emullinsphoto | videographer: @ever.after.archives | florist: @ashaddevents | florist: @ashlandaddison | hair: @bridalartistryteam | dj: @stylemattersdjs | stationery: @minted | cake: @piepiemydarling | catering: @drinkunmuddled | catering: @mantracatering_chicago | catering: @mazalapizza | content_creator: @ever.after.archives | beauty_other: @bridalartistryteam | beauty_other: @hennabyparvin_ | other: @hennabyparvin_"
2438,692,"revelspace",2026-06-19,2026-06-18,1,0.909091,1,1,"https://www.instagram.com/p/DZvPswlD9wd/","https://www.instagram.com/p/DZvPswlD9wd/","cake: @jenisicecreams | catering: @limelightcatering | dj: @toastandjamdjs | florist: @revel_decor | musician: @birdxbutterfly | musician: @innocentistrings | planner: @kalilaharris | transportation: @premiertrolley | venue: @revelspace | videographer: @oakhouseweddingfilms","venue: @revelspace | planner: @kalilaharris | videographer: @oakhouseweddingfilms | florist: @revel_decor | dj: @toastandjamdjs | musician: @birdxbutterfly | musician: @innocentistrings | cake: @jenisicecreams | catering: @limelightcatering | transportation: @premiertrolley | other: @rarebirdbeauties"
2448,750,"311pazzos",2026-06-20,2026-06-29,9,0.714286,1,2,"https://www.instagram.com/p/DaL_93hDtZN/","https://www.instagram.com/p/DaL_93hDtZN/ | https://www.instagram.com/p/DaMBa6zT8P_/","attire: @dianasbridal | attire: @menswearhouse | band: @christopherduquet | cake: @alliancebakery | florist: @flowersfordreams | hair: @pinmeupchicago | photobooth: @asnapawayco_ | photographer: @karlyellisphotography | photographer: @lex_payne8 | photographer: @rachel__create | venue: @311pazzos","venue: @311pazzos | photographer: @karlyellisphotography | photographer: @lex_payne8 | photographer: @rachel__create | videographer: @lex_payne8 | florist: @flowersfordreams | hair: @pinmeupchicago | musician: @christopherduquet | attire: @dianasbridal | attire: @menswearhouse | cake: @alliancebakery | photobooth: @asnapawayco_ | jeweler: @christopherduquet"
2453,698,"thewellsley",2026-06-20,2026-06-20,0,0.545455,1,1,"https://www.instagram.com/p/DZ0BPYpFecL/","https://www.instagram.com/p/DZ0BPYpFecL/","cake: @flourishcakedesign | catering: @bokacateringchicago | dj: @stroyals | florist: @stevesflowermarket | photographer: @vonschonhoff_photography | planner: @marthmomentsllc | rentals: @tablescapeseventrentals | venue: @thewellsley","venue: @thewellsley | photographer: @vonschonhoff_photography | florist: @stevesflowermarket | dj: @stroyals | catering: @bokacateringchicago | rentals: @tablescapeseventrentals | other: @flourishcakedesign | other: @marthmomentsllc | other: @wachicago"
2463,707,"artifacteventschicago",2026-06-23,2026-06-22,1,1,1,2,"https://www.instagram.com/p/DZ59J_uDvhi/","https://www.instagram.com/p/DZ-5jYMlCRG/ | https://www.instagram.com/p/DZ59J_uDvhi/","catering: @heartyboys | dj: @maggiespeaksband | florist: @housefinchfloral | hair: @beyondthebrushbeauties | photographer: @nikkikatephoto | planner: @reverieandcoevents | venue: @artifacteventschicago","venue: @artifacteventschicago | planner: @reverieandcoevents | photographer: @nikkikatephoto | florist: @housefinchfloral | hair: @beyondthebrushbeauties | dj: @maggiespeaksband | catering: @heartyboys"
2476,710,"chicagoculturalcenter",2026-06-24,2026-06-23,1,0.736842,1,2,"https://www.instagram.com/p/DZ8JxmegZTk/","https://www.instagram.com/p/DZ-lXOGREwL/ | https://www.instagram.com/p/DZ8JxmegZTk/","attire: @lbrbridal | attire: @suitsupply | catering: @bokacateringchicago | catering: @bokachicago | content_creator: @aforevermore.co | dj: @djakib | dj: @goldcoastallstars | florist: @hmrdesigns | florist: @twbaker.events | photographer: @danaannweddings | photographer: @goldenhoursweddings | planner: @detailschi | rentals: @bbjlatavola | rentals: @tablescapeseventrentals | venue: @chicagoculturalcenter","venue: @chicagoculturalcenter | planner: @detailschi | photographer: @danaannweddings | photographer: @goldenhoursweddings | videographer: @aforevermore.co | florist: @hmrdesigns | florist: @twbaker.events | dj: @djakib | dj: @goldcoastallstars | attire: @lbrbridal | attire: @suitsupply | catering: @bokacateringchicago | catering: @bokachicago | rentals: @bbjlatavola | rentals: @tablescapeseventrentals | other: @byaeris_ | other: @clarecfisher | other: @meaningfulletters_"
2480,720,"lacunaloftevents",2026-06-24,2026-06-24,0,0.916667,1,1,"https://www.instagram.com/p/DZ-gMhyjmYR/","https://www.instagram.com/p/DZ-gMhyjmYR/","attire: @bridesbyyoung | attire: @gftuxedo | beauty_other: @blushandbraidsbeautybar | catering: @lmcateringchi | content_creator: @socialsudz | dj: @hdechicago | florist: @nancy.caruso123 | hotel: @marquis_chicago | photographer: @emullinsphoto | planner: @sustainablesoirees | venue: @lacunaloftevents","venue: @lacunaloftevents | planner: @sustainablesoirees | photographer: @emullinsphoto | florist: @nancy.caruso123 | dj: @hdechicago | attire: @bridesbyyoung | attire: @gftuxedo | cake: @damatosbakeryandsubs | catering: @lmcateringchi | hotel: @marquis_chicago | content_creator: @socialsudz | beauty_other: @blushandbraidsbeautybar"
2495,727,"royalsonestachicago",2026-06-26,2026-06-25,1,0.7,2,1,"https://www.instagram.com/p/DaBS2Meieom/ | https://www.instagram.com/p/DaF_HjvlRut/","https://www.instagram.com/p/DaBS2Meieom/","band: @davidrothsteinmusic | cake: @ecbg_studio | content_creator: @aforevermore.co | florist: @flowersfordreams | hair: @rarebirdbeauties | makeup: @rarebirdbeauties | photographer: @kaileemariephotography | planner: @simplyelegantxo | venue: @royalsonestachicago","venue: @royalsonestachicago | planner: @simplyelegantxo | photographer: @kaileemariephotography | florist: @flowersfordreams | hair: @rarebirdbeauties | musician: @davidrothsteinmusic | cake: @ecbg_studio | content_creator: @aforevermore.co"
2499,733,"thedrakechicago",2026-06-26,2026-06-26,0,0.615385,4,3,"https://www.instagram.com/p/DadFZpakav_/ | https://www.instagram.com/p/DaDJpDcEYtP/ | https://www.instagram.com/p/DaDJV14Rkeu/ | https://www.instagram.com/p/DaEIiqwFLbg/","https://www.instagram.com/p/DadFZpakav_/ | https://www.instagram.com/p/DaDJpDcEYtP/ | https://www.instagram.com/p/DaEIiqwFLbg/","beauty_other: @lueurbeauti | cake: @ecbg_studio | dj: @dreamhouseproductions | florist: @stevesflowermarket | jeweler: @andromedaduet | photographer: @graphsbygretch | planner: @ohanaeventsinc | venue: @thedrakechicago | videographer: @oakhouseweddingfilms","venue: @thedrakechicago | planner: @ohanaeventsinc | photographer: @graphsbygretch | videographer: @oakhouseweddingfilms | florist: @stevesflowermarket | dj: @dreamhouseproductions | musician: @andromedaduet | musician: @dbe.off | musician: @dbe.official | cake: @ecbg_studio | beauty_other: @brow_art_salon_spa_1 | beauty_other: @lueurbeauti"
2502,687,"armourhouseweddings",2026-06-26,2026-06-18,8,0.75,1,2,"https://www.instagram.com/p/DaDbD9nBnDt/","https://www.instagram.com/p/DaDbD9nBnDt/ | https://www.instagram.com/p/DZvSHrAGP44/","band: @stacherocks | hair: @hairbyramsay | makeup: @shannonobrienweddings | musician: @beatmixchicago | photographer: @joywlane | photographer: @studiothisisphotography | planner: @cjjanda | stationery: @chitownlbrown | venue: @armourhouseweddings | videographer: @wearewholehearted","venue: @armourhouseweddings | planner: @cjjanda | photographer: @joywlane | photographer: @studiothisisphotography | videographer: @wearewholehearted | hair: @hairbyramsay | makeup: @shannonobrienweddings | musician: @beatmixchicago | musician: @stacherocks | stationery: @chitownlbrown | other: @cjeflowers"
2507,816,"rpmprivateevents",2026-06-27,2026-07-08,11,1,1,1,"https://www.instagram.com/p/DaiyzEWmrPv/","https://www.instagram.com/p/DaiyzEWmrPv/","attire: @bellabiancabridalcouture | attire: @tomjamesclothing | cake: @ecbg_studio | florist: @stevesflowermarket | hair: @rarebirdbeauties | photobooth: @shutterboothchicago | photographer: @karlyellisphotography | photographer: @lex_payne8 | photographer: @rachel__create | planner: @celebrate_planning | planner: @jaciweber1212 | transportation: @premiertrolley | venue: @rpmprivateevents | videographer: @oakhouseweddingfilms","venue: @rpmprivateevents | planner: @celebrate_planning | planner: @jaciweber1212 | photographer: @karlyellisphotography | photographer: @lex_payne8 | photographer: @rachel__create | videographer: @oakhouseweddingfilms | florist: @stevesflowermarket | hair: @rarebirdbeauties | attire: @bellabiancabridalcouture | attire: @tomjamesclothing | cake: @ecbg_studio | transportation: @premiertrolley | photobooth: @shutterboothchicago"
2512,737,"chicagowinery",2026-06-27,2026-06-27,0,0.8,1,1,"https://www.instagram.com/p/DaGH4_aEUng/","https://www.instagram.com/p/DaGH4_aEUng/","attire: @mira_couture | attire: @netadover_bridal | content_creator: @dakinhouseco | dj: @spinvxn | florist: @floralwondersevents | hair: @mallorysolosalon | makeup: @makeupfrancesca | musician: @thedjfirm | photographer: @millieraecophoto | venue: @chicagowinery | videographer: @blushandbriarfilms | videographer: @kurtdabarbarian","venue: @chicagowinery | venue: @fadschicagolakeview | photographer: @millieraecophoto | videographer: @blushandbriarfilms | videographer: @kurtdabarbarian | florist: @floralwondersevents | hair: @mallorysolosalon | makeup: @makeupfrancesca | dj: @spinvxn | musician: @thedjfirm | attire: @mira_couture | attire: @netadover_bridal | rentals: @chaircoversbysylwia | content_creator: @dakinhouseco | other: @travelingdecor"
2521,765,"revelspace",2026-06-30,2026-06-30,0,0.666667,1,1,"https://www.instagram.com/p/DaMQbWtDpjI/","https://www.instagram.com/p/DaMQbWtDpjI/","band: @beatmixchicago | band: @conquest_the_band | beauty_other: @pinmeupchicago | catering: @zeldascatering | hair: @kelly_demoz_hair | hair: @reneefeldmanweddings | makeup: @shannonobrienweddings | photographer: @spoonphotodesign | planner: @joycepollakoff | rentals: @revel_decor | venue: @revelspace | videographer: @connolly.content.creation","venue: @revelspace | planner: @joycepollakoff | photographer: @spoonphotodesign | videographer: @connolly.content.creation | hair: @kelly_demoz_hair | hair: @reneefeldmanweddings | makeup: @shannonobrienweddings | musician: @beatmixchicago | musician: @conquest_the_band | catering: @zeldascatering | rentals: @revel_decor | beauty_other: @pinmeupchicago | other: @limelightcatering"
2534,771,"igniteeventschi",2026-07-01,2026-07-01,0,0.714286,1,1,"https://www.instagram.com/p/DaQkycxFLTM/","https://www.instagram.com/p/DaQkycxFLTM/","catering: @lulacafeevents | florist: @julieannenchantedfloral | photographer: @dvproductionsfilms | photographer: @studiozwerveling | planner: @sweetchicevents | venue: @igniteeventschi","venue: @igniteeventschi | planner: @sweetchicevents | photographer: @dvproductionsfilms | photographer: @studiozwerveling | catering: @lulacafeevents | other: @julieannenchantedfloral"
2535,768,"wildmanbt",2026-07-02,2026-07-01,1,0.846154,1,1,"https://www.instagram.com/p/DaQ-b0lCQsj/","https://www.instagram.com/p/DaQ-b0lCQsj/","attire: @jennyyoonyc | attire: @sotteroandmidgley | band: @beatmixchicago | catering: @cocinafusioncatering | florist: @thistleandplume | hair: @elleartistryllc | hotel: @nobuchicago | photographer: @williams_emily | planner: @noelle__bushman | planner: @olivefineweddings | stationery: @steraclepress | venue: @wildmanbt","venue: @wildmanbt | planner: @noelle__bushman | planner: @olivefineweddings | photographer: @williams_emily | florist: @thistleandplume | hair: @elleartistryllc | musician: @beatmixchicago | attire: @jennyyoonyc | attire: @sotteroandmidgley | stationery: @steraclepress | catering: @cocinafusioncatering | hotel: @nobuchicago"
2557,791,"sarabandechicago",2026-07-05,2026-07-05,0,0.888889,1,1,"https://www.instagram.com/p/DaaqythEVQ7/","https://www.instagram.com/p/DaaqythEVQ7/","catering: @paramountevents | dj: @stylemattersdjs | florist: @stellagreyblooms | hair: @robin_mroz | hair: @tamaramakeup | photographer: @emullinsphotogram | transportation: @the312limo | venue: @sarabandechicago","venue: @sarabandechicago | photographer: @emullinsphotogram | florist: @stellagreyblooms | hair: @robin_mroz | hair: @tamaramakeup | dj: @stylemattersdjs | catering: @paramountevents | transportation: @the312limo | other: @prestige6249"
2559,792,"thelytlehouse",2026-07-06,2026-07-05,1,1,1,1,"https://www.instagram.com/p/DabYWe6GysM/","https://www.instagram.com/p/DabYWe6GysM/","attire: @alexandragrecco | attire: @suitsupply | catering: @huegah_catering | dj: @goldnoisedjs | florist: @blackrabbitpilsen | hair: @hairbyamandakosiek | makeup: @cruziee | photographer: @madiellisphoto | venue: @thelytlehouse","venue: @thelytlehouse | photographer: @madiellisphoto | florist: @blackrabbitpilsen | hair: @hairbyamandakosiek | makeup: @cruziee | dj: @goldnoisedjs | attire: @alexandragrecco | attire: @suitsupply | catering: @huegah_catering"
2560,795,"offshorerooftop",2026-07-06,2026-07-06,0,0.875,1,1,"https://www.instagram.com/p/Dac6fqdkaZG/","https://www.instagram.com/p/Dac6fqdkaZG/","attire: @ettetailor | florist: @juliettanfloraldesign | hair: @windycityglam | photographer: @janetdphotography | planner: @afterglowweddingsandevents | venue: @offshorerooftop | videographer: @jamesfriel_visuals","venue: @offshorerooftop | planner: @afterglowweddingsandevents | photographer: @janetdphotography | videographer: @jamesfriel_visuals | florist: @juliettanfloraldesign | hair: @windycityglam | attire: @ettetailor | other: @mag.milestones"
2561,796,"chicagowinery",2026-07-06,2026-07-06,0,1,1,1,"https://www.instagram.com/p/DadSOwCEdXP/","https://www.instagram.com/p/DadSOwCEdXP/","dj: @djleemichaels | florist: @thistleandplume | hair: @anomaliebeautyagency | musician: @dtatemusic | photographer: @danielacardiliphotography | venue: @chicagowinery | videographer: @wholeheartvideo","venue: @chicagowinery | photographer: @danielacardiliphotography | videographer: @wholeheartvideo | florist: @thistleandplume | hair: @anomaliebeautyagency | dj: @djleemichaels | musician: @dtatemusic"
2566,799,"chicagoathletichotel",2026-07-07,2026-07-06,1,1,1,1,"https://www.instagram.com/p/DaeGnUqiVjR/","https://www.instagram.com/p/DaeGnUqiVjR/","attire: @bhldn | attire: @ralphlauren | beauty_other: @beautybyannkrause | cake: @cake_chicago | cake: @weebonniebakery | dj: @funktasticproductions | florist: @f4dweddings | florist: @flowersfordreams | jeweler: @fontana_jeweler | jeweler: @theambershop | photographer: @emullinsphoto | planner: @nyeventschicago | stationery: @steraclepress | venue: @chicagoathletichotel","venue: @chicagoathletichotel | planner: @nyeventschicago | photographer: @emullinsphoto | florist: @f4dweddings | florist: @flowersfordreams | dj: @funktasticproductions | attire: @bhldn | attire: @ralphlauren | stationery: @steraclepress | cake: @cake_chicago | cake: @weebonniebakery | jeweler: @fontana_jeweler | jeweler: @theambershop | beauty_other: @beautybyannkrause"
2568,807,"revelspace",2026-07-07,2026-07-07,0,0.8,2,2,"https://www.instagram.com/p/Daf-kqgjnvB/ | https://www.instagram.com/p/DawV8dzlcTm/","https://www.instagram.com/p/Daf-kqgjnvB/ | https://www.instagram.com/p/DawV8dzlcTm/","band: @yazzevents | florist: @revel_decor | hair: @windycityglam | photographer: @colettemarieassociates | photographer: @colettemariephoto | planner: @bridget_mary_weddings | transportation: @waytogotrolley | venue: @revelspace | videographer: @with.gracecollective","venue: @revelspace | planner: @bridget_mary_weddings | photographer: @colettemarieassociates | photographer: @colettemariephoto | videographer: @with.gracecollective | florist: @revel_decor | hair: @windycityglam | musician: @yazzevents | transportation: @waytogotrolley"
2586,941,"ulcchicago",2026-07-11,2026-07-23,12,0.8,1,1,"https://www.instagram.com/p/DbJdF5SmmkN/","https://www.instagram.com/p/DbJdF5SmmkN/","attire: @enzocustom | attire: @ultimatebridechicago | band: @beatmixchicago | band: @bellacosajewelers | cake: @bittersweetpastryshop | florist: @atmosphereeventsgroup | hair: @hairbyjuanjose | makeup: @emilywolfmua | makeup: @shannicat | makeup: @shannonobrienweddings | photobooth: @whitetiemodern | photographer: @karlyellisphotography | photographer: @lex_payne8 | photographer: @rachel__create | planner: @pariseventsaudrey | transportation: @bottlebuschicago | venue: @ulcchicago | videographer: @foxandivory","venue: @ulcchicago | planner: @pariseventsaudrey | photographer: @karlyellisphotography | photographer: @lex_payne8 | photographer: @rachel__create | videographer: @foxandivory | florist: @atmosphereeventsgroup | hair: @hairbyjuanjose | makeup: @emilywolfmua | makeup: @shannicat | makeup: @shannonobrienweddings | musician: @beatmixchicago | musician: @bellacosajewelers | attire: @enzocustom | attire: @ultimatebridechicago | cake: @bittersweetpastryshop | transportation: @bottlebuschicago | photobooth: @whitetiemodern"
2592,848,"gpconservatory",2026-07-13,2026-07-13,0,0.833333,1,1,"https://www.instagram.com/p/Davce6omn0p/","https://www.instagram.com/p/Davce6omn0p/","dj: @best.life.entertainment | florist: @ashlandaddison | photographer: @abefernandez.fotos | planner: @nyeventschicago | venue: @gpconservatory","venue: @gpconservatory | planner: @nyeventschicago | photographer: @abefernandez.fotos | florist: @ashlandaddison | dj: @best.life.entertainment | other: @aposhproduction"
2596,846,"chicagomuseumevents",2026-07-14,2026-07-13,1,0.8,1,1,"https://www.instagram.com/p/DawE_ryg_TK/","https://www.instagram.com/p/DawE_ryg_TK/","band: @sarlasmusic | catering: @paramountevents | florist: @fleurinc | hair: @anniehartoonianhair | makeup: @francely_makeup | photographer: @gracecoudalweddings | planner: @lofi_events | venue: @chicagomuseumevents | videographer: @karenlouisedocumentaries","venue: @chicagomuseumevents | planner: @lofi_events | photographer: @gracecoudalweddings | videographer: @karenlouisedocumentaries | florist: @fleurinc | hair: @anniehartoonianhair | makeup: @francely_makeup | musician: @sarlasmusic | catering: @paramountevents"
2603,896,"loftlucia",2026-07-15,2026-07-18,3,0.727273,2,4,"https://www.instagram.com/p/Da0LTtKjn6c/ | https://www.instagram.com/p/Da1dtUXlJQr/","https://www.instagram.com/p/Da-qbvtRGVU/ | https://www.instagram.com/p/Da8G0Fbg_hH/ | https://www.instagram.com/p/DbiupoxRu92/ | https://www.instagram.com/p/DbOObm0Rd3T/","beauty_other: @makeupby.karishma | dj: @brahma.beatz | hair: @bridalbeautyteam | photographer: @sapanahuja | planner: @pritisweetweddings | planner: @pritisweetweddings_bijal | rentals: @elegancedecor_chicago | venue: @loftlucia | videographer: @aria_films","venue: @loftlucia | planner: @pritisweetweddings | planner: @pritisweetweddings_bijal | photographer: @sapanahuja | videographer: @aria_films | hair: @bridalbeautyteam | dj: @brahma.beatz | dj: @djsunnychicago | rentals: @elegancedecor_chicago | other: @desibts.co"
2606,862,"fairliechicago",2026-07-15,2026-07-15,0,1,1,1,"https://www.instagram.com/p/Da0a58okbmC/","https://www.instagram.com/p/Da0a58okbmC/","catering: @heartyboys | dj: @sparkentgroup | florist: @atmosphereeventsgroup | planner: @aparisevent | venue: @fairliechicago | videographer: @oldnorthfilmco","venue: @fairliechicago | planner: @aparisevent | videographer: @oldnorthfilmco | florist: @atmosphereeventsgroup | dj: @sparkentgroup | catering: @heartyboys"
2609,861,"bridgeportartcenter",2026-07-15,2026-07-15,0,0.777778,1,1,"https://www.instagram.com/p/Da0sjeCEfyU/","https://www.instagram.com/p/Da0sjeCEfyU/","beauty_other: @anomaliebeautyagency | catering: @cocinafusioncatering | dj: @djchicagogram | florist: @flowersfordreams | photographer: @elena_usa_photographer | planner: @liza_loret | rentals: @artofimaginationdecor | venue: @bridgeportartcenter","venue: @bridgeportartcenter | planner: @liza_loret | photographer: @elena_usa_photographer | florist: @flowersfordreams | makeup: @anomaliebeautyagency | dj: @djchicagogram | catering: @cocinafusioncatering | rentals: @artofimaginationdecor"
2617,874,"chicagoathletichotel",2026-07-16,2026-07-16,0,0.8125,1,1,"https://www.instagram.com/p/Da2_EbsjgQq/","https://www.instagram.com/p/Da2_EbsjgQq/","attire: @morileeofficial | attire: @verawang | beauty_other: @beautybyannkrause | cake: @cake_chicago | content_creator: @capturedbyamymichelle | dj: @toastandjamdjs | florist: @hedoniaflowers | jeweler: @nyjchicago | photographer: @emullinsphoto | planner: @ameliacoleevents | stationery: @minted | venue: @chicagoathletichotel | videographer: @oldnorthfilmco","venue: @chicagoathletichotel | planner: @ameliacoleevents | photographer: @emullinsphoto | videographer: @oldnorthfilmco | florist: @hedoniaflowers | dj: @toastandjamdjs | attire: @morileeofficial | attire: @priscillaofboston | attire: @veiledbychacha | attire: @verawang | stationery: @minted | cake: @cake_chicago | jeweler: @nyjchicago | content_creator: @capturedbyamymichelle | beauty_other: @beautybyannkrause | other: @chicagoliveweddingpainter"
2622,844,"greenhouseloft",2026-07-17,2026-07-13,4,0.75,1,2,"https://www.instagram.com/p/Da3rQDfEcgU/","https://www.instagram.com/p/Da3rQDfEcgU/ | https://www.instagram.com/p/Davr-zxkasM/","attire: @graceandivoryofficial | catering: @maisoncuisinechicago | dj: @stylemattersdjs | florist: @southsideblooms | hair: @pinmeupchicago | musician: @midtownstrings | photographer: @jppstudios | planner: @shh.events | venue: @greenhouseloft","venue: @greenhouseloft | planner: @shh.events | photographer: @jppstudios | florist: @graceandivoryofficial | florist: @southsideblooms | hair: @pinmeupchicago | dj: @stylemattersdjs | musician: @midtownstrings | attire: @graceandivoryofficial | stationery: @pinmeupchicago | catering: @maisoncuisinechicago | catering: @zeitlinsdelicatessen"
2634,887,"morgansonfulton",2026-07-17,2026-07-17,0,0.75,1,1,"https://www.instagram.com/p/Da53GaTkaOa/","https://www.instagram.com/p/Da53GaTkaOa/","band: @superflosschicago | florist: @kloeckner_preferred_flowers | hair: @solosalon | makeup: @snapciak | photographer: @zozulia.studio | planner: @clementinechicago | venue: @morgansonfulton","venue: @morgansonfulton | planner: @clementinechicago | photographer: @zozulia.studio | florist: @kloeckner_preferred_flowers | hair: @solosalon | makeup: @snapciak | musician: @superflosschicago"
2646,895,"greenhouseloft",2026-07-19,2026-07-18,1,1,1,1,"https://www.instagram.com/p/Da8n9X8Fvxs/","https://www.instagram.com/p/Da8n9X8Fvxs/","catering: @lulacafeevents | florist: @f4dweddings | photographer: @cassieannaphotography | planner: @bridget_mary_weddings | planner: @vanessa__delaney | venue: @greenhouseloft","venue: @greenhouseloft | planner: @bridget_mary_weddings | planner: @vanessa__delaney | photographer: @cassieannaphotography | florist: @f4dweddings | catering: @lulacafeevents"
2649,904,"chicagoilluminatingcompany",2026-07-19,2026-07-19,0,0.789474,4,4,"https://www.instagram.com/p/Da-nwyqxt7g/ | https://www.instagram.com/p/DbOWaXuxtQw/ | https://www.instagram.com/p/Dbv6i6HCcFW/ | https://www.instagram.com/p/Dbw27IuDbhn/","https://www.instagram.com/p/Da-nwyqxt7g/ | https://www.instagram.com/p/DbOWaXuxtQw/ | https://www.instagram.com/p/Dbv6i6HCcFW/ | https://www.instagram.com/p/Dbw27IuDbhn/","attire: @chicagoweddingdresses | attire: @graceandivoryofficial | catering: @violas.kitchen | dj: @funktasticproductions | dj: @servaunmusic | florist: @flowerchild_floraldesign | hair: @anomaliebeautyagency | hotel: @thedrakechicago | hotel: @thetalbott | musician: @thatsaxguyevents | photographer: @alanalindenfeld | photographer: @devaephotography | photographer: @kaymarie53 | planner: @momentsbymarra | venue: @chicagoilluminatingcompany","venue: @chicagoilluminatingcompany | planner: @momentsbymarra | photographer: @alanalindenfeld | photographer: @devaephotography | photographer: @kaymarie53 | florist: @flowerchild_floraldesign | hair: @anomaliebeautyagency | dj: @funktasticproductions | dj: @servaunmusic | musician: @thatsaxguyevents | attire: @chicagoweddingdresses | attire: @graceandivoryofficial | catering: @violas.kitchen | hotel: @thedrakechicago | hotel: @thetalbott | other: @anomaliebeautyagency | other: @chicagocloud9limos | other: @frostchicago | other: @kaymarie53"
2654,907,"chicagowinery",2026-07-20,2026-07-20,0,0.857143,1,1,"https://www.instagram.com/p/DbBP4iEjoEN/","https://www.instagram.com/p/DbBP4iEjoEN/","dj: @dazzlechi | florist: @esthersprivategarden | hair: @barmorebeauty | makeup: @jazzebeauty | photographer: @alyeskarphotography | venue: @chicagowinery","venue: @chicagowinery | photographer: @alyeskarphotography | florist: @esthersprivategarden | hair: @barmorebeauty | makeup: @jazzebeauty | dj: @dazzlechi | other: @mariachiedc"
2655,913,"thejoinerychicago",2026-07-20,2026-07-20,0,1,1,1,"https://www.instagram.com/p/DbBQo7PDpJf/","https://www.instagram.com/p/DbBQo7PDpJf/","cake: @bittersweetpastryshop | catering: @figdrinks | dj: @okynegroup | florist: @studio__poppy | hair: @pinmeupchicago | photographer: @fullerphotoco | planner: @stunningandbrilliantevents | venue: @thejoinerychicago","venue: @thejoinerychicago | planner: @stunningandbrilliantevents | photographer: @fullerphotoco | florist: @studio__poppy | hair: @pinmeupchicago | dj: @okynegroup | cake: @bittersweetpastryshop | catering: @figdrinks"
2664,917,"thewellsley",2026-07-21,2026-07-20,1,1,1,1,"https://www.instagram.com/p/DbCGWbKNMV5/","https://www.instagram.com/p/DbCGWbKNMV5/","florist: @flowersbystem | photographer: @lorenweddings | planner: @afresheventco | venue: @thewellsley","venue: @thewellsley | planner: @afresheventco | photographer: @lorenweddings | florist: @flowersbystem"
2665,929,"thedalcy",2026-07-21,2026-07-21,0,0.722222,1,1,"https://www.instagram.com/p/DbCbsTBAPeV/","https://www.instagram.com/p/DbCbsTBAPeV/","attire: @moniquelhuillier | attire: @suitsupply | attire: @ultimatebridechicago | cake: @sweetmandybs | dj: @djmegantaylor | dj: @figmedia | florist: @stevesflowermarket | hair: @bsansostiartistry | jeweler: @hautecarat | photobooth: @shutterboothofficial | photographer: @sallyodonnellphotography | planner: @clementinechicago | stationery: @beaconlnweddings | venue: @thedalcy | videographer: @prettyweddingfilms","venue: @thedalcy | photographer: @sallyodonnellphotography | videographer: @prettyweddingfilms | florist: @stevesflowermarket | hair: @bsansostiartistry | dj: @djmegantaylor | dj: @figmedia | attire: @moniquelhuillier | attire: @ultimatebridechicago | stationery: @beaconlnweddings | cake: @sweetmandybs | photobooth: @shutterboothofficial | jeweler: @hautecarat | other: @aposhproduction | other: @clementinechicago | other: @suitsupply"
2675,942,"rockwellontheriver",2026-07-23,2026-07-23,0,1,1,1,"https://www.instagram.com/p/DbHV4NhiUET/","https://www.instagram.com/p/DbHV4NhiUET/","attire: @alexandragrecco | beauty_other: @triciaclarkemakeup | cake: @bittersweetpastryshop | catering: @cateredbydesign | dj: @bashbeats_music | florist: @art_imagination | hotel: @hotellincoln | photographer: @emullinsphoto | planner: @weddingdaychicago | venue: @rockwellontheriver","venue: @rockwellontheriver | planner: @weddingdaychicago | photographer: @emullinsphoto | florist: @art_imagination | dj: @bashbeats_music | attire: @alexandragrecco | cake: @bittersweetpastryshop | catering: @cateredbydesign | hotel: @hotellincoln | beauty_other: @triciaclarkemakeup"
2684,943,"thedalcy",2026-07-23,2026-07-23,0,0.666667,1,1,"https://www.instagram.com/p/DbJULiwJN9s/","https://www.instagram.com/p/DbJULiwJN9s/","beauty_other: @shannonobrienweddings | dj: @goldcoastallstars | florist: @fleurinc | hair: @rarebirdbeauties | photographer: @kentdrakephoto | planner: @lolaeventpros | venue: @thedalcy","venue: @thedalcy | photographer: @kentdrakephoto | florist: @fleurinc | hair: @rarebirdbeauties | dj: @goldcoastallstars | beauty_other: @shannonobrienweddings | other: @lolaeventpros | other: @lvi_films"
2690,944,"skyonnine",2026-07-24,2026-07-23,1,1,1,1,"https://www.instagram.com/p/DbJfVAQFTDY/","https://www.instagram.com/p/DbJfVAQFTDY/","catering: @lmcateringchi | hair: @ranniamaria | makeup: @giselledozier | photographer: @jnavisuals | planner: @sweetchicevents | venue: @skyonnine","venue: @skyonnine | planner: @sweetchicevents | photographer: @jnavisuals | hair: @ranniamaria | makeup: @giselledozier | catering: @lmcateringchi"
2692,957,"armourhouseweddings",2026-07-24,2026-07-24,0,0.846154,3,2,"https://www.instagram.com/p/DbKH1ktDUEF/ | https://www.instagram.com/p/Dblypn8j1rx/ | https://www.instagram.com/p/DbMrpRNjR38/","https://www.instagram.com/p/DbKH1ktDUEF/ | https://www.instagram.com/p/DbMrpRNjR38/","attire: @centurygirlvintage | attire: @inesdisanto | attire: @rosieetiennebridal | attire: @thebrideroom | cake: @alliancebakery | dj: @okynegroup | florist: @ohmyfloralco | hair: @rarebirdbeauties | photographer: @christytylerphotography | planner: @nouvelle.events | venue: @armourhouseweddings | videographer: @smilingtoadfilms","venue: @armourhouseweddings | planner: @nouvelle.events | photographer: @christytylerphotography | videographer: @smilingtoadfilms | florist: @ohmyfloralco | hair: @rarebirdbeauties | dj: @okynegroup | attire: @centurygirlvintage | attire: @inesdisanto | attire: @rosieetiennebridal | attire: @thebrideroom | other: @alliancebakery"
2697,953,"brixonfox",2026-07-24,2026-07-24,0,0.666667,1,1,"https://www.instagram.com/p/DbLw1dkHAR4/","https://www.instagram.com/p/DbLw1dkHAR4/","officiant: @4everincredible | photographer: @mattwarren_photography | planner: @idoweddingsbest | venue: @brixonfox","venue: @brixonfox | planner: @idoweddingsbest | photographer: @mattwarren_photography | officiant: @4everincredible | other: @_samanthamythenbarratt_ | other: @wags_of_love"
2703,963,"fairliechicago",2026-07-26,2026-07-25,1,0.571429,1,1,"https://www.instagram.com/p/DbOkdugB2Jk/","https://www.instagram.com/p/DbOkdugB2Jk/","beauty_other: @rarebirdbeauties | photographer: @samschultzphotography | planner: @fiercepros | venue: @fairliechicago","venue: @fairliechicago | planner: @fiercepros | photographer: @samschultzphotography | beauty_other: @rarebirdbeauties | other: @findsoundmind | other: @michael.and.kristin | other: @partyvibeonline"
2711,984,"sarabandechicago",2026-07-27,2026-07-27,0,0.571429,1,1,"https://www.instagram.com/p/DbTprmskac1/","https://www.instagram.com/p/DbTprmskac1/","catering: @paramountevents | dj: @stylemattersdjs | florist: @nerinefloral | planner: @jemeventsandweddings | venue: @sarabandechicago","venue: @sarabandechicago | florist: @nerinefloral | dj: @stylemattersdjs | catering: @paramountevents | other: @jemeventsandweddings | other: @kanin.chi"
2712,983,"sarabandechicago",2026-07-27,2026-07-27,0,1,1,1,"https://www.instagram.com/p/DbTqKxbFihW/","https://www.instagram.com/p/DbTqKxbFihW/","attire: @aisle_and_veil | photographer: @thekodakcollective | planner: @eventsbyrmh | venue: @sarabandechicago","venue: @sarabandechicago | planner: @eventsbyrmh | photographer: @thekodakcollective | attire: @aisle_and_veil"
2716,982,"chicagoilluminatingcompany",2026-07-28,2026-07-27,1,0.75,3,3,"https://www.instagram.com/p/Db4RY6vDTX0/ | https://www.instagram.com/p/Dbb-_APjbUU/ | https://www.instagram.com/p/DbUJILnhOIV/","https://www.instagram.com/p/Db4RY6vDTX0/ | https://www.instagram.com/p/Dbb-_APjbUU/ | https://www.instagram.com/p/DbUJILnhOIV/","beauty_other: @windycityglam | catering: @violas.kitchen | florist: @ashaddevents | hotel: @marquis_chicago | photographer: @goldenhoursweddings | planner: @simplyelegantxo | transportation: @the312limo | venue: @chicagoilluminatingcompany | videographer: @goldenhoursweddings | videographer: @okynemedialab","venue: @chicagoilluminatingcompany | planner: @simplyelegantxo | photographer: @goldenhoursweddings | videographer: @okynemedialab | florist: @ashaddevents | catering: @violas.kitchen | transportation: @the312limo | hotel: @marquis_chicago | beauty_other: @windycityglam | other: @blimsanity1 | other: @iiisshaxx"
2721,1009,"lshiremarriott",2026-07-28,2026-07-29,1,0.733333,1,2,"https://www.instagram.com/p/DbV0KG-uaMb/","https://www.instagram.com/p/Dba8GFtEagc/ | https://www.instagram.com/p/DbYhS9WkUF7/","beauty_other: @hairs2thebride | catering: @ashyanacatering | dj: @djeetchicago | dj: @shaadientertainment | dj: @the.donnybrooks | florist: @f4dweddings | officiant: @forever.incredible | photographer: @devaephotography | planner: @_eleganteweddingsandevents | planner: @misspaigeelizabeth | venue: @lshiremarriott | videographer: @goodweddingfilms","venue: @lshiremarriott | planner: @_eleganteweddingsandevents | planner: @misspaigeelizabeth | photographer: @devaephotography | photographer: @kaileereiphotography | photographer: @roostandharborphoto | videographer: @goodweddingfilms | florist: @f4dweddings | dj: @djjeetchicago | dj: @shaadientertainment | dj: @the.donnybrooks | catering: @ashyanacatering | officiant: @forever.incredible | beauty_other: @hairs2thebride"
2727,1012,"wildmanbt",2026-07-29,2026-07-29,0,1,1,1,"https://www.instagram.com/p/DbYosEvFlDi/","https://www.instagram.com/p/DbYosEvFlDi/","beauty_other: @windycityglam | cake: @redribbonusa | catering: @woodenpaddle | photographer: @kate_scott_photography | planner: @lolaeventpros | planner: @lolanicolew | venue: @wildmanbt | videographer: @reellovevideo","venue: @wildmanbt | planner: @lolaeventpros | planner: @lolanicolew | photographer: @kate_scott_photography | videographer: @reellovevideo | cake: @redribbonusa | catering: @woodenpaddle | beauty_other: @windycityglam"
2737,1222,"thelibraryat190",2026-07-31,2026-08-12,12,0.526316,2,1,"https://www.instagram.com/p/Dbdu9BHDg7w/ | https://www.instagram.com/p/DcGxVWFDpD0/","https://www.instagram.com/p/Db9FRD1mlqD/","cake: @flourishcakedesign | catering: @entertaining_co | content_creator: @lanoviacreations | dj: @beatmixchicago | florist: @lifeinbloom | hair: @bridalartistryteam | officiant: @the.urban.union | photographer: @kentdrakephoto | planner: @eventsbyshaunrajah | rentals: @tailoredelements3520 | stationery: @bydamistudiosnyc | transportation: @midwesttransportation | venue: @thelibraryat190 | videographer: @lvi_films","venue: @thelibraryat190 | planner: @eventsbyshaunrajah | photographer: @kentdrakephoto | videographer: @lanoviacreations | videographer: @lvi_films | florist: @lifeinbloom | hair: @bridalartistryteam | dj: @beatmixchicago | cake: @flourishcakedesign | catering: @entertaining_co | rentals: @tailoredelements3520 | other: @eleganteventlighting | other: @kyjsteiner | other: @thefestivefrog | other: @theweddingdresser"
2745,1052,"therookerybuilding",2026-08-01,2026-08-01,0,1,1,1,"https://www.instagram.com/p/DbgW-yIFqZf/","https://www.instagram.com/p/DbgW-yIFqZf/","attire: @jennyyoonyc | florist: @branchingoutchicago | hair: @hairs2thebride | photographer: @shvedyphotography | planner: @weddingdaychicago | venue: @therookerybuilding","venue: @therookerybuilding | planner: @weddingdaychicago | photographer: @shvedyphotography | florist: @branchingoutchicago | hair: @hairs2thebride | attire: @jennyyoonyc"
2748,1062,"venutis.banquets",2026-08-03,2026-08-03,0,0.769231,1,1,"https://www.instagram.com/p/DbjvO2pjTgv/","https://www.instagram.com/p/DbjvO2pjTgv/","attire: @genevievesbridalcouture | cake: @thebakinginstitute | dj: @dj_sho_chicago | dj: @thedjfirm | florist: @all_unique_events_inc | musician: @alexkelsh | photobooth: @snapboothchicago | photographer: @eljaycabreraphotography | planner: @honorary.bridesmaid | venue: @venutis.banquets | videographer: @blushandbriarfilms","venue: @venutis.banquets | photographer: @eljaycabreraphotography | videographer: @blushandbriarfilms | florist: @all_unique_events_inc | dj: @dj_sho_chicago | dj: @thedjfirm | musician: @alexkelsh | attire: @genevievesbridalcouture | cake: @thebakinginstitute | photobooth: @snapboothchicago | other: @honorary.bridesmaid | other: @theblacktux"
2752,1060,"311pazzos",2026-08-03,2026-08-03,0,0.8,1,1,"https://www.instagram.com/p/DblWIkVxZBL/","https://www.instagram.com/p/DblWIkVxZBL/","attire: @newhite_bridal | cake: @sweetmandybs | dj: @rebelentertainmentgroup | hair: @windycityglam | makeup: @windycityglam | photographer: @alanalindenfeld | photographer: @devaephotography | transportation: @chicagocloud9limos | venue: @311pazzos","venue: @311pazzos | photographer: @alanalindenfeld | photographer: @devaephotography | hair: @windycityglam | dj: @rebelentertainmentgroup | attire: @newhite_bridal | cake: @sweetmandybs | transportation: @chicagocloud9limos | other: @kaymarie53"
2753,1065,"rockwellontheriver",2026-08-03,2026-08-03,0,0.789474,1,1,"https://www.instagram.com/p/DblakQPEXGp/","https://www.instagram.com/p/DblakQPEXGp/","attire: @prada | attire: @septnewyork | attire: @theblacktux | cake: @emmakreber | catering: @bokacateringchicago | dj: @goldcoastevents | florist: @thistleandplume | hair: @tamaraholdenhair | makeup: @alyssadianamakeup | photobooth: @snapbooth | photographer: @melissaferraraphoto | planner: @everlieco | rentals: @boweryandbash | rentals: @mdmentertainmentchicago | stationery: @lcga | transportation: @chicagocloud9limos | venue: @rockwellontheriver","venue: @rockwellontheriver | planner: @everlieco | photographer: @melissaferraraphoto | florist: @thistleandplume | hair: @tamaraholdenhair | makeup: @alyssadianamakeup | dj: @goldcoastevents | attire: @septnewyork | attire: @theblacktux | cake: @emmakreber | catering: @bokacateringchicago | rentals: @boweryandbash | rentals: @mdmentertainmentchicago | transportation: @chicagocloud9limos | photobooth: @snapbooth | other: @lcga | other: @prada"
2757,1091,"loftlucia",2026-08-04,2026-08-04,0,0.666667,1,1,"https://www.instagram.com/p/DbmWgRilM8K/","https://www.instagram.com/p/DbmWgRilM8K/","catering: @maisoncuisinechicago | dj: @sparkentgroup | photographer: @stephanieparshallphotography | venue: @loftlucia","venue: @loftlucia | photographer: @stephanieparshallphotography | dj: @sparkentgroup | catering: @maisoncuisinechicago | other: @bweid173 | other: @kingkwame001"
2758,1090,"skyonnine",2026-08-04,2026-08-04,0,1,1,1,"https://www.instagram.com/p/DboKtCUmm9B/","https://www.instagram.com/p/DboKtCUmm9B/","catering: @lmcateringchi | dj: @remixent | hair: @dallora_beauty | hair: @diemangiebeauty | photographer: @mayahleephotography | photographer: @mlp.associates | venue: @skyonnine","venue: @skyonnine | photographer: @mayahleephotography | photographer: @mlp.associates | hair: @dallora_beauty | hair: @diemangiebeauty | dj: @remixent | catering: @lmcateringchi"
2759,1099,"universityclubofchicago",2026-08-05,2026-08-04,1,1,1,1,"https://www.instagram.com/p/DboVYiGoMcN/","https://www.instagram.com/p/DboVYiGoMcN/","florist: @rogerspark.florist | hair: @rarebirdbeauties | makeup: @bridesbydenise | musician: @djchicagogram | photographer: @clingpeck | planner: @1finedayevents | rentals: @tablescapeseventrentals | transportation: @premiertrolley | venue: @universityclubofchicago","venue: @universityclubofchicago | planner: @1finedayevents | photographer: @clingpeck | florist: @rogerspark.florist | hair: @rarebirdbeauties | makeup: @bridesbydenise | musician: @djchicagogram | rentals: @tablescapeseventrentals | transportation: @premiertrolley"
2760,1098,"holynamecathedral",2026-08-05,2026-08-04,1,0.538462,1,1,"https://www.instagram.com/p/Dbor9vNNCWP/","https://www.instagram.com/p/Dbor9vNNCWP/","beauty_other: @rarebirdbeauties | catering: @morgansonfulton | dj: @indigobandchicago | florist: @ashaddevents | hair: @satinchair | photographer: @aubreyandbrandon | planner: @clementinechicago | transportation: @premiertrolley | venue: @holynamecathedral","venue: @holynamecathedral | venue: @universityclubofchicago | planner: @clementinechicago | photographer: @aubreyandbrandon | florist: @ashaddevents | band: @indigobandchicago | catering: @morgansonfulton | rentals: @satinchair | transportation: @premiertrolley | beauty_other: @rarebirdbeauties | other: @aposhproduction"
2767,1111,"thejoinerychicago",2026-08-06,2026-08-05,1,1,1,1,"https://www.instagram.com/p/DbrLUoxm3u8/","https://www.instagram.com/p/DbrLUoxm3u8/","beauty_other: @windycityglam | catering: @cocinafusioncatering | dj: @goldnoisedjs | florist: @xodesign_co | photographer: @madiellisphoto | planner: @lofi_events | venue: @thejoinerychicago","venue: @thejoinerychicago | planner: @lofi_events | photographer: @madiellisphoto | florist: @xodesign_co | dj: @goldnoisedjs | catering: @cocinafusioncatering | beauty_other: @windycityglam"
2768,1290,"chicagoilluminatingcompany",2026-08-06,2026-08-17,11,0.8,1,1,"https://www.instagram.com/p/DbrdHb-jYgv/","https://www.instagram.com/p/DcJIQsRj4YU/","catering: @entertaining_co | florist: @lifeinbloom | hair: @eringrahamhair | makeup: @shannonobrienweddings | photographer: @goldenhoursweddings | planner: @clementinechicago | venue: @chicagoilluminatingcompany | videographer: @socialbridescollective","venue: @chicagoilluminatingcompany | planner: @clementinechicago | photographer: @goldenhoursweddings | videographer: @socialbridescollective | florist: @lifeinbloom | hair: @eringrahamhair | makeup: @shannonobrienweddings | catering: @entertaining_co | other: @tablescapeseventrentals | other: @thefestivefrog"
2778,1134,"firstladycruises",2026-08-07,2026-08-07,0,0.928571,1,1,"https://www.instagram.com/p/DbvuLD6DlaJ/","https://www.instagram.com/p/DbvuLD6DlaJ/","beauty_other: @makiajbeauty | cake: @alliancebakery | catering: @indiahousecatering | dj: @drsrimix | photobooth: @slomoestudios | photographer: @sapanahuja | planner: @emeraldeventsbysonam | rentals: @alexandriadesignstudios | rentals: @covered_affairs | transportation: @topfleetlimo | venue: @firstladycruises | videographer: @desi.bts | videographer: @visi_studio","venue: @firstladycruises | planner: @emeraldeventsbysonam | photographer: @sapanahuja | videographer: @desi.bts | videographer: @visi_studio | dj: @drsrimix | cake: @alliancebakery | catering: @indiahousecatering | rentals: @alexandriadesignstudios | rentals: @covered_affairs | transportation: @topfleetlimo | photobooth: @slomoestudios | beauty_other: @makiajbeauty | other: @xlnceg"
2779,1142,"revelspace",2026-08-07,2026-08-07,0,0.857143,1,1,"https://www.instagram.com/p/Dbvj5qthbf0/","https://www.instagram.com/p/Dbvj5qthbf0/","beauty_other: @rarebirdbeauties | catering: @limelightcatering | photographer: @studiothisisphotography | planner: @bigcitybride | venue: @revelspace | videographer: @wearewholehearted","venue: @revelspace | planner: @bigcitybride | photographer: @studiothisisphotography | videographer: @wearewholehearted | catering: @limelightcatering | beauty_other: @rarebirdbeauties | other: @frostchicago"
2780,1152,"artifacteventschicago",2026-08-08,2026-08-09,1,1,1,1,"https://www.instagram.com/p/Db07AUvjili/","https://www.instagram.com/p/Db07AUvjili/","catering: @entertaining_co | dj: @thedjfirm | florist: @f4dweddings | florist: @flowersfordreams | photobooth: @shutterboxent | photographer: @refinedyoustudios | planner: @bridget_mary_weddings | venue: @artifacteventschicago | videographer: @justmarsalis","venue: @artifacteventschicago | planner: @bridget_mary_weddings | photographer: @refinedyoustudios | videographer: @justmarsalis | florist: @f4dweddings | florist: @flowersfordreams | dj: @thedjfirm | catering: @entertaining_co | photobooth: @shutterboxent"
2782,1133,"fairliechicago",2026-08-08,2026-08-07,1,0.875,3,3,"https://www.instagram.com/p/Dbwdrntm4Ok/ | https://www.instagram.com/p/DbwNYXTm2-D/ | https://www.instagram.com/p/DbwUhqYk7j2/","https://www.instagram.com/p/Dbwdrntm4Ok/ | https://www.instagram.com/p/DbwNYXTm2-D/ | https://www.instagram.com/p/DbwUhqYk7j2/","beauty_other: @appease2you | beauty_other: @hair_by_hails_ | beauty_other: @lerevesalonspa | beauty_other: @lindsblack | cake: @westtownbakery | catering: @barcocinachi | catering: @beatnikrestaurants | catering: @ovysignaturecatering | dj: @stroyals | florist: @valeofenna | photographer: @audreysimperphoto | planner: @bustleandlace | venue: @fairliechicago | videographer: @weddings_by_jeremy","venue: @fairliechicago | planner: @bustleandlace | photographer: @audreysimperphoto | videographer: @weddings_by_jeremy | florist: @valeofenna | dj: @stroyals | cake: @westtownbakery | catering: @barcocinachi | catering: @beatnikrestaurants | catering: @ovysignaturecatering | beauty_other: @appease2you | beauty_other: @hair_by_hails_ | beauty_other: @lerevesalonspa | beauty_other: @lindsblack | other: @tamalespaceship | other: @thesocialdancestudio"
2783,1150,"morgansonfulton",2026-08-08,2026-08-08,0,0.75,1,1,"https://www.instagram.com/p/Dbwp2GiNu3p/","https://www.instagram.com/p/Dbwp2GiNu3p/","cake: @ecbg_studio | dj: @djboywonder312 | dj: @momentzpro | florist: @thistleandplume | photographer: @kyleszetophoto | venue: @morgansonfulton","venue: @morgansonfulton | photographer: @kyleszetophoto | florist: @thistleandplume | dj: @djboywonder312 | dj: @momentzpro | cake: @ecbg_studio | other: @feelphysicaltherapyllc_ | other: @mercytheofficiant"
2784,1149,"fairliechicago",2026-08-08,2026-08-08,0,0.916667,1,1,"https://www.instagram.com/p/Dbyd8JglfVx/","https://www.instagram.com/p/Dbyd8JglfVx/","beauty_other: @lgmakeuptans | beauty_other: @styledbylia_ | catering: @heartyboys | dj: @thedjfirm | florist: @mayfloral | musician: @evanstonstrings | photographer: @shotbysydney | planner: @bustleandlace | transportation: @chicagocloud9limos | venue: @fairliechicago | videographer: @goodweddingfilms","venue: @fairliechicago | planner: @bustleandlace | photographer: @shotbysydney | videographer: @goodweddingfilms | florist: @mayfloral | dj: @thedjfirm | musician: @evanstonstrings | catering: @heartyboys | transportation: @chicagocloud9limos | beauty_other: @lgmakeuptans | beauty_other: @styledbylia_ | other: @mklightingdesign"
2785,1147,"adlerplanet",2026-08-08,2026-08-08,0,1,1,1,"https://www.instagram.com/p/Dbyh6TjlNn4/","https://www.instagram.com/p/Dbyh6TjlNn4/","beauty_other: @salonedda | catering: @fftchicago | dj: @cageandaquarium | photographer: @j_brown_photo | planner: @fiercepros | rentals: @atmosphereeventsgroup | venue: @adlerplanet","venue: @adlerplanet | planner: @fiercepros | photographer: @j_brown_photo | dj: @cageandaquarium | catering: @fftchicago | rentals: @atmosphereeventsgroup | beauty_other: @salonedda"
2787,1165,"ulcchicago",2026-08-09,2026-08-09,0,1,1,1,"https://www.instagram.com/p/Db0znlqlvgM/","https://www.instagram.com/p/Db0znlqlvgM/","attire: @customsuitsyou | attire: @rosa_clara | cake: @bittersweetpastryshop | hair: @rarebirdbeauties | photographer: @nicodemcreative | planner: @urbanallureevents | venue: @ulcchicago","venue: @ulcchicago | planner: @urbanallureevents | photographer: @nicodemcreative | hair: @rarebirdbeauties | attire: @customsuitsyou | attire: @rosa_clara | cake: @bittersweetpastryshop"
2789,1157,"ivyroomchicago",2026-08-09,2026-08-09,0,0.916667,1,2,"https://www.instagram.com/p/Db050lGFabQ/","https://www.instagram.com/p/Db050lGFabQ/ | https://www.instagram.com/p/DcErz1XCc3x/","dj: @best.life.entertainment | florist: @sweet.peadesignstudio | hair: @thebridalcollective__ | makeup: @anomaliebeautyagency | makeup: @jasmine.anomaliebeauty | photobooth: @pristinelightphotobooth | photographer: @kaileemariephotography | photographer: @laurengillettephotography | rentals: @aposhproduction | venue: @ivyroomchicago | videographer: @cinelum","venue: @ivyroomchicago | photographer: @kaileemariephotography | photographer: @laurengillettephotography | videographer: @cinelum | florist: @sweet.peadesignstudio | hair: @thebridalcollective__ | makeup: @anomaliebeautyagency | makeup: @jasmine.anomaliebeauty | dj: @best.life.entertainment | attire: @lovelybridechicago | rentals: @aposhproduction | photobooth: @pristinelightphotobooth"
2795,1185,"hobchicago",2026-08-11,2026-08-10,1,1,1,1,"https://www.instagram.com/p/Db37U0ivH5m/","https://www.instagram.com/p/Db37U0ivH5m/","beauty_other: @blushandbraidsbeautybar | dj: @charizma_entertainment | photographer: @zachcaddy | planner: @somethingprofoundweddings | venue: @hobchicago | videographer: @cloverandhive.co","venue: @hobchicago | planner: @somethingprofoundweddings | photographer: @zachcaddy | videographer: @cloverandhive.co | dj: @charizma_entertainment | beauty_other: @blushandbraidsbeautybar"
2798,1232,"ivyroomchicago",2026-08-11,2026-08-13,2,0.666667,1,1,"https://www.instagram.com/p/Db4TO_7IO3T/","https://www.instagram.com/p/Db--PL3jpge/","content_creator: @lanoviacreations | dj: @funktasticproductions | florist: @xodesign_co | hair: @anomaliebeautyagency | musician: @thatsaxguyevents | photographer: @alyeskarphotography | venue: @ivyroomchicago","venue: @ivyroomchicago | photographer: @alyeskarphotography | videographer: @lanoviacreations | florist: @xodesign_co | hair: @anomaliebeautyagency | dj: @funktasticproductions | musician: @thatsaxguyevents | other: @luxedognanny"
2803,1357,"thecanvasvenue",2026-08-11,2026-08-19,8,0.55,1,1,"https://www.instagram.com/p/Db6EK4ZFPfs/","https://www.instagram.com/p/DcO7DFhFBUa/","attire: @republicbyomarfarooq | attire: @sazzcreations | attire: @tenadurrani | beauty_other: @makeupbyrabia | cake: @thechocotacoo | catering: @usmaniafinedining | dj: @djraheel217 | photographer: @filmylove.co | photographer: @frz.photography_ | photographer: @rimshanasir | photographer: @saiirakphotography | planner: @opulenteventschi | rentals: @yannidesignstudio | venue: @thecanvasvenue | videographer: @juanalvaradophotography","venue: @thecanvasvenue | planner: @opulenteventschi | photographer: @filmylove.co | photographer: @rimshanasir | videographer: @juanalvaradophotography | dj: @djraheel217 | attire: @saazcreations | attire: @tenadurrani | cake: @thechocotacoo | catering: @usmaniafinedining | rentals: @yannidesignstudio | beauty_other: @makeupbyrabia | other: @arpitpathak0694 | other: @hennabyparvin_ | other: @republicbyomarfarooq | other: @zerobuzzbarr"
2809,1203,"maedistrict",2026-08-12,2026-08-11,1,0.842105,1,1,"https://www.instagram.com/p/Db6wm1QjXsj/","https://www.instagram.com/p/Db6wm1QjXsj/","attire: @aislechic | attire: @annebarge | cake: @sweetmandybs | catering: @fftchicago | catering: @hannafftevents | dj: @stylemattersdjs | florist: @savilleflowers | makeup: @dallora_beauty | makeup: @diemangiebeauty | musician: @solaria.strings | photobooth: @pixsterphotobooth | photographer: @eljaycabreraphotography | planner: @amandapevents_ | rentals: @hallsrental | rentals: @mdmentertainmentchicago | venue: @maedistrict | videographer: @blushandbriarfilms","venue: @maedistrict | photographer: @eljaycabreraphotography | videographer: @blushandbriarfilms | florist: @savilleflowers | makeup: @dallora_beauty | makeup: @diemangiebeauty | dj: @stylemattersdjs | musician: @solaria.strings | attire: @aislechic | attire: @annebarge | cake: @sweetmandybs | catering: @fftchicago | catering: @hannafftevents | rentals: @hallsrental | rentals: @mdmentertainmentchicago | photobooth: @pixsterphotobooth | other: @amandapevents_ | other: @suitsupply"
2811,1212,"chicagoilluminatingcompany",2026-08-12,2026-08-12,0,0.733333,1,1,"https://www.instagram.com/p/Db6690kjWJA/","https://www.instagram.com/p/Db6690kjWJA/","attire: @graceandivoryofficial | catering: @violas.kitchen | dj: @funktasticproductions | florist: @flowerchild_floraldesign | hotel: @thedrakechicago | hotel: @thetalbott | musician: @thatsaxguyevents | photographer: @alanalindenfeld | photographer: @devaephotography | planner: @momentsbymarra | venue: @chicagoilluminatingcompany","venue: @chicagoilluminatingcompany | planner: @momentsbymarra | photographer: @alanalindenfeld | photographer: @devaephotography | florist: @flowerchild_floraldesign | dj: @funktasticproductions | musician: @thatsaxguyevents | attire: @graceandivoryofficial | catering: @violas.kitchen | hotel: @thedrakechicago | hotel: @thetalbott | other: @anomaliebeautyagency | other: @chicagocloud9limos | other: @frostchicago | other: @kaymarie53"
2817,1223,"universityclubofchicago",2026-08-13,2026-08-12,1,0.8,1,1,"https://www.instagram.com/p/Db9O5Otld8n/","https://www.instagram.com/p/Db9O5Otld8n/","photographer: @natalieprobst | planner: @bigcitybride | planner: @hansenmadison | venue: @universityclubofchicago","venue: @universityclubofchicago | planner: @bigcitybride | planner: @hansenmadison | photographer: @natalieprobst | other: @rmarkable_events"
2818,1309,"harristheaterchicago",2026-08-13,2026-08-17,4,0.588235,1,1,"https://www.instagram.com/p/Db9TJH_iBv0/","https://www.instagram.com/p/DcJQiB9EVz_/","attire: @bridalreflectionsny | attire: @galialahav | attire: @theweddingdresser | band: @elis.band | cake: @ecbg_studio | catering: @limelightcatering | content_creator: @socialbridescollective | dj: @djmetro16 | dj: @johnvincentlive | hair: @cutsbyamanda | makeup: @rarebirdbeauties | photobooth: @bugbooth | photographer: @kylejohnphoto | planner: @lolaeventpros | planner: @lolamichellev | rentals: @bbjlatavola | rentals: @brittanieahrens | rentals: @hmrdesigns | rentals: @nuagedesignsinc | rentals: @thefestivefrog | stationery: @impress_designstudio | transportation: @ridestg | transportation: @waytogolimousine | transportation: @windycitylimousine | venue: @harristheaterchicago | videographer: @highway61films","venue: @harristheaterchicago | planner: @lolaeventpros | planner: @lolamichellev | photographer: @kylejohnphoto | videographer: @highway61films | videographer: @socialbridescollective | hair: @hairbyamandakosiek | makeup: @rarebirdbeauties | dj: @johnvincentlive | dj: @successful_twan | musician: @elis.band | attire: @bridalreflectionsny | attire: @galialahav | attire: @theweddingdresser | cake: @ecbg_studio | catering: @binnysbev | catering: @limelightcatering | rentals: @bbjlatavola | rentals: @hmrdesigns | rentals: @nuagedesignsinc | rentals: @thefestivefrog | transportation: @ridestg | transportation: @waytogolimousine | transportation: @windycitylimousine | photobooth: @bugbooth | other: @frostchicago | other: @impress_designstudio | other: @vipvaletservice"
2819,1032,"therookerybuilding",2026-08-13,2026-07-30,14,0.636364,1,3,"https://www.instagram.com/p/Db-_B61jPWl/","https://www.instagram.com/p/Db-_B61jPWl/ | https://www.instagram.com/p/DbbAzY9zLu8/ | https://www.instagram.com/p/DcMGo4ZzeqG/","beauty_other: @anomaliebeautyagency | catering: @jewelleventscatering | dj: @stylemattersdjs | florist: @citychicchicago | photographer: @artbelka_photography | planner: @plan_and_gather_events | venue: @therookerybuilding | videographer: @gordino_photoandvideo","venue: @therookerybuilding | photographer: @artbelka_photography | videographer: @gordino_photoandvideo | florist: @citychicchicago | dj: @stylemattersdjs | catering: @jewelleventscatering | beauty_other: @anomaliebeautyagency | other: @art_imagination | other: @boris_piano | other: @plan_and_gather_events"
2820,1224,"galleriamarchetti",2026-08-13,2026-08-13,0,0.888889,1,1,"https://www.instagram.com/p/Db_B1tAFlFD/","https://www.instagram.com/p/Db_OtO0lDSa/","dj: @dj_john_marcopulos | florist: @stevesflowermarket | hair: @tamaraholdenhair | makeup: @torieconnmua | musician: @dgsax_ | photographer: @annamantini.photo | planner: @hampton__events | venue: @galleriamarchetti","venue: @galleriamarchetti | planner: @hampton__events | planner: @joinmostest | photographer: @annamantini.photo | florist: @stevesflowermarket | hair: @tamaraholdenhair | makeup: @torieconnmua | dj: @dj_john_marcopulos | musician: @dgsax_"
2821,1229,"deerpathinn",2026-08-13,2026-08-13,0,0.625,1,1,"https://www.instagram.com/p/Db_EuPdFu7X/","https://www.instagram.com/p/Db_EuPdFu7X/","attire: @bridesbyyoung | florist: @flowersbykh | hair: @viki.hairstylist_ | makeup: @glammedbykatejo | photographer: @foxandivory | planner: @thegildedaisleweddings | venue: @deerpathinn | videographer: @happilyeveraftercc","venue: @deerpathinn | photographer: @foxandivory | videographer: @happilyeveraftercc | hair: @viki.hairstylist_ | makeup: @glammedbykatejo"
2822,1230,"thegroveredfieldestate",2026-08-13,2026-08-13,0,0.923077,1,1,"https://www.instagram.com/p/Db_MZJcjlrS/","https://www.instagram.com/p/Db_MZJcjlrS/","attire: @ettetailor | attire: @truvellebridal | cake: @oakmillbakery | catering: @heartyboys | dj: @toastandjamdjs | florist: @anemonechicago | hair: @stylesbytarapeterson | jeweler: @brilliantearth | makeup: @bridalartistryteam | photographer: @emullinsphoto | planner: @firmlyrootedevents | venue: @thegroveredfieldestate","venue: @thegroveredfieldestate | planner: @firmlyrootedevents | photographer: @emullinsphoto | florist: @anemonechicago | hair: @stylesbytarapeterson | makeup: @bridalartistryteam | dj: @toastandjamdjs | attire: @ettetailor | attire: @truvellebridal | cake: @firecakes | cake: @oakmillbakery | catering: @heartyboys | jeweler: @brilliantearth"
2833,1262,"fourthchurch",2026-08-15,2026-08-14,1,0.769231,1,2,"https://www.instagram.com/p/DcCMFkvGmYS/","https://www.instagram.com/p/DcCMFkvGmYS/ | https://www.instagram.com/p/DcCNEPTmpsz/","attire: @leahdagloriabrides | attire: @parkandfifthco | beauty_other: @anomaliebeautyagency | cake: @bittersweetpastryshop | cake: @blackdoggelato | content_creator: @aforevermore.co | florist: @poppyflowersco | musician: @elegantmusicgroup | photographer: @_teresawilliams | planner: @weddingdaychicago | venue: @fourthchurch | venue: @theexchangechicago","venue: @fourthchurch | venue: @theexchangechicago | planner: @weddingdaychicago | videographer: @aforevermore.co | florist: @poppyflowersco | musician: @elegantmusicgroup | attire: @leahdagloriabrides | attire: @parkandfifthco | cake: @bittersweetpastryshop | cake: @blackdoggelato | beauty_other: @anomaliebeautyagency"
2841,1283,"wildmanbt",2026-08-17,2026-08-16,1,0.846154,1,1,"https://www.instagram.com/p/DcHKzYmCYVu/","https://www.instagram.com/p/DcHKzYmCYVu/","attire: @bellebridalatelier | attire: @indochino | attire: @lihihod | beauty_other: @elleartistry | cake: @flowercupcakeco | catering: @cocinafusioncatering | dj: @stylemattersdjs | jeweler: @jewelrybyjohan | photographer: @emullinsphoto | stationery: @fabledpapery | venue: @wildmanbt","venue: @gpconservatory | venue: @wildmanbt | photographer: @emullinsphoto | florist: @vrinspirations | dj: @stylemattersdjs | attire: @bellebridalatelier | attire: @indochino | attire: @lihihod | stationery: @fabledpapery | cake: @flowercupcakeco | catering: @cocinafusioncatering | jeweler: @jewelrybyjohan | beauty_other: @elleartistry"
2842,1294,"bridgeportartcenter",2026-08-17,2026-08-17,0,0.5625,3,1,"https://www.instagram.com/p/DcHl1XbDSQY/ | https://www.instagram.com/p/DcHQAxdDyL_/ | https://www.instagram.com/p/DcIIE90OSn5/","https://www.instagram.com/p/DcIIE90OSn5/","cake: @bittersweet | cake: @bittersweetpastryshop | catering: @truecuisine | content_creator: @capturedbyamymichelle | dj: @greenline | florist: @flowersfordreams | hair: @magnificentbrides | makeup: @feeling_pretty_inc | musician: @parkweststrings | photographer: @candacesimsphoto | planner: @honorary.bridesmaid | venue: @bridgeportartcenter","venue: @bridgeportartcenter | photographer: @candacesimsphoto | videographer: @capturedbyamymichelle | florist: @flowersfordreams | hair: @magnificentbrides | makeup: @feeling_pretty_inc | dj: @greenline | musician: @parkweststrings | cake: @bittersweet | catering: @truecuisine | other: @artofimagination | other: @honorary.bridesmaid | other: @venuelogic"
2844,1308,"chicagoathletichotel",2026-08-17,2026-08-17,0,0.733333,1,2,"https://www.instagram.com/p/DcHvtTLCel2/","https://www.instagram.com/p/DcHvtTLCel2/ | https://www.instagram.com/p/DcJa-kMN5-k/","cake: @cake_chicago | dj: @djaumir | dj: @thedjfirm | florist: @ashaddevents | hair: @glamatelierchicago | photographer: @joylynphoto | planner: @lolaeventpros | planner: @lolanicolew | rentals: @bbjlatavola | venue: @chicagoathletichotel | videographer: @lvcasmedia","venue: @chicagoathletichotel | planner: @ashaddevents | planner: @lolaeventpros | planner: @lolanicolew | photographer: @joylynphoto | videographer: @lvcasmedia | florist: @ashaddevents | hair: @glamatelierchicago | dj: @djaumir | dj: @thedjfirm | cake: @cake_chicago | rentals: @bbjlatavola | beauty_other: @glamatelierchicago | other: @lolanicolew | other: @unnatizart"
2845,1303,"post433events",2026-08-17,2026-08-17,0,0.8,1,1,"https://www.instagram.com/p/DcHxf8QjHHP/","https://www.instagram.com/p/DcHxf8QjHHP/","florist: @lifeinbloom | photographer: @cristinagphoto | planner: @designereventchicago | venue: @post433events","venue: @post433events | planner: @designereventchicago | photographer: @cristinagphoto | florist: @lifeinbloom | other: @frostchicago"
2847,1291,"rockwellontheriver",2026-08-17,2026-08-17,0,1,1,1,"https://www.instagram.com/p/DcJjCu3FO1y/","https://www.instagram.com/p/DcJjCu3FO1y/","attire: @newhite_bridal | attire: @theblacktux | catering: @cateredbydesign | dj: @greenfourteenchicago | florist: @hedoniaflowers | hair: @emilyraebridalhair | hotel: @thehotelatmidtown | jeweler: @brilliantearth | makeup: @alyssadianamakeup | photographer: @emullinsphoto | planner: @event_shoppe_chi | venue: @rockwellontheriver","venue: @rockwellontheriver | planner: @event_shoppe_chi | photographer: @emullinsphoto | florist: @hedoniaflowers | hair: @emilyraebridalhair | makeup: @alyssadianamakeup | dj: @greenfourteenchicago | attire: @newhite_bridal | attire: @theblacktux | catering: @cateredbydesign | hotel: @thehotelatmidtown | jeweler: @brilliantearth"
2852,1346,"sarabandechicago",2026-08-18,2026-08-18,0,0.7,1,1,"https://www.instagram.com/p/DcLdPPAnLuQ/","https://www.instagram.com/p/DcLdPPAnLuQ/","attire: @kathrynsbridal | attire: @morileeofficial | florist: @lovelushevents | hair: @stylezbyzoeee | makeup: @makeupbyangelical | photographer: @michaelbrandonmedia | venue: @sarabandechicago","venue: @sarabandechicago | photographer: @michaelbrandonmedia | florist: @lovelushevents | hair: @stylezbyzoeee | makeup: @makeupbyangelical | attire: @kathrynsbridal | attire: @morileeofficial | other: @giannamrintz | other: @jacobrintz | other: @jesses_gelato"
2855,1322,"chicagobotanic",2026-08-18,2026-08-18,0,0.625,1,1,"https://www.instagram.com/p/DcKvXddFe0Z/","https://www.instagram.com/p/DcMGvn0lNO3/","cake: @ecbg_studio | dj: @okynegroup | florist: @yannidesignstudio | hair: @rarebirdbeauties | makeup: @suz_sabat_mua | photographer: @cristinagphoto | planner: @afterglowweddingsandevents | venue: @chicagobotanic","venue: @chicagobotanic | planner: @afterglowweddingsandevents | photographer: @cristinagphoto | florist: @yannidesignstudio | dj: @okynegroup"
2856,1323,"chicagoculturalcenter",2026-08-18,2026-08-18,0,0.833333,2,2,"https://www.instagram.com/p/DcLzIx5kZK8/ | https://www.instagram.com/p/DcPan7QETNp/","https://www.instagram.com/p/DcLzIx5kZK8/ | https://www.instagram.com/p/DcPan7QETNp/","cake: @bittersweetpastryshop | catering: @cateristchicago | florist: @mayfloral | hair: @magnificentbrides | makeup: @makeupby_alexcaputi | photobooth: @photocue_rentals | photographer: @m.w.collective | planner: @faith.wbjf | rentals: @yellowshoeseventrentals | venue: @chicagoculturalcenter","venue: @chicagoculturalcenter | planner: @faith.wbjf | photographer: @leahstarkeyphoto | photographer: @m.w.collective | florist: @mayfloral | hair: @magnificentbrides | makeup: @makeupby_alexcaputi | cake: @bittersweetpastryshop | catering: @cateristchicago | rentals: @drapekings | rentals: @yellowshoeseventrentals | photobooth: @photocue_rentals"
2858,1327,"fieldmuseum",2026-08-18,2026-08-18,0,0.7,1,1,"https://www.instagram.com/p/DcMNAYHkRgc/","https://www.instagram.com/p/DcMNAYHkRgc/","cake: @ecbg_studio | catering: @blueplatechicago | dj: @mattroan | florist: @hmrdesigns | florist: @twbaker.events | hair: @glamatelierchicago | musician: @northsidebrassmusicco | officiant: @revbethweddings | photographer: @mariahjonesphoto | planner: @detailschi | rentals: @bbjlatavola | venue: @fieldmuseum | venue: @fieldmuseumspecialevents | videographer: @foreverhellofilms","venue: @fieldmuseum | venue: @fieldmuseumspecialevents | planner: @detailschi | photographer: @mariahjonesphoto | videographer: @foreverhellofilms | florist: @hmrdesigns | florist: @twbaker.events | hair: @glamatelierchicago | dj: @mattroan | musician: @northsidebrassmusicco | cake: @ecbg_studio | catering: @blueplatechicago | rentals: @bbjlatavola | officiant: @revbethweddings | other: @blackcandydesign | other: @frostchicago | other: @maison__blanche__ | other: @supersittersofficial | other: @tillyraeco | other: @vipvalet"
